id,message,active_topic_name,current_topic_names,previous_user_messages,extracted_label,topic_reference_type,confidence,needs_human_review,reviewer_notes
topic_label_v3_2_added_00001,I am confused about engines.,,,,Engines,explicit_topic_reference,0.94,True,
topic_label_v3_2_added_00002,"engines are the thing I don't get yet, especially what makes them actually work.",,,,Engines,explicit_topic_reference,0.94,True,
topic_label_v3_2_added_00003,Where would someone even start with derivatives?,,,,Derivatives,explicit_topic_reference,0.93,True,
topic_label_v3_2_added_00004,The actual concept of light being a wave and a particle doesn't make sense to me. Like how can it be both?,,,,Light as a Wave and Particle,explicit_topic_reference,0.95,True,
topic_label_v3_2_added_00005,"If there is a way to learn about trigonometry in an easy way, I'd love to know.",,,,Trigonometry,explicit_topic_reference,0.94,True,
topic_label_v3_2_added_00006,What would be the easiest way to begin trigonometry without getting lost immediately?,,,,Trigonometry,explicit_topic_reference,0.90,True,
topic_label_v3_2_added_00007,Could we make Unit Circle less mysterious?,,,,Unit Circle,explicit_topic_reference,0.94,True,
topic_label_v3_2_added_00008,"I keep hearing about Light as a Wave and Particle, but I don't have a mental picture for it.",,,,Light as a Wave and Particle,explicit_topic_reference,0.91,True,
topic_label_v3_2_added_00009,Explain Protein Folding like I'm missing the first building block.,,,,Protein Folding,explicit_topic_reference,0.95,True,
topic_label_v3_2_added_00010,Could we make Typography less mysterious?,,,,Typography,explicit_topic_reference,0.92,True,
topic_label_v3_2_added_00011,"I keep hearing about Blood Pressure Regulation, but I don't have a mental picture for it.",,,,Blood Pressure Regulation,explicit_topic_reference,0.90,True,
topic_label_v3_2_added_00012,Where would someone even start with Thesis Statements?,,,,Thesis Statements,explicit_topic_reference,0.91,True,
topic_label_v3_2_added_00013,"If you had to teach me Reinforcement Learning gently, where would you start?",,,,Reinforcement Learning,explicit_topic_reference,0.93,True,
topic_label_v3_2_added_00014,I'm staring at Entropy and it feels like random words.,,,,Entropy,explicit_topic_reference,0.94,True,
topic_label_v3_2_added_00015,Could we make Vaccine Mechanisms less mysterious?,,,,Vaccine Mechanisms,explicit_topic_reference,0.97,True,
topic_label_v3_2_added_00016,"If you had to teach me Caching gently, where would you start?",,,,Caching,explicit_topic_reference,0.96,True,
topic_label_v3_2_added_00017,I'm staring at Gesture Drawing and it feels like random words.,,,,Gesture Drawing,explicit_topic_reference,0.92,True,
topic_label_v3_2_added_00018,"I keep hearing about Break-Even Point, but I don't have a mental picture for it.",,,,Break-Even Point,explicit_topic_reference,0.95,True,
topic_label_v3_2_added_00019,Can we build up Conversation Repair from the ground level?,,,,Conversation Repair,explicit_topic_reference,0.90,True,
topic_label_v3_2_added_00020,Can we build up Promise Chains from the ground level?,,,,Promise Chains,explicit_topic_reference,0.93,True,
topic_label_v3_2_added_00021,I'm lost on Reinforcement Learning; the name is familiar but the idea is not.,,,,Reinforcement Learning,explicit_topic_reference,0.94,True,
topic_label_v3_2_added_00022,Could we make Liability less mysterious?,,,,Liability,explicit_topic_reference,0.96,True,
topic_label_v3_2_added_00023,"This might be basic, but what does TypeScript Generics mean?",,,,TypeScript Generics,explicit_topic_reference,0.97,True,
topic_label_v3_2_added_00024,"For today, I want to learn Gene Expression.",,,,Gene Expression,explicit_topic_reference,0.92,True,
topic_label_v3_2_added_00025,"This might be basic, but what does Civil Liberties vs Civil Rights mean?",,,,Civil Liberties vs Civil Rights,explicit_topic_reference,0.97,True,
topic_label_v3_2_added_00026,"Before anything else, Spanish Pronouns is confusing me.",,,,Spanish Pronouns,explicit_topic_reference,0.97,True,
topic_label_v3_2_added_00027,Can we build up Lifetime Value from the ground level?,,,,Lifetime Value,explicit_topic_reference,0.95,True,
topic_label_v3_2_added_00028,"No idea if I'm wording this right, but Confirmation Bias is the thing I want to understand.",,,,Confirmation Bias,explicit_topic_reference,0.97,True,
topic_label_v3_2_added_00029,I'm staring at Ser vs Estar and it feels like random words.,,,,Ser vs Estar,explicit_topic_reference,0.95,True,
topic_label_v3_2_added_00030,Where would someone even start with Moral Luck?,,,,Moral Luck,explicit_topic_reference,0.93,True,
topic_label_v3_2_added_00031,"I keep hearing about Probability Distributions, but I don't have a mental picture for it.",,,,Probability Distributions,explicit_topic_reference,0.92,True,
topic_label_v3_2_added_00032,Where would someone even start with Preterite vs Imperfect?,,,,Preterite vs Imperfect,explicit_topic_reference,0.95,True,
topic_label_v3_2_added_00033,"Maybe this is obvious, but Renewable Energy Grid doesn't make sense to me yet.",,,,Renewable Energy Grid,explicit_topic_reference,0.91,True,
topic_label_v3_2_added_00034,"This might be basic, but what does React State mean?",,,,React State,explicit_topic_reference,0.98,True,
topic_label_v3_2_added_00035,Not sure where to begin: Geothermal Energy.,,,,Geothermal Energy,explicit_topic_reference,0.96,True,
topic_label_v3_2_added_00036,"If you had to teach me Color Contrast gently, where would you start?",,,,Color Contrast,explicit_topic_reference,0.95,True,
topic_label_v3_2_added_00037,"Before anything else, Opportunity Cost is confusing me.",,,,Opportunity Cost,explicit_topic_reference,0.92,True,
topic_label_v3_2_added_00038,Where would someone even start with Cloud Formation?,,,,Cloud Formation,explicit_topic_reference,0.95,True,
topic_label_v3_2_added_00039,I am confused about Entropy.,,,,Entropy,explicit_topic_reference,0.93,True,
topic_label_v3_2_added_00040,Can we build up Reinforcement Learning from the ground level?,,,,Reinforcement Learning,explicit_topic_reference,0.97,True,
topic_label_v3_2_added_00041,I'm staring at French Pronunciation and it feels like random words.,,,,French Pronunciation,explicit_topic_reference,0.91,True,
topic_label_v3_2_added_00042,"CSS Specificity is the thing I need help with, not anything around it.",,,,CSS Specificity,explicit_topic_reference,0.91,True,
topic_label_v3_2_added_00043,"This might be basic, but what does French Pronunciation mean?",,,,French Pronunciation,explicit_topic_reference,0.94,True,
topic_label_v3_2_added_00044,"No idea if I'm wording this right, but Promise Chains is the thing I want to understand.",,,,Promise Chains,explicit_topic_reference,0.97,True,
topic_label_v3_2_added_00045,I am confused about Civil Liberties vs Civil Rights.,,,,Civil Liberties vs Civil Rights,explicit_topic_reference,0.94,True,
topic_label_v3_2_added_00046,"Maybe this is obvious, but Quadratic Functions doesn't make sense to me yet.",,,,Quadratic Functions,explicit_topic_reference,0.90,True,
topic_label_v3_2_added_00047,"Before anything else, React State is confusing me.",,,,React State,explicit_topic_reference,0.92,True,
topic_label_v3_2_added_00048,The concept that keeps throwing me off is Gesture Drawing.,,,,Gesture Drawing,explicit_topic_reference,0.93,True,
topic_label_v3_2_added_00049,I am confused about Inductive Reasoning.,,,,Inductive Reasoning,explicit_topic_reference,0.97,True,
topic_label_v3_2_added_00050,Not sure where to begin: Liability.,,,,Liability,explicit_topic_reference,0.94,True,
topic_label_v3_2_added_00051,Explain Circuit Breakers like I'm missing the first building block.,,,,Circuit Breakers,explicit_topic_reference,0.95,True,
topic_label_v3_2_added_00052,Where would someone even start with Supply and Demand?,,,,Supply and Demand,explicit_topic_reference,0.95,True,
topic_label_v3_2_added_00053,I'm lost on Blood Pressure Regulation; the name is familiar but the idea is not.,,,,Blood Pressure Regulation,explicit_topic_reference,0.98,True,
topic_label_v3_2_added_00054,The part I keep circling around is Air Pressure Systems; I can't make it click yet.,,,,Air Pressure Systems,explicit_topic_reference,0.92,True,
topic_label_v3_2_added_00055,"Maybe this is obvious, but Storyboarding doesn't make sense to me yet.",,,,Storyboarding,explicit_topic_reference,0.90,True,
topic_label_v3_2_added_00056,"For today, I want to learn Caching.",,,,Caching,explicit_topic_reference,0.94,True,
topic_label_v3_2_added_00057,Can we build up Correlation vs Causation from the ground level?,,,,Correlation vs Causation,explicit_topic_reference,0.98,True,
topic_label_v3_2_added_00058,"This might be basic, but what does Light as a Wave and Particle mean?",,,,Light as a Wave and Particle,explicit_topic_reference,0.92,True,
topic_label_v3_2_added_00059,"What is Ser vs Estar, actually?",,,,Ser vs Estar,explicit_topic_reference,0.93,True,
topic_label_v3_2_added_00060,"What is Systems of Equations, actually?",,,,Systems of Equations,explicit_topic_reference,0.96,True,
topic_label_v3_2_added_00061,The part I keep circling around is Geothermal Energy; I can't make it click yet.,,,,Geothermal Energy,explicit_topic_reference,0.93,True,
topic_label_v3_2_added_00062,"I keep hearing about Promise Chains, but I don't have a mental picture for it.",,,,Promise Chains,explicit_topic_reference,0.93,True,
topic_label_v3_2_added_00063,I'm lost on Sodium-Potassium Pump; the name is familiar but the idea is not.,,,,Sodium-Potassium Pump,explicit_topic_reference,0.90,True,
topic_label_v3_2_added_00064,"Before anything else, Preterite vs Imperfect is confusing me.",,,,Preterite vs Imperfect,explicit_topic_reference,0.90,True,
topic_label_v3_2_added_00065,Could we make Rhythm in Music less mysterious?,,,,Rhythm in Music,explicit_topic_reference,0.95,True,
topic_label_v3_2_added_00066,"Before anything else, Air Pressure Systems is confusing me.",,,,Air Pressure Systems,explicit_topic_reference,0.94,True,
topic_label_v3_2_added_00067,Start me from zero on Reinforcement Learning.,,,,Reinforcement Learning,explicit_topic_reference,0.97,True,
topic_label_v3_2_added_00068,"I keep hearing about Light as a Wave and Particle, but I don't have a mental picture for it.",,,,Light as a Wave and Particle,explicit_topic_reference,0.91,True,
topic_label_v3_2_added_00069,"I keep hearing about Close Reading, but I don't have a mental picture for it.",,,,Close Reading,explicit_topic_reference,0.93,True,
topic_label_v3_2_added_00070,I'm lost on Confirmation Bias; the name is familiar but the idea is not.,,,,Confirmation Bias,explicit_topic_reference,0.92,True,
topic_label_v3_2_added_00071,"If you had to teach me Caching gently, where would you start?",,,,Caching,explicit_topic_reference,0.90,True,
topic_label_v3_2_added_00072,I am confused about Protein Folding.,,,,Protein Folding,explicit_topic_reference,0.97,True,
topic_label_v3_2_added_00073,"If you had to teach me Air Pressure Systems gently, where would you start?",,,,Air Pressure Systems,explicit_topic_reference,0.98,True,
topic_label_v3_2_added_00074,Not sure where to begin: Opportunity Cost.,,,,Opportunity Cost,explicit_topic_reference,0.97,True,
topic_label_v3_2_added_00075,"No idea if I'm wording this right, but Working Memory is the thing I want to understand.",,,,Working Memory,explicit_topic_reference,0.93,True,
topic_label_v3_2_added_00076,"For today, I want to learn Deductive Reasoning.",,,,Deductive Reasoning,explicit_topic_reference,0.90,True,
topic_label_v3_2_added_00077,I'm lost on Typography; the name is familiar but the idea is not.,,,,Typography,explicit_topic_reference,0.97,True,
topic_label_v3_2_added_00078,Not sure where to begin: Photosynthesis.,,,,Photosynthesis,explicit_topic_reference,0.93,True,
topic_label_v3_2_added_00079,"What is Inflation, actually?",,,,Inflation,explicit_topic_reference,0.91,True,
topic_label_v3_2_added_00080,Explain Watersheds like I'm missing the first building block.,,,,Watersheds,explicit_topic_reference,0.95,True,
topic_label_v3_2_added_00081,I am confused about Logarithms.,,,,Logarithms,explicit_topic_reference,0.97,True,
topic_label_v3_2_added_00082,Where would someone even start with Active Voice vs Passive Voice?,,,,Active Voice vs Passive Voice,explicit_topic_reference,0.97,True,
topic_label_v3_2_added_00083,"This might be basic, but what does Conversion Funnel mean?",,,,Conversion Funnel,explicit_topic_reference,0.97,True,
topic_label_v3_2_added_00084,Start me from zero on Ser vs Estar.,,,,Ser vs Estar,explicit_topic_reference,0.92,True,
topic_label_v3_2_added_00085,Start me from zero on Plea Bargains.,,,,Plea Bargains,explicit_topic_reference,0.97,True,
topic_label_v3_2_added_00086,Can we build up Perspective Drawing from the ground level?,,,,Perspective Drawing,explicit_topic_reference,0.91,True,
topic_label_v3_2_added_00087,Where would someone even start with TypeScript Generics?,,,,TypeScript Generics,explicit_topic_reference,0.91,True,
topic_label_v3_2_added_00088,Where would someone even start with French Pronunciation?,,,,French Pronunciation,explicit_topic_reference,0.95,True,
topic_label_v3_2_added_00089,Where would someone even start with French Pronunciation?,,,,French Pronunciation,explicit_topic_reference,0.93,True,
topic_label_v3_2_added_00090,Can we build up Reading Comprehension from the ground level?,,,,Reading Comprehension,explicit_topic_reference,0.92,True,
topic_label_v3_2_added_00091,Where would someone even start with Electricity?,,,,Electricity,explicit_topic_reference,0.94,True,
topic_label_v3_2_added_00092,"What is French Pronunciation, actually?",,,,French Pronunciation,explicit_topic_reference,0.95,True,
topic_label_v3_2_added_00093,"If you had to teach me Primary vs Secondary Sources gently, where would you start?",,,,Primary vs Secondary Sources,explicit_topic_reference,0.94,True,
topic_label_v3_2_added_00094,"Bayes Theorem is the thing I need help with, not anything around it.",,,,Bayes Theorem,explicit_topic_reference,0.90,True,
topic_label_v3_2_added_00095,"If you had to teach me Watersheds gently, where would you start?",,,,Watersheds,explicit_topic_reference,0.96,True,
topic_label_v3_2_added_00096,The concept that keeps throwing me off is Credit Scores.,,,,Credit Scores,explicit_topic_reference,0.96,True,
topic_label_v3_2_added_00097,Not sure where to begin: Close Reading.,,,,Close Reading,explicit_topic_reference,0.96,True,
topic_label_v3_2_added_00098,I'm staring at Active Voice vs Passive Voice and it feels like random words.,,,,Active Voice vs Passive Voice,explicit_topic_reference,0.95,True,
topic_label_v3_2_added_00099,"Maybe this is obvious, but Moral Luck doesn't make sense to me yet.",,,,Moral Luck,explicit_topic_reference,0.93,True,
topic_label_v3_2_added_00100,The concept that keeps throwing me off is Osmosis.,,,,Osmosis,explicit_topic_reference,0.96,True,
topic_label_v3_2_added_00101,I am confused about Promise Chains.,,,,Promise Chains,explicit_topic_reference,0.92,True,
topic_label_v3_2_added_00102,Explain Vaccine Mechanisms like I'm missing the first building block.,,,,Vaccine Mechanisms,explicit_topic_reference,0.93,True,
topic_label_v3_2_added_00103,Start me from zero on Perspective Drawing.,,,,Perspective Drawing,explicit_topic_reference,0.91,True,
topic_label_v3_2_added_00104,"I keep hearing about Mitosis vs Meiosis, but I don't have a mental picture for it.",,,,Mitosis vs Meiosis,explicit_topic_reference,0.97,True,
topic_label_v3_2_added_00105,Explain CSS Specificity like I'm missing the first building block.,,,,CSS Specificity,explicit_topic_reference,0.92,True,
topic_label_v3_2_added_00106,"For today, I want to learn Sodium-Potassium Pump.",,,,Sodium-Potassium Pump,explicit_topic_reference,0.97,True,
topic_label_v3_2_added_00107,Start me from zero on Liability.,,,,Liability,explicit_topic_reference,0.91,True,
topic_label_v3_2_added_00108,Could we make Thesis Statements less mysterious?,,,,Thesis Statements,explicit_topic_reference,0.97,True,
topic_label_v3_2_added_00109,Where would someone even start with Profit Margin?,,,,Profit Margin,explicit_topic_reference,0.96,True,
topic_label_v3_2_added_00110,"For today, I want to learn French Pronunciation.",,,,French Pronunciation,explicit_topic_reference,0.96,True,
topic_label_v3_2_added_00111,The part I keep circling around is Moral Luck; I can't make it click yet.,,,,Moral Luck,explicit_topic_reference,0.98,True,
topic_label_v3_2_added_00112,Explain Free Body Diagrams like I'm missing the first building block.,,,,Free Body Diagrams,explicit_topic_reference,0.92,True,
topic_label_v3_2_added_00113,"Before anything else, Reading Comprehension is confusing me.",,,,Reading Comprehension,explicit_topic_reference,0.98,True,
topic_label_v3_2_added_00114,"Maybe this is obvious, but Torque doesn't make sense to me yet.",,,,Torque,explicit_topic_reference,0.98,True,
topic_label_v3_2_added_00115,"I keep hearing about Privacy Rights, but I don't have a mental picture for it.",,,,Privacy Rights,explicit_topic_reference,0.98,True,
topic_label_v3_2_added_00116,Explain Normal Distribution like I'm missing the first building block.,,,,Normal Distribution,explicit_topic_reference,0.93,True,
topic_label_v3_2_added_00117,"No idea if I'm wording this right, but Renewable Energy Grid is the thing I want to understand.",,,,Renewable Energy Grid,explicit_topic_reference,0.94,True,
topic_label_v3_2_added_00118,Could we make Working Memory less mysterious?,,,,Working Memory,explicit_topic_reference,0.92,True,
topic_label_v3_2_added_00119,Not sure where to begin: Reinforcement Learning.,,,,Reinforcement Learning,explicit_topic_reference,0.95,True,
topic_label_v3_2_added_00120,The concept that keeps throwing me off is Sodium-Potassium Pump.,,,,Sodium-Potassium Pump,explicit_topic_reference,0.91,True,
topic_label_v3_2_added_00121,"If you had to teach me Ecological Succession gently, where would you start?",,,,Ecological Succession,explicit_topic_reference,0.97,True,
topic_label_v3_2_added_00122,"Maybe this is obvious, but Homeostasis doesn't make sense to me yet.",,,,Homeostasis,explicit_topic_reference,0.93,True,
topic_label_v3_2_added_00123,I am confused about Break-Even Point.,,,,Break-Even Point,explicit_topic_reference,0.93,True,
topic_label_v3_2_added_00124,"Before anything else, Gene Expression is confusing me.",,,,Gene Expression,explicit_topic_reference,0.93,True,
topic_label_v3_2_added_00125,"I keep hearing about Entropy, but I don't have a mental picture for it.",,,,Entropy,explicit_topic_reference,0.93,True,
topic_label_v3_2_added_00126,I'm staring at Regression Lines and it feels like random words.,,,,Regression Lines,explicit_topic_reference,0.91,True,
topic_label_v3_2_added_00127,The part I keep circling around is Credit Scores; I can't make it click yet.,,,,Credit Scores,explicit_topic_reference,0.90,True,
topic_label_v3_2_added_00128,Explain Caching like I'm missing the first building block.,,,,Caching,explicit_topic_reference,0.95,True,
topic_label_v3_2_added_00129,I'm lost on Conversion Funnel; the name is familiar but the idea is not.,,,,Conversion Funnel,explicit_topic_reference,0.98,True,
topic_label_v3_2_added_00130,Start me from zero on Caching.,,,,Caching,explicit_topic_reference,0.97,True,
topic_label_v3_2_added_00131,Where would someone even start with Mitosis vs Meiosis?,,,,Mitosis vs Meiosis,explicit_topic_reference,0.95,True,
topic_label_v3_2_added_00132,"If you had to teach me Action Potentials gently, where would you start?",,,,Action Potentials,explicit_topic_reference,0.94,True,
topic_label_v3_2_added_00133,I'm staring at Derivatives and it feels like random words.,,,,Derivatives,explicit_topic_reference,0.96,True,
topic_label_v3_2_added_00134,"This might be basic, but what does Break-Even Point mean?",,,,Break-Even Point,explicit_topic_reference,0.95,True,
topic_label_v3_2_added_00135,"For today, I want to learn Watersheds.",,,,Watersheds,explicit_topic_reference,0.94,True,
topic_label_v3_2_added_00136,The concept that keeps throwing me off is Perspective Drawing.,,,,Perspective Drawing,explicit_topic_reference,0.94,True,
topic_label_v3_2_added_00137,"No idea if I'm wording this right, but Contract Law Basics is the thing I want to understand.",,,,Contract Law Basics,explicit_topic_reference,0.97,True,
topic_label_v3_2_added_00138,Where would someone even start with Quadratic Functions?,,,,Quadratic Functions,explicit_topic_reference,0.92,True,
topic_label_v3_2_added_00139,Explain Electoral College like I'm missing the first building block.,,,,Electoral College,explicit_topic_reference,0.92,True,
topic_label_v3_2_added_00140,"For today, I want to learn Torque.",,,,Torque,explicit_topic_reference,0.97,True,
topic_label_v3_2_added_00141,Not sure where to begin: Emotional Regulation.,,,,Emotional Regulation,explicit_topic_reference,0.93,True,
topic_label_v3_2_added_00142,Could we make Perspective Drawing less mysterious?,,,,Perspective Drawing,explicit_topic_reference,0.90,True,
topic_label_v3_2_added_00143,The part I keep circling around is Cloud Formation; I can't make it click yet.,,,,Cloud Formation,explicit_topic_reference,0.94,True,
topic_label_v3_2_added_00144,Not sure where to begin: Logical Fallacies.,,,,Logical Fallacies,explicit_topic_reference,0.93,True,
topic_label_v3_2_added_00145,"For today, I want to learn API Authentication.",,,,API Authentication,explicit_topic_reference,0.97,True,
topic_label_v3_2_added_00146,"I keep hearing about Sodium-Potassium Pump, but I don't have a mental picture for it.",,,,Sodium-Potassium Pump,explicit_topic_reference,0.97,True,
topic_label_v3_2_added_00147,"If you had to teach me OAuth Flow gently, where would you start?",,,,OAuth Flow,explicit_topic_reference,0.91,True,
topic_label_v3_2_added_00148,Where would someone even start with Compound Interest?,,,,Compound Interest,explicit_topic_reference,0.90,True,
topic_label_v3_2_added_00149,"Before anything else, TypeScript Generics is confusing me.",,,,TypeScript Generics,explicit_topic_reference,0.92,True,
topic_label_v3_2_added_00150,"If you had to teach me Plea Bargains gently, where would you start?",,,,Plea Bargains,explicit_topic_reference,0.96,True,
topic_label_v3_2_added_00151,I'm lost on CSS Specificity; the name is familiar but the idea is not.,,,,CSS Specificity,explicit_topic_reference,0.97,True,
topic_label_v3_2_added_00152,Not sure where to begin: Color Contrast.,,,,Color Contrast,explicit_topic_reference,0.95,True,
topic_label_v3_2_added_00153,I am confused about Action Potentials.,,,,Action Potentials,explicit_topic_reference,0.93,True,
topic_label_v3_2_added_00154,Can we build up Ser vs Estar from the ground level?,,,,Ser vs Estar,explicit_topic_reference,0.90,True,
topic_label_v3_2_added_00155,"For today, I want to learn Emotional Regulation.",,,,Emotional Regulation,explicit_topic_reference,0.96,True,
topic_label_v3_2_added_00156,I am confused about Unit Circle.,,,,Unit Circle,explicit_topic_reference,0.92,True,
topic_label_v3_2_added_00157,"No idea if I'm wording this right, but Camera Aperture is the thing I want to understand.",,,,Camera Aperture,explicit_topic_reference,0.98,True,
topic_label_v3_2_added_00158,"Judicial Review is the thing I need help with, not anything around it.",,,,Judicial Review,explicit_topic_reference,0.92,True,
topic_label_v3_2_added_00159,"This might be basic, but what does Perspective Drawing mean?",,,,Perspective Drawing,explicit_topic_reference,0.97,True,
topic_label_v3_2_added_00160,I'm staring at Composition in Photography and it feels like random words.,,,,Composition in Photography,explicit_topic_reference,0.95,True,
topic_label_v3_2_added_00161,"French Pronunciation is the thing I need help with, not anything around it.",,,,French Pronunciation,explicit_topic_reference,0.97,True,
topic_label_v3_2_added_00162,"I keep hearing about Rhythm in Music, but I don't have a mental picture for it.",,,,Rhythm in Music,explicit_topic_reference,0.94,True,
topic_label_v3_2_added_00163,"For today, I want to learn Conversion Funnel.",,,,Conversion Funnel,explicit_topic_reference,0.98,True,
topic_label_v3_2_added_00164,"Before anything else, Plea Bargains is confusing me.",,,,Plea Bargains,explicit_topic_reference,0.94,True,
topic_label_v3_2_added_00165,The concept that keeps throwing me off is Regression Lines.,,,,Regression Lines,explicit_topic_reference,0.92,True,
topic_label_v3_2_added_00166,"I keep hearing about Close Reading, but I don't have a mental picture for it.",,,,Close Reading,explicit_topic_reference,0.95,True,
topic_label_v3_2_added_00167,I am confused about OAuth Flow.,,,,OAuth Flow,explicit_topic_reference,0.97,True,
topic_label_v3_2_added_00168,"Before anything else, Bayes Theorem is confusing me.",,,,Bayes Theorem,explicit_topic_reference,0.95,True,
topic_label_v3_2_added_00169,"For today, I want to learn Insurance Deductibles.",,,,Insurance Deductibles,explicit_topic_reference,0.92,True,
topic_label_v3_2_added_00170,"This might be basic, but what does Greenhouse Effect mean?",,,,Greenhouse Effect,explicit_topic_reference,0.97,True,
topic_label_v3_2_added_00171,"What is Systems of Equations, actually?",,,,Systems of Equations,explicit_topic_reference,0.96,True,
topic_label_v3_2_added_00172,Could we make Inductive Reasoning less mysterious?,,,,Inductive Reasoning,explicit_topic_reference,0.95,True,
topic_label_v3_2_added_00173,Start me from zero on API Authentication.,,,,API Authentication,explicit_topic_reference,0.96,True,
topic_label_v3_2_added_00174,Could we make Working Memory less mysterious?,,,,Working Memory,explicit_topic_reference,0.95,True,
topic_label_v3_2_added_00175,"No idea if I'm wording this right, but Working Memory is the thing I want to understand.",,,,Working Memory,explicit_topic_reference,0.94,True,
topic_label_v3_2_added_00176,"For today, I want to learn Systems of Equations.",,,,Systems of Equations,explicit_topic_reference,0.97,True,
topic_label_v3_2_added_00177,"This might be basic, but what does OAuth Flow mean?",,,,OAuth Flow,explicit_topic_reference,0.94,True,
topic_label_v3_2_added_00178,"Maybe this is obvious, but Storyboarding doesn't make sense to me yet.",,,,Storyboarding,explicit_topic_reference,0.94,True,
topic_label_v3_2_added_00179,Could we make Immune Response less mysterious?,,,,Immune Response,explicit_topic_reference,0.93,True,
topic_label_v3_2_added_00180,"If you had to teach me Systems of Equations gently, where would you start?",,,,Systems of Equations,explicit_topic_reference,0.95,True,
topic_label_v3_2_added_00181,"No idea if I'm wording this right, but Logical Fallacies is the thing I want to understand.",,,,Logical Fallacies,explicit_topic_reference,0.91,True,
topic_label_v3_2_added_00182,I'm staring at Normal Distribution and it feels like random words.,,,,Normal Distribution,explicit_topic_reference,0.98,True,
topic_label_v3_2_added_00183,"Before anything else, OAuth Flow is confusing me.",,,,OAuth Flow,explicit_topic_reference,0.93,True,
topic_label_v3_2_added_00184,"Maybe this is obvious, but Sodium-Potassium Pump doesn't make sense to me yet.",,,,Sodium-Potassium Pump,explicit_topic_reference,0.94,True,
topic_label_v3_2_added_00185,I'm lost on Storyboarding; the name is familiar but the idea is not.,,,,Storyboarding,explicit_topic_reference,0.97,True,
topic_label_v3_2_added_00186,Where would someone even start with OAuth Flow?,,,,OAuth Flow,explicit_topic_reference,0.95,True,
topic_label_v3_2_added_00187,"If you had to teach me Promise Chains gently, where would you start?",,,,Promise Chains,explicit_topic_reference,0.95,True,
topic_label_v3_2_added_00188,Start me from zero on Rhythm in Music.,,,,Rhythm in Music,explicit_topic_reference,0.93,True,
topic_label_v3_2_added_00189,"Before anything else, Inflation is confusing me.",,,,Inflation,explicit_topic_reference,0.96,True,
topic_label_v3_2_added_00190,Can we build up Blood Pressure Regulation from the ground level?,,,,Blood Pressure Regulation,explicit_topic_reference,0.97,True,
topic_label_v3_2_added_00191,The part I keep circling around is API Authentication; I can't make it click yet.,,,,API Authentication,explicit_topic_reference,0.93,True,
topic_label_v3_2_added_00192,I'm staring at Conversion Funnel and it feels like random words.,,,,Conversion Funnel,explicit_topic_reference,0.95,True,
topic_label_v3_2_added_00193,"For today, I want to learn Shading Values.",,,,Shading Values,explicit_topic_reference,0.91,True,
topic_label_v3_2_added_00194,"I keep hearing about Promise Chains, but I don't have a mental picture for it.",,,,Promise Chains,explicit_topic_reference,0.92,True,
topic_label_v3_2_added_00195,Explain Reinforcement Learning like I'm missing the first building block.,,,,Reinforcement Learning,explicit_topic_reference,0.95,True,
topic_label_v3_2_added_00196,"Before anything else, Judicial Review is confusing me.",,,,Judicial Review,explicit_topic_reference,0.91,True,
topic_label_v3_2_added_00197,"Maybe this is obvious, but Rhythm in Music doesn't make sense to me yet.",,,,Rhythm in Music,explicit_topic_reference,0.98,True,
topic_label_v3_2_added_00198,Start me from zero on Working Memory.,,,,Working Memory,explicit_topic_reference,0.92,True,
topic_label_v3_2_added_00199,Not sure where to begin: Symbolism.,,,,Symbolism,explicit_topic_reference,0.95,True,
topic_label_v3_2_added_00200,I'm staring at Circuit Breakers and it feels like random words.,,,,Circuit Breakers,explicit_topic_reference,0.94,True,
topic_label_v3_2_added_00201,I'm lost on Mitosis vs Meiosis; the name is familiar but the idea is not.,,,,Mitosis vs Meiosis,explicit_topic_reference,0.92,True,
topic_label_v3_2_added_00202,Could we make OAuth Flow less mysterious?,,,,OAuth Flow,explicit_topic_reference,0.95,True,
topic_label_v3_2_added_00203,I'm staring at Promise Chains and it feels like random words.,,,,Promise Chains,explicit_topic_reference,0.95,True,
topic_label_v3_2_added_00204,"Carbon Cycle is the thing I need help with, not anything around it.",,,,Carbon Cycle,explicit_topic_reference,0.94,True,
topic_label_v3_2_added_00205,"What is Ocean Currents, actually?",,,,Ocean Currents,explicit_topic_reference,0.90,True,
topic_label_v3_2_added_00206,"For today, I want to learn Event Loop.",,,,Event Loop,explicit_topic_reference,0.93,True,
topic_label_v3_2_added_00207,Where would someone even start with Topic Sentences?,,,,Topic Sentences,explicit_topic_reference,0.98,True,
topic_label_v3_2_added_00208,"Before anything else, Deductive Reasoning is confusing me.",,,,Deductive Reasoning,explicit_topic_reference,0.95,True,
topic_label_v3_2_added_00209,Explain Gene Expression like I'm missing the first building block.,,,,Gene Expression,explicit_topic_reference,0.93,True,
topic_label_v3_2_added_00210,"For today, I want to learn Budgeting.",,,,Budgeting,explicit_topic_reference,0.97,True,
topic_label_v3_2_added_00211,"What is Electoral College, actually?",,,,Electoral College,explicit_topic_reference,0.95,True,
topic_label_v3_2_added_00212,"No idea if I'm wording this right, but Photosynthesis is the thing I want to understand.",,,,Photosynthesis,explicit_topic_reference,0.92,True,
topic_label_v3_2_added_00213,Start me from zero on Correlation vs Causation.,,,,Correlation vs Causation,explicit_topic_reference,0.92,True,
topic_label_v3_2_added_00214,The concept that keeps throwing me off is Profit Margin.,,,,Profit Margin,explicit_topic_reference,0.95,True,
topic_label_v3_2_added_00215,I'm lost on Cloud Formation; the name is familiar but the idea is not.,,,,Cloud Formation,explicit_topic_reference,0.94,True,
topic_label_v3_2_added_00216,I'm staring at Typography and it feels like random words.,,,,Typography,explicit_topic_reference,0.92,True,
topic_label_v3_2_added_00217,"For today, I want to learn Light as a Wave and Particle.",,,,Light as a Wave and Particle,explicit_topic_reference,0.95,True,
topic_label_v3_2_added_00218,"No idea if I'm wording this right, but Promise Chains is the thing I want to understand.",,,,Promise Chains,explicit_topic_reference,0.92,True,
topic_label_v3_2_added_00219,I'm staring at Greenhouse Effect and it feels like random words.,,,,Greenhouse Effect,explicit_topic_reference,0.96,True,
topic_label_v3_2_added_00220,"Wave-Particle Duality is the thing I need help with, not anything around it.",,,,Wave-Particle Duality,explicit_topic_reference,0.96,True,
topic_label_v3_2_added_00221,"Actually, I want to switch to Inductive Reasoning now.",Circuit Breakers,Circuit Breakers,,Inductive Reasoning,explicit_topic_reference,0.92,True,
topic_label_v3_2_added_00222,Put Spanish Pronouns aside for a second — Cloud Formation is what I'm trying to ask about.,Spanish Pronouns,Spanish Pronouns,,Cloud Formation,explicit_topic_reference,0.97,True,
topic_label_v3_2_added_00223,Let's leave Reinforcement Learning and do Kidney Filtration instead.,Reinforcement Learning,Reinforcement Learning,,Kidney Filtration,explicit_topic_reference,0.91,True,
topic_label_v3_2_added_00224,The new topic is Probability Distributions; I only mentioned Vector Search because it was nearby in my head.,Vector Search,Vector Search,,Probability Distributions,explicit_topic_reference,0.92,True,
topic_label_v3_2_added_00225,Let's leave Spanish Pronouns and do Correlation vs Causation instead.,Spanish Pronouns,Spanish Pronouns,,Correlation vs Causation,explicit_topic_reference,0.91,True,
topic_label_v3_2_added_00226,Different direction: Working Memory.,Trigonometry,Trigonometry,,Working Memory,explicit_topic_reference,0.96,True,
topic_label_v3_2_added_00227,I don't think my question is about Dopamine anymore; it's about Normal Distribution.,Dopamine,Dopamine,,Normal Distribution,explicit_topic_reference,0.90,True,
topic_label_v3_2_added_00228,"Actually, I want to switch to Environmental Feedback Loops now.",Supply and Demand,Supply and Demand,,Environmental Feedback Loops,explicit_topic_reference,0.96,True,
topic_label_v3_2_added_00229,Put Typography aside for a second — Camera Aperture is what I'm trying to ask about.,Typography,Typography,,Camera Aperture,explicit_topic_reference,0.96,True,
topic_label_v3_2_added_00230,Let's leave Typography and do Regression Lines instead.,Typography,Typography,,Regression Lines,explicit_topic_reference,0.95,True,
topic_label_v3_2_added_00231,"I think the label should be Normal Distribution, not Trigonometry.",Trigonometry,Trigonometry,,Normal Distribution,explicit_topic_reference,0.96,True,
topic_label_v3_2_added_00232,Could we move from Budgeting to Vaccine Mechanisms?,Budgeting,Budgeting,,Vaccine Mechanisms,explicit_topic_reference,0.92,True,
topic_label_v3_2_added_00233,"The thing I'm reaching for is Quadratic Functions, even though we were just on Reinforcement Learning.",Reinforcement Learning,Reinforcement Learning,,Quadratic Functions,explicit_topic_reference,0.97,True,
topic_label_v3_2_added_00234,"Actually, I want to switch to Camera Aperture now.",Actual Concept of Light,Actual Concept of Light,,Camera Aperture,explicit_topic_reference,0.96,True,
topic_label_v3_2_added_00235,Put Quadratic Functions aside for a second — Logarithms is what I'm trying to ask about.,Quadratic Functions,Quadratic Functions,,Logarithms,explicit_topic_reference,0.90,True,
topic_label_v3_2_added_00236,Let's leave Actual Concept of Light and do Reinforcement Learning instead.,Actual Concept of Light,Actual Concept of Light,,Reinforcement Learning,explicit_topic_reference,0.95,True,
topic_label_v3_2_added_00237,Put Embeddings aside for a second — Emotional Regulation is what I'm trying to ask about.,Embeddings,Embeddings,,Emotional Regulation,explicit_topic_reference,0.94,True,
topic_label_v3_2_added_00238,"Actually, I want to switch to Torque now.",Electricity,Electricity,,Torque,explicit_topic_reference,0.95,True,
topic_label_v3_2_added_00239,Let's leave Trigonometry and do Environment Variables instead.,Trigonometry,Trigonometry,,Environment Variables,explicit_topic_reference,0.96,True,
topic_label_v3_2_added_00240,Let's leave Circuit Breakers and do Perspective Drawing instead.,Circuit Breakers,Circuit Breakers,,Perspective Drawing,explicit_topic_reference,0.93,True,
topic_label_v3_2_added_00241,"Actually, I want to switch to Confirmation Bias now.",Derivatives,Derivatives,,Confirmation Bias,explicit_topic_reference,0.92,True,
topic_label_v3_2_added_00242,"I was using Photosynthesis as a comparison, but I actually need Bayes Theorem.",Photosynthesis,Photosynthesis,,Bayes Theorem,explicit_topic_reference,0.90,True,
topic_label_v3_2_added_00243,I don't think my question is about Dopamine anymore; it's about Immune Response.,Dopamine,Dopamine,,Immune Response,explicit_topic_reference,0.92,True,
topic_label_v3_2_added_00244,"Actually, I want to switch to Insurance Deductibles now.",Trigonometry,Trigonometry,,Insurance Deductibles,explicit_topic_reference,0.92,True,
topic_label_v3_2_added_00245,Different direction: API Authentication.,Dopamine,Dopamine,,API Authentication,explicit_topic_reference,0.90,True,
topic_label_v3_2_added_00246,Different direction: Topic Sentences.,Supply and Demand,Supply and Demand,,Topic Sentences,explicit_topic_reference,0.93,True,
topic_label_v3_2_added_00247,I don't think my question is about Circuit Breakers anymore; it's about Color Contrast.,Circuit Breakers,Circuit Breakers,,Color Contrast,explicit_topic_reference,0.91,True,
topic_label_v3_2_added_00248,"I think the label should be Pragmatics, not Actual Concept of Light.",Actual Concept of Light,Actual Concept of Light,,Pragmatics,explicit_topic_reference,0.93,True,
topic_label_v3_2_added_00249,Could we move from Embeddings to React State?,Embeddings,Embeddings,,React State,explicit_topic_reference,0.95,True,
topic_label_v3_2_added_00250,I don't think my question is about OAuth Flow anymore; it's about CSS Specificity.,OAuth Flow,OAuth Flow,,CSS Specificity,explicit_topic_reference,0.94,True,
topic_label_v3_2_added_00251,I don't think my question is about Spanish Pronouns anymore; it's about Budgeting.,Spanish Pronouns,Spanish Pronouns,,Budgeting,explicit_topic_reference,0.91,True,
topic_label_v3_2_added_00252,"I was using Spanish Pronouns as a comparison, but I actually need Close Reading.",Spanish Pronouns,Spanish Pronouns,,Close Reading,explicit_topic_reference,0.94,True,
topic_label_v3_2_added_00253,I don't think my question is about Electricity anymore; it's about Deductive Reasoning.,Electricity,Electricity,,Deductive Reasoning,explicit_topic_reference,0.91,True,
topic_label_v3_2_added_00254,Let's leave OAuth Flow and do Bayes Theorem instead.,OAuth Flow,OAuth Flow,,Bayes Theorem,explicit_topic_reference,0.89,True,
topic_label_v3_2_added_00255,"I was using Reinforcement Learning as a comparison, but I actually need Geothermal Energy.",Reinforcement Learning,Reinforcement Learning,,Geothermal Energy,explicit_topic_reference,0.94,True,
topic_label_v3_2_added_00256,Different direction: Shading Values.,Actual Concept of Light,Actual Concept of Light,,Shading Values,explicit_topic_reference,0.96,True,
topic_label_v3_2_added_00257,"This helped, but the thing I need next is Correlation vs Causation.",Reinforcement Learning,Reinforcement Learning,,Correlation vs Causation,explicit_topic_reference,0.90,True,
topic_label_v3_2_added_00258,"This helped, but the thing I need next is Watersheds.",Typography,Typography,,Watersheds,explicit_topic_reference,0.95,True,
topic_label_v3_2_added_00259,Can we go to CSS Specificity? The current topic isn't the blocker.,Typography,Typography,,CSS Specificity,explicit_topic_reference,0.94,True,
topic_label_v3_2_added_00260,The new topic is Environment Variables; I only mentioned Budgeting because it was nearby in my head.,Budgeting,Budgeting,,Environment Variables,explicit_topic_reference,0.91,True,
topic_label_v3_2_added_00261,Could we move from Osmosis to Environmental Feedback Loops?,Osmosis,Osmosis,,Environmental Feedback Loops,explicit_topic_reference,0.90,True,
topic_label_v3_2_added_00262,"Actually, I want to switch to Systems of Equations now.",Reinforcement Learning,Reinforcement Learning,,Systems of Equations,explicit_topic_reference,0.97,True,
topic_label_v3_2_added_00263,The new topic is Chord Progressions; I only mentioned Budgeting because it was nearby in my head.,Budgeting,Budgeting,,Chord Progressions,explicit_topic_reference,0.96,True,
topic_label_v3_2_added_00264,"This helped, but the thing I need next is Privacy Rights.",Circuit Breakers,Circuit Breakers,,Privacy Rights,explicit_topic_reference,0.90,True,
topic_label_v3_2_added_00265,Can we go to Emotional Regulation? The current topic isn't the blocker.,Typography,Typography,,Emotional Regulation,explicit_topic_reference,0.94,True,
topic_label_v3_2_added_00266,"I think the label should be Pragmatics, not Trigonometry.",Trigonometry,Trigonometry,,Pragmatics,explicit_topic_reference,0.91,True,
topic_label_v3_2_added_00267,Can we go to Homeostasis? The current topic isn't the blocker.,Actual Concept of Light,Actual Concept of Light,,Homeostasis,explicit_topic_reference,0.94,True,
topic_label_v3_2_added_00268,"I was using Quadratic Functions as a comparison, but I actually need Homeostasis.",Quadratic Functions,Quadratic Functions,,Homeostasis,explicit_topic_reference,0.92,True,
topic_label_v3_2_added_00269,Can we go to Electoral College? The current topic isn't the blocker.,OAuth Flow,OAuth Flow,,Electoral College,explicit_topic_reference,0.92,True,
topic_label_v3_2_added_00270,The new topic is Immune Response; I only mentioned Photosynthesis because it was nearby in my head.,Photosynthesis,Photosynthesis,,Immune Response,explicit_topic_reference,0.93,True,
topic_label_v3_2_added_00271,Let's leave Dopamine and do Git Branching instead.,Dopamine,Dopamine,,Git Branching,explicit_topic_reference,0.91,True,
topic_label_v3_2_added_00272,The new topic is Necessary vs Sufficient Conditions; I only mentioned Spanish Pronouns because it was nearby in my head.,Spanish Pronouns,Spanish Pronouns,,Necessary vs Sufficient Conditions,explicit_topic_reference,0.91,True,
topic_label_v3_2_added_00273,The new topic is Civil Liberties vs Civil Rights; I only mentioned Circuit Breakers because it was nearby in my head.,Circuit Breakers,Circuit Breakers,,Civil Liberties vs Civil Rights,explicit_topic_reference,0.91,True,
topic_label_v3_2_added_00274,The new topic is Rhythm in Music; I only mentioned Osmosis because it was nearby in my head.,Osmosis,Osmosis,,Rhythm in Music,explicit_topic_reference,0.93,True,
topic_label_v3_2_added_00275,"The thing I'm reaching for is Break-Even Point, even though we were just on Derivatives.",Derivatives,Derivatives,,Break-Even Point,explicit_topic_reference,0.94,True,
topic_label_v3_2_added_00276,"This helped, but the thing I need next is Engines.",Circuit Breakers,Circuit Breakers,,Engines,explicit_topic_reference,0.94,True,
topic_label_v3_2_added_00277,Let's leave Cellular Respiration and do Profit Margin instead.,Cellular Respiration,Cellular Respiration,,Profit Margin,explicit_topic_reference,0.89,True,
topic_label_v3_2_added_00278,Could we move from Spanish Pronouns to Plea Bargains?,Spanish Pronouns,Spanish Pronouns,,Plea Bargains,explicit_topic_reference,0.91,True,
topic_label_v3_2_added_00279,"I think the label should be Unit Circle, not Circuit Breakers.",Circuit Breakers,Circuit Breakers,,Unit Circle,explicit_topic_reference,0.90,True,
topic_label_v3_2_added_00280,"I was using Trigonometry as a comparison, but I actually need Osmosis.",Trigonometry,Trigonometry,,Osmosis,explicit_topic_reference,0.93,True,
topic_label_v3_2_added_00281,I don't think my question is about Photosynthesis anymore; it's about Circadian Rhythm.,Photosynthesis,Photosynthesis,,Circadian Rhythm,explicit_topic_reference,0.96,True,
topic_label_v3_2_added_00282,"The thing I'm reaching for is French Pronunciation, even though we were just on Typography.",Typography,Typography,,French Pronunciation,explicit_topic_reference,0.91,True,
topic_label_v3_2_added_00283,I don't think my question is about Quadratic Functions anymore; it's about Storyboarding.,Quadratic Functions,Quadratic Functions,,Storyboarding,explicit_topic_reference,0.92,True,
topic_label_v3_2_added_00284,Different direction: Action Potentials.,Embeddings,Embeddings,,Action Potentials,explicit_topic_reference,0.96,True,
topic_label_v3_2_added_00285,"The thing I'm reaching for is Topic Sentences, even though we were just on Osmosis.",Osmosis,Osmosis,,Topic Sentences,explicit_topic_reference,0.92,True,
topic_label_v3_2_added_00286,"I was using Spanish Pronouns as a comparison, but I actually need Composition in Photography.",Spanish Pronouns,Spanish Pronouns,,Composition in Photography,explicit_topic_reference,0.92,True,
topic_label_v3_2_added_00287,Let's leave Supply and Demand and do Normal Distribution instead.,Supply and Demand,Supply and Demand,,Normal Distribution,explicit_topic_reference,0.91,True,
topic_label_v3_2_added_00288,The new topic is Vector Search; I only mentioned Reinforcement Learning because it was nearby in my head.,Reinforcement Learning,Reinforcement Learning,,Vector Search,explicit_topic_reference,0.90,True,
topic_label_v3_2_added_00289,"This helped, but the thing I need next is Caching.",Circuit Breakers,Circuit Breakers,,Caching,explicit_topic_reference,0.92,True,
topic_label_v3_2_added_00290,Different direction: Vector Search.,Typography,Typography,,Vector Search,explicit_topic_reference,0.94,True,
topic_label_v3_2_added_00291,"This helped, but the thing I need next is Protein Folding.",Trigonometry,Trigonometry,,Protein Folding,explicit_topic_reference,0.94,True,
topic_label_v3_2_added_00292,The new topic is Logical Fallacies; I only mentioned Electricity because it was nearby in my head.,Electricity,Electricity,,Logical Fallacies,explicit_topic_reference,0.91,True,
topic_label_v3_2_added_00293,"The thing I'm reaching for is Event Loop, even though we were just on Embeddings.",Embeddings,Embeddings,,Event Loop,explicit_topic_reference,0.96,True,
topic_label_v3_2_added_00294,Put Photosynthesis aside for a second — Electricity is what I'm trying to ask about.,Photosynthesis,Photosynthesis,,Electricity,explicit_topic_reference,0.91,True,
topic_label_v3_2_added_00295,Put Quadratic Functions aside for a second — Kidney Filtration is what I'm trying to ask about.,Quadratic Functions,Quadratic Functions,,Kidney Filtration,explicit_topic_reference,0.96,True,
topic_label_v3_2_added_00296,Could we move from Trigonometry to Blood Pressure Regulation?,Trigonometry,Trigonometry,,Blood Pressure Regulation,explicit_topic_reference,0.92,True,
topic_label_v3_2_added_00297,"Actually, I want to switch to Derivatives now.",Electricity,Electricity,,Derivatives,explicit_topic_reference,0.93,True,
topic_label_v3_2_added_00298,"Actually, I want to switch to Ocean Currents now.",Osmosis,Osmosis,,Ocean Currents,explicit_topic_reference,0.95,True,
topic_label_v3_2_added_00299,"I think the label should be Camera Aperture, not Photosynthesis.",Photosynthesis,Photosynthesis,,Camera Aperture,explicit_topic_reference,0.92,True,
topic_label_v3_2_added_00300,I don't think my question is about Derivatives anymore; it's about Topic Sentences.,Derivatives,Derivatives,,Topic Sentences,explicit_topic_reference,0.95,True,
topic_label_v3_2_added_00301,I am confused about Contract Law Basics.,Quadratic Functions,Quadratic Functions | Circadian Rhythm | Free Body Diagrams | Torque | Event Loop | TypeScript Generics | Derivatives | Judicial Review,,Contract Law Basics,explicit_topic_reference,0.90,True,
topic_label_v3_2_added_00302,"The thing I'm reaching for is Working Memory, even though we were just on Typography.",Typography,Typography | Cellular Respiration,,Working Memory,explicit_topic_reference,0.92,True,
topic_label_v3_2_added_00303,I am confused about Greenhouse Effect.,Supply and Demand,Supply and Demand | Bayes Theorem | Renewable Energy Grid | Credit Scores | Probability Distributions | Thesis Statements | Primary vs Secondary Sources | Photosynthesis,,Greenhouse Effect,explicit_topic_reference,0.93,True,
topic_label_v3_2_added_00304,Could we move from Spanish Pronouns to Working Memory?,Spanish Pronouns,Spanish Pronouns | Defamation | Quadratic Functions | TypeScript Generics,,Working Memory,explicit_topic_reference,0.89,True,
topic_label_v3_2_added_00305,I am confused about Compound Interest.,Actual Concept of Light,Actual Concept of Light | Correlation vs Causation | Caching | Rhythm in Music | Composition in Photography,,Compound Interest,explicit_topic_reference,0.90,True,
topic_label_v3_2_added_00306,"I was using Photosynthesis as a comparison, but I actually need Deductive Reasoning.",Photosynthesis,Photosynthesis | Supply and Demand | Conversion Funnel,,Deductive Reasoning,explicit_topic_reference,0.96,True,
topic_label_v3_2_added_00307,Start me from zero on Chord Progressions.,Typography,Typography | Sodium-Potassium Pump | Blood Pressure Regulation | Dopamine,,Chord Progressions,explicit_topic_reference,0.94,True,
topic_label_v3_2_added_00308,I am confused about Git Branching.,Dopamine,Dopamine | Vector Search | Color Contrast | Geothermal Energy,,Git Branching,explicit_topic_reference,0.91,True,
topic_label_v3_2_added_00309,"I think the label should be Mitosis vs Meiosis, not Electricity.",Electricity,Electricity | Chord Progressions,,Mitosis vs Meiosis,explicit_topic_reference,0.95,True,
topic_label_v3_2_added_00310,Start me from zero on Action Potentials.,Spanish Pronouns,Spanish Pronouns | Gesture Drawing | Actual Concept of Light,,Action Potentials,explicit_topic_reference,0.88,True,
topic_label_v3_2_added_00311,"Actually, I want to switch to Necessary vs Sufficient Conditions now.",Spanish Pronouns,Spanish Pronouns | Judicial Review | Mitosis vs Meiosis | Normal Distribution | Vaccine Mechanisms,,Necessary vs Sufficient Conditions,explicit_topic_reference,0.97,True,
topic_label_v3_2_added_00312,Put Embeddings aside for a second — Quadratic Functions is what I'm trying to ask about.,Embeddings,Embeddings | Ecological Succession,,Quadratic Functions,explicit_topic_reference,0.92,True,
topic_label_v3_2_added_00313,Different direction: Normal Distribution.,Photosynthesis,Photosynthesis | Bayes Theorem,,Normal Distribution,explicit_topic_reference,0.89,True,
topic_label_v3_2_added_00314,"Before anything else, Insurance Deductibles is confusing me.",Budgeting,Budgeting | Environmental Feedback Loops | Storyboarding | Free Body Diagrams | Primary vs Secondary Sources,,Insurance Deductibles,explicit_topic_reference,0.88,True,
topic_label_v3_2_added_00315,The part I keep circling around is Cellular Respiration; I can't make it click yet.,Supply and Demand,Supply and Demand | Camera Aperture | Plea Bargains | Carbon Cycle | Photosynthesis | Contract Law Basics | Storyboarding | Trigonometry,,Cellular Respiration,explicit_topic_reference,0.88,True,
topic_label_v3_2_added_00316,The part I keep circling around is Action Potentials; I can't make it click yet.,Osmosis,Osmosis | Database Indexes | Composition in Photography | Pragmatics | Topic Sentences | Homeostasis | CSS Specificity | Chord Progressions | Promise Chains | Active Voice vs Passive Voice | Probability Distributions | Protein Folding,,Action Potentials,explicit_topic_reference,0.94,True,
topic_label_v3_2_added_00317,Can we go to Camera Aperture? The current topic isn't the blocker.,Cellular Respiration,Cellular Respiration | Shading Values | Break-Even Point,,Camera Aperture,explicit_topic_reference,0.90,True,
topic_label_v3_2_added_00318,Let's leave Osmosis and do Camera Aperture instead.,Osmosis,Osmosis | Shading Values | Torque | API Authentication | Supply and Demand | Supply and Demand | Environmental Feedback Loops | Conversion Funnel | Normal Distribution | Vector Search | Kidney Filtration | Close Reading,,Camera Aperture,explicit_topic_reference,0.92,True,
topic_label_v3_2_added_00319,Could we move from Budgeting to Unit Circle?,Budgeting,Budgeting | Free Body Diagrams,,Unit Circle,explicit_topic_reference,0.93,True,
topic_label_v3_2_added_00320,The part I keep circling around is Carbon Cycle; I can't make it click yet.,Trigonometry,Trigonometry | Wave-Particle Duality | OAuth Flow,,Carbon Cycle,explicit_topic_reference,0.93,True,
topic_label_v3_2_added_00321,The new topic is Light as a Wave and Particle; I only mentioned Vector Search because it was nearby in my head.,Vector Search,Vector Search | Regression Lines,,Light as a Wave and Particle,explicit_topic_reference,0.92,True,
topic_label_v3_2_added_00322,Start me from zero on Free Body Diagrams.,Dopamine,Dopamine | Quadratic Functions | Reinforcement Learning | Contract Law Basics | Bayes Theorem | Regression Lines | Wave-Particle Duality | Typography | Torque | Spanish Pronouns | Active Voice vs Passive Voice | Ocean Currents,,Free Body Diagrams,explicit_topic_reference,0.93,True,
topic_label_v3_2_added_00323,"No idea if I'm wording this right, but Gesture Drawing is the thing I want to understand.",Electricity,Electricity | Defamation | Derivatives | Rhythm in Music | Regression Lines | Blood Pressure Regulation | Circuit Breakers | Compound Interest,,Gesture Drawing,explicit_topic_reference,0.88,True,
topic_label_v3_2_added_00324,Start me from zero on Executive Function.,Budgeting,Budgeting | Homeostasis,,Executive Function,explicit_topic_reference,0.92,True,
topic_label_v3_2_added_00325,Can we go to Working Memory? The current topic isn't the blocker.,Quadratic Functions,Quadratic Functions | Cellular Respiration | Moral Luck | Vaccine Mechanisms | Action Potentials | Color Contrast | Promise Chains | Blood Pressure Regulation,,Working Memory,explicit_topic_reference,0.89,True,
topic_label_v3_2_added_00326,Different direction: Environmental Feedback Loops.,Cellular Respiration,Cellular Respiration | Liability | Free Body Diagrams | Greenhouse Effect,,Environmental Feedback Loops,explicit_topic_reference,0.93,True,
topic_label_v3_2_added_00327,"No idea if I'm wording this right, but React State is the thing I want to understand.",Photosynthesis,Photosynthesis | Color Contrast | OAuth Flow | Dopamine | Storyboarding,,React State,explicit_topic_reference,0.94,True,
topic_label_v3_2_added_00328,I am confused about Unit Circle.,Spanish Pronouns,Spanish Pronouns | Systems of Equations | Supply and Demand | Composition in Photography | Profit Margin | Osmosis | Pragmatics | Contract Law Basics | Correlation vs Causation | Ecological Succession | Circuit Breakers | Normal Distribution,,Unit Circle,explicit_topic_reference,0.89,True,
topic_label_v3_2_added_00329,Could we move from Cellular Respiration to Judicial Review?,Cellular Respiration,Cellular Respiration | Supply and Demand | Action Potentials | Ecological Succession,,Judicial Review,explicit_topic_reference,0.92,True,
topic_label_v3_2_added_00330,The new topic is Preterite vs Imperfect; I only mentioned Cellular Respiration because it was nearby in my head.,Cellular Respiration,Cellular Respiration | Probability Distributions,,Preterite vs Imperfect,explicit_topic_reference,0.93,True,
topic_label_v3_2_added_00331,"Before anything else, Close Reading is confusing me.",OAuth Flow,OAuth Flow | Judicial Review,,Close Reading,explicit_topic_reference,0.93,True,
topic_label_v3_2_added_00332,I don't think my question is about Osmosis anymore; it's about Deductive Reasoning.,Osmosis,Osmosis | Privacy Rights | Derivatives | Close Reading,,Deductive Reasoning,explicit_topic_reference,0.97,True,
topic_label_v3_2_added_00333,Where would someone even start with Defamation?,Typography,Typography | Deductive Reasoning | Mitosis vs Meiosis,,Defamation,explicit_topic_reference,0.96,True,
topic_label_v3_2_added_00334,I am confused about Gene Expression.,Budgeting,Budgeting | Osmosis | Cellular Respiration | Liability | Defamation | Gesture Drawing | Air Pressure Systems | Cellular Respiration,,Gene Expression,explicit_topic_reference,0.89,True,
topic_label_v3_2_added_00335,The part I keep circling around is Entropy; I can't make it click yet.,Budgeting,Budgeting | Topic Sentences | Typography,,Entropy,explicit_topic_reference,0.91,True,
topic_label_v3_2_added_00336,"I think the label should be Light as a Wave and Particle, not Derivatives.",Derivatives,Derivatives | Cellular Respiration | Rhythm in Music,,Light as a Wave and Particle,explicit_topic_reference,0.93,True,
topic_label_v3_2_added_00337,Where would someone even start with Credit Scores?,Cellular Respiration,Cellular Respiration | Shading Values | Environment Variables | Promise Chains | Kidney Filtration | Sodium-Potassium Pump | Greenhouse Effect | Embeddings | Supply and Demand | Storyboarding | Moral Luck | Deductive Reasoning,,Credit Scores,explicit_topic_reference,0.95,True,
topic_label_v3_2_added_00338,"No idea if I'm wording this right, but React State is the thing I want to understand.",Actual Concept of Light,Actual Concept of Light | Symbolism | Quadratic Functions | Foreshadowing | Geothermal Energy | Civil Liberties vs Civil Rights | Reinforcement Learning | Trigonometry,,React State,explicit_topic_reference,0.91,True,
topic_label_v3_2_added_00339,"Before anything else, Camera Aperture is confusing me.",Vector Search,Vector Search | Ocean Currents | Database Indexes | Mitosis vs Meiosis,,Camera Aperture,explicit_topic_reference,0.90,True,
topic_label_v3_2_added_00340,Start me from zero on Logical Fallacies.,Circuit Breakers,Circuit Breakers | Color Contrast | Air Pressure Systems | Executive Function | Inflation | Osmosis | Correlation vs Causation | Regression Lines,,Logical Fallacies,explicit_topic_reference,0.95,True,
topic_label_v3_2_added_00341,Put Cellular Respiration aside for a second — Protein Folding is what I'm trying to ask about.,Cellular Respiration,Cellular Respiration | Inflation | Engines,,Protein Folding,explicit_topic_reference,0.96,True,
topic_label_v3_2_added_00342,"Actually, I want to switch to Logical Fallacies now.",Typography,Typography | Close Reading,,Logical Fallacies,explicit_topic_reference,0.89,True,
topic_label_v3_2_added_00343,"Before anything else, Cloud Formation is confusing me.",Supply and Demand,Supply and Demand | Unit Circle | Sodium-Potassium Pump | Confirmation Bias | Ser vs Estar,,Cloud Formation,explicit_topic_reference,0.93,True,
topic_label_v3_2_added_00344,"I was using Supply and Demand as a comparison, but I actually need Database Indexes.",Supply and Demand,Supply and Demand | Electricity | Pragmatics | Environmental Feedback Loops | Rhythm in Music,,Database Indexes,explicit_topic_reference,0.96,True,
topic_label_v3_2_added_00345,"I think the label should be Food Webs, not Trigonometry.",Trigonometry,Trigonometry | Free Body Diagrams | Necessary vs Sufficient Conditions,,Food Webs,explicit_topic_reference,0.89,True,
topic_label_v3_2_added_00346,"I think the label should be CSS Specificity, not Supply and Demand.",Supply and Demand,Supply and Demand | Dopamine | Dopamine | Carbon Cycle | Conversion Funnel,,CSS Specificity,explicit_topic_reference,0.92,True,
topic_label_v3_2_added_00347,Can we go to Inductive Reasoning? The current topic isn't the blocker.,Osmosis,Osmosis | Storyboarding | Thesis Statements | Circuit Breakers | Primary vs Secondary Sources | Spanish Pronouns | Environment Variables | OAuth Flow | Typography | Embeddings | Rhythm in Music | Defamation,,Inductive Reasoning,explicit_topic_reference,0.90,True,
topic_label_v3_2_added_00348,"No idea if I'm wording this right, but Active Voice vs Passive Voice is the thing I want to understand.",Trigonometry,Trigonometry | Environment Variables,,Active Voice vs Passive Voice,explicit_topic_reference,0.90,True,
topic_label_v3_2_added_00349,Let's leave Electricity and do Caching instead.,Electricity,Electricity | Compound Interest | Judicial Review | Civil Liberties vs Civil Rights | Homeostasis,,Caching,explicit_topic_reference,0.95,True,
topic_label_v3_2_added_00350,The part I keep circling around is Chord Progressions; I can't make it click yet.,Quadratic Functions,Quadratic Functions | OAuth Flow | Inflation | Gesture Drawing | Primary vs Secondary Sources | Dopamine | React State | Engines,,Chord Progressions,explicit_topic_reference,0.97,True,
topic_label_v3_2_added_00351,"No idea if I'm wording this right, but Kidney Filtration is the thing I want to understand.",Actual Concept of Light,Actual Concept of Light | Perspective Drawing | Quadratic Functions | Primary vs Secondary Sources | Wave-Particle Duality,,Kidney Filtration,explicit_topic_reference,0.94,True,
topic_label_v3_2_added_00352,Put Trigonometry aside for a second — Budgeting is what I'm trying to ask about.,Trigonometry,Trigonometry | Caching | Pragmatics | Electricity | Event Loop | Systems of Equations | Emotional Regulation | Action Potentials | Lifetime Value | Supply and Demand | Probability Distributions | Necessary vs Sufficient Conditions,,Budgeting,explicit_topic_reference,0.96,True,
topic_label_v3_2_added_00353,"I think the label should be Light as a Wave and Particle, not Cellular Respiration.",Cellular Respiration,Cellular Respiration | Reading Comprehension | Blood Pressure Regulation | Thesis Statements | Spanish Pronouns | Break-Even Point | Engines | Spanish Pronouns,,Light as a Wave and Particle,explicit_topic_reference,0.95,True,
topic_label_v3_2_added_00354,"No idea if I'm wording this right, but API Authentication is the thing I want to understand.",Vector Search,Vector Search | Mitosis vs Meiosis | Kidney Filtration | Ser vs Estar,,API Authentication,explicit_topic_reference,0.94,True,
topic_label_v3_2_added_00355,Put Cellular Respiration aside for a second — Liability is what I'm trying to ask about.,Cellular Respiration,Cellular Respiration | Electricity | Gesture Drawing | Light as a Wave and Particle | Close Reading | Greenhouse Effect | Contract Law Basics | API Authentication | Electricity | Circuit Breakers | Topic Sentences | Break-Even Point,,Liability,explicit_topic_reference,0.93,True,
topic_label_v3_2_added_00356,"Actually, I want to switch to Moral Luck now.",Budgeting,Budgeting | Emotional Regulation,,Moral Luck,explicit_topic_reference,0.92,True,
topic_label_v3_2_added_00357,"I was using Circuit Breakers as a comparison, but I actually need Defamation.",Circuit Breakers,Circuit Breakers | Caching | Air Pressure Systems | Close Reading | Vaccine Mechanisms | Reinforcement Learning | Torque | Dopamine | Confirmation Bias | Promise Chains | Shading Values | Deductive Reasoning,,Defamation,explicit_topic_reference,0.97,True,
topic_label_v3_2_added_00358,I am confused about Gesture Drawing.,Dopamine,Dopamine | Unit Circle | Electricity | Normal Distribution | Ser vs Estar,,Gesture Drawing,explicit_topic_reference,0.92,True,
topic_label_v3_2_added_00359,The part I keep circling around is Environmental Feedback Loops; I can't make it click yet.,Actual Concept of Light,Actual Concept of Light | Break-Even Point | Renewable Energy Grid | Defamation,,Environmental Feedback Loops,explicit_topic_reference,0.90,True,
topic_label_v3_2_added_00360,"The thing I'm reaching for is Insurance Deductibles, even though we were just on Quadratic Functions.",Quadratic Functions,Quadratic Functions | Gesture Drawing | Cellular Respiration | Thesis Statements | Blood Pressure Regulation | Composition in Photography | Photosynthesis | Ocean Currents | Emotional Regulation | Action Potentials | Privacy Rights | Environmental Feedback Loops,,Insurance Deductibles,explicit_topic_reference,0.88,True,
topic_label_v3_2_added_00361,The new topic is Environment Variables; I only mentioned OAuth Flow because it was nearby in my head.,OAuth Flow,OAuth Flow | Shading Values | Carbon Cycle | Moral Luck,,Environment Variables,explicit_topic_reference,0.90,True,
topic_label_v3_2_added_00362,I am confused about Renewable Energy Grid.,Electricity,Electricity | Judicial Review | Gene Expression | Regression Lines | Logical Fallacies | Promise Chains | Supply and Demand | Deductive Reasoning | Cellular Respiration | Systems of Equations | Budgeting | Correlation vs Causation,,Renewable Energy Grid,explicit_topic_reference,0.90,True,
topic_label_v3_2_added_00363,I am confused about Bayes Theorem.,Actual Concept of Light,Actual Concept of Light | Free Body Diagrams | Liability | Torque | CSS Specificity | Profit Margin | Reinforcement Learning | Active Voice vs Passive Voice,,Bayes Theorem,explicit_topic_reference,0.90,True,
topic_label_v3_2_added_00364,I am confused about Watersheds.,Dopamine,Dopamine | Ecological Succession | Carbon Cycle | Profit Margin,,Watersheds,explicit_topic_reference,0.91,True,
topic_label_v3_2_added_00365,Where would someone even start with Regression Lines?,Reinforcement Learning,Reinforcement Learning | Blood Pressure Regulation | Typography | Opportunity Cost,,Regression Lines,explicit_topic_reference,0.90,True,
topic_label_v3_2_added_00366,Different direction: Food Webs.,Embeddings,Embeddings | OAuth Flow,,Food Webs,explicit_topic_reference,0.93,True,
topic_label_v3_2_added_00367,I am confused about Quadratic Functions.,Budgeting,Budgeting | Close Reading | Torque | Kidney Filtration | Dopamine,,Quadratic Functions,explicit_topic_reference,0.95,True,
topic_label_v3_2_added_00368,Can we go to Moral Luck? The current topic isn't the blocker.,Trigonometry,Trigonometry | Budgeting | TypeScript Generics | Logical Fallacies | Working Memory | Liability | Inflation | Electoral College | Photosynthesis | Color Contrast | Osmosis | Chord Progressions,,Moral Luck,explicit_topic_reference,0.93,True,
topic_label_v3_2_added_00369,"This helped, but the thing I need next is Ocean Currents.",Spanish Pronouns,Spanish Pronouns | Action Potentials | Lifetime Value | OAuth Flow,,Ocean Currents,explicit_topic_reference,0.88,True,
topic_label_v3_2_added_00370,Let's leave Spanish Pronouns and do Reading Comprehension instead.,Spanish Pronouns,Spanish Pronouns | Close Reading | Lifetime Value | Event Loop | Credit Scores | Osmosis | Budgeting | Cloud Formation,,Reading Comprehension,explicit_topic_reference,0.92,True,
topic_label_v3_2_added_00371,"Before anything else, TypeScript Generics is confusing me.",Embeddings,Embeddings | Working Memory | Watersheds | Database Indexes | Git Branching,,TypeScript Generics,explicit_topic_reference,0.94,True,
topic_label_v3_2_added_00372,"Before anything else, Action Potentials is confusing me.",Electricity,Electricity | Dopamine | Event Loop | Systems of Equations | Bayes Theorem | Chord Progressions | Inflation | Emotional Regulation | Color Contrast | Storyboarding | Photosynthesis | Embeddings,,Action Potentials,explicit_topic_reference,0.90,True,
topic_label_v3_2_added_00373,"I think the label should be Blood Pressure Regulation, not Dopamine.",Dopamine,Dopamine | Working Memory | Supply and Demand | Electoral College | Rhythm in Music,,Blood Pressure Regulation,explicit_topic_reference,0.96,True,
topic_label_v3_2_added_00374,The new topic is Vaccine Mechanisms; I only mentioned Spanish Pronouns because it was nearby in my head.,Spanish Pronouns,Spanish Pronouns | Typography,,Vaccine Mechanisms,explicit_topic_reference,0.96,True,
topic_label_v3_2_added_00375,"The thing I'm reaching for is Electricity, even though we were just on Circuit Breakers.",Circuit Breakers,Circuit Breakers | Caching | React State | Lifetime Value | Budgeting,,Electricity,explicit_topic_reference,0.88,True,
topic_label_v3_2_added_00376,Put Reinforcement Learning aside for a second — Necessary vs Sufficient Conditions is what I'm trying to ask about.,Reinforcement Learning,Reinforcement Learning | Perspective Drawing | API Authentication | Mitosis vs Meiosis | Git Branching,,Necessary vs Sufficient Conditions,explicit_topic_reference,0.88,True,
topic_label_v3_2_added_00377,Different direction: Circuit Breakers.,Reinforcement Learning,Reinforcement Learning | Symbolism,,Circuit Breakers,explicit_topic_reference,0.94,True,
topic_label_v3_2_added_00378,"Actually, I want to switch to Electoral College now.",Supply and Demand,Supply and Demand | Spanish Pronouns | Confirmation Bias | Lifetime Value | Quadratic Functions,,Electoral College,explicit_topic_reference,0.96,True,
topic_label_v3_2_added_00379,Can we go to Pragmatics? The current topic isn't the blocker.,OAuth Flow,OAuth Flow | Privacy Rights,,Pragmatics,explicit_topic_reference,0.94,True,
topic_label_v3_2_added_00380,Put Quadratic Functions aside for a second — Git Branching is what I'm trying to ask about.,Quadratic Functions,Quadratic Functions | Supply and Demand,,Git Branching,explicit_topic_reference,0.93,True,
topic_label_v3_2_added_00381,Can we go back to Color Contrast? I left it too early.,Perspective Drawing,Promise Chains | Color Contrast | Electricity | Perspective Drawing | Topic Sentences,We spent a minute on Color Contrast before switching away. | The current explanation of Perspective Drawing helped a little.,Color Contrast,explicit_topic_reference,0.97,True,
topic_label_v3_2_added_00382,Can we go back to Normal Distribution? I left it too early.,Carbon Cycle,Carbon Cycle | Entropy | Normal Distribution | Promise Chains | Inflation,We spent a minute on Normal Distribution before switching away. | The current explanation of Carbon Cycle helped a little.,Normal Distribution,explicit_topic_reference,0.90,True,
topic_label_v3_2_added_00383,"Actually, Logarithms is the older topic I need again.",Unit Circle,Unit Circle | Systems of Equations | Ocean Currents | Logarithms | Ser vs Estar,We spent a minute on Logarithms before switching away. | The current explanation of Unit Circle helped a little.,Logarithms,explicit_topic_reference,0.94,True,
topic_label_v3_2_added_00384,I want to return to Renewable Energy Grid; that one still feels shaky.,Logarithms,Topic Sentences | Renewable Energy Grid | Electricity | Logarithms | CSS Specificity,We spent a minute on Renewable Energy Grid before switching away. | The current explanation of Logarithms helped a little.,Renewable Energy Grid,explicit_topic_reference,0.91,True,
topic_label_v3_2_added_00385,"Actually, Geothermal Energy is the older topic I need again.",Logical Fallacies,Logical Fallacies | Geothermal Energy | Thesis Statements | Promise Chains | Dopamine,We spent a minute on Geothermal Energy before switching away. | The current explanation of Logical Fallacies helped a little.,Geothermal Energy,explicit_topic_reference,0.98,True,
topic_label_v3_2_added_00386,"Actually, Geothermal Energy is the older topic I need again.",Ser vs Estar,Gesture Drawing | OAuth Flow | Unit Circle | Geothermal Energy | Ser vs Estar,We spent a minute on Geothermal Energy before switching away. | The current explanation of Ser vs Estar helped a little.,Geothermal Energy,explicit_topic_reference,0.97,True,
topic_label_v3_2_added_00387,Can we go back to Reading Comprehension? I left it too early.,Lifetime Value,Camera Aperture | Storyboarding | Reading Comprehension | Kidney Filtration | Lifetime Value,We spent a minute on Reading Comprehension before switching away. | The current explanation of Lifetime Value helped a little.,Reading Comprehension,explicit_topic_reference,0.97,True,
topic_label_v3_2_added_00388,"Back to Contract Law Basics, please — I think I missed the point.",Working Memory,Working Memory | Close Reading | Contract Law Basics | Gene Expression | Protein Folding,We spent a minute on Contract Law Basics before switching away. | The current explanation of Working Memory helped a little.,Contract Law Basics,explicit_topic_reference,0.95,True,
topic_label_v3_2_added_00389,Let's revisit Chord Progressions before moving on.,Git Branching,Git Branching | Chord Progressions | Trigonometry | Ecological Succession | Osmosis,We spent a minute on Chord Progressions before switching away. | The current explanation of Git Branching helped a little.,Chord Progressions,explicit_topic_reference,0.91,True,
topic_label_v3_2_added_00390,Can we go back to Working Memory? I left it too early.,Thesis Statements,Working Memory | Spanish Pronouns | Civil Liberties vs Civil Rights | Wave-Particle Duality | Thesis Statements,We spent a minute on Working Memory before switching away. | The current explanation of Thesis Statements helped a little.,Working Memory,explicit_topic_reference,0.97,True,
topic_label_v3_2_added_00391,"Actually, Close Reading is the older topic I need again.",Correlation vs Causation,Inflation | Close Reading | CSS Specificity | Spanish Pronouns | Correlation vs Causation,We spent a minute on Close Reading before switching away. | The current explanation of Correlation vs Causation helped a little.,Close Reading,explicit_topic_reference,0.92,True,
topic_label_v3_2_added_00392,"Back to Osmosis, please — I think I missed the point.",Vector Search,Osmosis | Compound Interest | Promise Chains | Cloud Formation | Vector Search,We spent a minute on Osmosis before switching away. | The current explanation of Vector Search helped a little.,Osmosis,explicit_topic_reference,0.96,True,
topic_label_v3_2_added_00393,I want to return to Rhythm in Music; that one still feels shaky.,Cellular Respiration,Rhythm in Music | Chord Progressions | Free Body Diagrams | Cellular Respiration | Conversion Funnel,We spent a minute on Rhythm in Music before switching away. | The current explanation of Cellular Respiration helped a little.,Rhythm in Music,explicit_topic_reference,0.91,True,
topic_label_v3_2_added_00394,Can we go back to Preterite vs Imperfect? I left it too early.,Chord Progressions,Gesture Drawing | API Authentication | Budgeting | Preterite vs Imperfect | Chord Progressions,We spent a minute on Preterite vs Imperfect before switching away. | The current explanation of Chord Progressions helped a little.,Preterite vs Imperfect,explicit_topic_reference,0.95,True,
topic_label_v3_2_added_00395,Earlier we had Insurance Deductibles. Can we reopen that?,Topic Sentences,Insurance Deductibles | Torque | Opportunity Cost | Topic Sentences | Necessary vs Sufficient Conditions,We spent a minute on Insurance Deductibles before switching away. | The current explanation of Topic Sentences helped a little.,Insurance Deductibles,explicit_topic_reference,0.97,True,
topic_label_v3_2_added_00396,I want to return to Cloud Formation; that one still feels shaky.,Correlation vs Causation,Cloud Formation | Air Pressure Systems | Correlation vs Causation | Color Contrast | Defamation,We spent a minute on Cloud Formation before switching away. | The current explanation of Correlation vs Causation helped a little.,Cloud Formation,explicit_topic_reference,0.97,True,
topic_label_v3_2_added_00397,"Back to Storyboarding, please — I think I missed the point.",Confirmation Bias,Immune Response | Shading Values | Symbolism | Confirmation Bias | Storyboarding,We spent a minute on Storyboarding before switching away. | The current explanation of Confirmation Bias helped a little.,Storyboarding,explicit_topic_reference,0.94,True,
topic_label_v3_2_added_00398,"Actually, Circadian Rhythm is the older topic I need again.",Torque,Renewable Energy Grid | Osmosis | Circuit Breakers | Torque | Circadian Rhythm,We spent a minute on Circadian Rhythm before switching away. | The current explanation of Torque helped a little.,Circadian Rhythm,explicit_topic_reference,0.95,True,
topic_label_v3_2_added_00399,Earlier we had Electoral College. Can we reopen that?,Plea Bargains,Gene Expression | Gesture Drawing | Electoral College | Foreshadowing | Plea Bargains,We spent a minute on Electoral College before switching away. | The current explanation of Plea Bargains helped a little.,Electoral College,explicit_topic_reference,0.96,True,
topic_label_v3_2_added_00400,"Actually, Photosynthesis is the older topic I need again.",Profit Margin,Ser vs Estar | Primary vs Secondary Sources | API Authentication | Profit Margin | Photosynthesis,We spent a minute on Photosynthesis before switching away. | The current explanation of Profit Margin helped a little.,Photosynthesis,explicit_topic_reference,0.97,True,
topic_label_v3_2_added_00401,"Back to Bayes Theorem, please — I think I missed the point.",Quadratic Functions,Bayes Theorem | Quadratic Functions | Unit Circle | Conversation Repair | Foreshadowing,We spent a minute on Bayes Theorem before switching away. | The current explanation of Quadratic Functions helped a little.,Bayes Theorem,explicit_topic_reference,0.93,True,
topic_label_v3_2_added_00402,"Back to Close Reading, please — I think I missed the point.",Quadratic Functions,Protein Folding | OAuth Flow | Close Reading | Probability Distributions | Quadratic Functions,We spent a minute on Close Reading before switching away. | The current explanation of Quadratic Functions helped a little.,Close Reading,explicit_topic_reference,0.92,True,
topic_label_v3_2_added_00403,Can we go back to Ocean Currents? I left it too early.,Electricity,Perspective Drawing | Ocean Currents | Circadian Rhythm | Storyboarding | Electricity,We spent a minute on Ocean Currents before switching away. | The current explanation of Electricity helped a little.,Ocean Currents,explicit_topic_reference,0.94,True,
topic_label_v3_2_added_00404,Can we go back to Credit Scores? I left it too early.,Foreshadowing,Conversion Funnel | Contract Law Basics | Thesis Statements | Credit Scores | Foreshadowing,We spent a minute on Credit Scores before switching away. | The current explanation of Foreshadowing helped a little.,Credit Scores,explicit_topic_reference,0.94,True,
topic_label_v3_2_added_00405,"Actually, Ser vs Estar is the older topic I need again.",Rhythm in Music,Dopamine | Ser vs Estar | Necessary vs Sufficient Conditions | Budgeting | Rhythm in Music,We spent a minute on Ser vs Estar before switching away. | The current explanation of Rhythm in Music helped a little.,Ser vs Estar,explicit_topic_reference,0.91,True,
topic_label_v3_2_added_00406,"Actually, Confirmation Bias is the older topic I need again.",Profit Margin,Carbon Cycle | Kidney Filtration | Confirmation Bias | Profit Margin | Entropy,We spent a minute on Confirmation Bias before switching away. | The current explanation of Profit Margin helped a little.,Confirmation Bias,explicit_topic_reference,0.96,True,
topic_label_v3_2_added_00407,I want to return to Pragmatics; that one still feels shaky.,Environmental Feedback Loops,Derivatives | Environmental Feedback Loops | Thesis Statements | Typography | Pragmatics,We spent a minute on Pragmatics before switching away. | The current explanation of Environmental Feedback Loops helped a little.,Pragmatics,explicit_topic_reference,0.91,True,
topic_label_v3_2_added_00408,Can we go back to Circuit Breakers? I left it too early.,Profit Margin,Promise Chains | Entropy | Circuit Breakers | Profit Margin | Privacy Rights,We spent a minute on Circuit Breakers before switching away. | The current explanation of Profit Margin helped a little.,Circuit Breakers,explicit_topic_reference,0.95,True,
topic_label_v3_2_added_00409,I want to return to Logical Fallacies; that one still feels shaky.,Close Reading,Composition in Photography | Action Potentials | Working Memory | Close Reading | Logical Fallacies,We spent a minute on Logical Fallacies before switching away. | The current explanation of Close Reading helped a little.,Logical Fallacies,explicit_topic_reference,0.95,True,
topic_label_v3_2_added_00410,Earlier we had Chord Progressions. Can we reopen that?,Ocean Currents,Ocean Currents | Chord Progressions | Normal Distribution | Entropy | Derivatives,We spent a minute on Chord Progressions before switching away. | The current explanation of Ocean Currents helped a little.,Chord Progressions,explicit_topic_reference,0.98,True,
topic_label_v3_2_added_00411,Let's revisit Quadratic Functions before moving on.,Engines,Renewable Energy Grid | Blood Pressure Regulation | Deductive Reasoning | Quadratic Functions | Engines,We spent a minute on Quadratic Functions before switching away. | The current explanation of Engines helped a little.,Quadratic Functions,explicit_topic_reference,0.94,True,
topic_label_v3_2_added_00412,"Back to Unit Circle, please — I think I missed the point.",Protein Folding,Homeostasis | Rhythm in Music | Protein Folding | Greenhouse Effect | Unit Circle,We spent a minute on Unit Circle before switching away. | The current explanation of Protein Folding helped a little.,Unit Circle,explicit_topic_reference,0.91,True,
topic_label_v3_2_added_00413,I want to return to Kidney Filtration; that one still feels shaky.,Moral Luck,Moral Luck | Kidney Filtration | Cloud Formation | Necessary vs Sufficient Conditions | Greenhouse Effect,We spent a minute on Kidney Filtration before switching away. | The current explanation of Moral Luck helped a little.,Kidney Filtration,explicit_topic_reference,0.91,True,
topic_label_v3_2_added_00414,Can we go back to Composition in Photography? I left it too early.,Symbolism,Emotional Regulation | Event Loop | Trigonometry | Composition in Photography | Symbolism,We spent a minute on Composition in Photography before switching away. | The current explanation of Symbolism helped a little.,Composition in Photography,explicit_topic_reference,0.93,True,
topic_label_v3_2_added_00415,Earlier we had Working Memory. Can we reopen that?,Color Contrast,Civil Liberties vs Civil Rights | Color Contrast | Working Memory | Rhythm in Music | Gene Expression,We spent a minute on Working Memory before switching away. | The current explanation of Color Contrast helped a little.,Working Memory,explicit_topic_reference,0.91,True,
topic_label_v3_2_added_00416,Let's revisit Ser vs Estar before moving on.,Immune Response,Ser vs Estar | Immune Response | Judicial Review | Working Memory | Light as a Wave and Particle,We spent a minute on Ser vs Estar before switching away. | The current explanation of Immune Response helped a little.,Ser vs Estar,explicit_topic_reference,0.97,True,
topic_label_v3_2_added_00417,"Back to Event Loop, please — I think I missed the point.",Shading Values,Action Potentials | Liability | Event Loop | Bayes Theorem | Shading Values,We spent a minute on Event Loop before switching away. | The current explanation of Shading Values helped a little.,Event Loop,explicit_topic_reference,0.92,True,
topic_label_v3_2_added_00418,Earlier we had Circadian Rhythm. Can we reopen that?,Spanish Pronouns,Opportunity Cost | Credit Scores | Circadian Rhythm | Break-Even Point | Spanish Pronouns,We spent a minute on Circadian Rhythm before switching away. | The current explanation of Spanish Pronouns helped a little.,Circadian Rhythm,explicit_topic_reference,0.97,True,
topic_label_v3_2_added_00419,I want to return to Typography; that one still feels shaky.,Electricity,Entropy | Probability Distributions | API Authentication | Typography | Electricity,We spent a minute on Typography before switching away. | The current explanation of Electricity helped a little.,Typography,explicit_topic_reference,0.92,True,
topic_label_v3_2_added_00420,"Actually, Emotional Regulation is the older topic I need again.",Logarithms,Logarithms | Emotional Regulation | Greenhouse Effect | Git Branching | Ser vs Estar,We spent a minute on Emotional Regulation before switching away. | The current explanation of Logarithms helped a little.,Emotional Regulation,explicit_topic_reference,0.93,True,
topic_label_v3_2_added_00421,Can we go back to Moral Luck? I left it too early.,Gesture Drawing,Civil Liberties vs Civil Rights | Moral Luck | Action Potentials | Gesture Drawing | Vaccine Mechanisms,We spent a minute on Moral Luck before switching away. | The current explanation of Gesture Drawing helped a little.,Moral Luck,explicit_topic_reference,0.93,True,
topic_label_v3_2_added_00422,"Back to Compound Interest, please — I think I missed the point.",Regression Lines,Compound Interest | Regression Lines | Confirmation Bias | Correlation vs Causation | Break-Even Point,We spent a minute on Compound Interest before switching away. | The current explanation of Regression Lines helped a little.,Compound Interest,explicit_topic_reference,0.90,True,
topic_label_v3_2_added_00423,"Back to Plea Bargains, please — I think I missed the point.",Working Memory,Plea Bargains | Engines | Shading Values | Working Memory | Judicial Review,We spent a minute on Plea Bargains before switching away. | The current explanation of Working Memory helped a little.,Plea Bargains,explicit_topic_reference,0.94,True,
topic_label_v3_2_added_00424,Earlier we had Entropy. Can we reopen that?,Event Loop,Conversation Repair | Event Loop | Topic Sentences | Entropy | Typography,We spent a minute on Entropy before switching away. | The current explanation of Event Loop helped a little.,Entropy,explicit_topic_reference,0.94,True,
topic_label_v3_2_added_00425,Earlier we had Circuit Breakers. Can we reopen that?,Logarithms,Gene Expression | Composition in Photography | Budgeting | Logarithms | Circuit Breakers,We spent a minute on Circuit Breakers before switching away. | The current explanation of Logarithms helped a little.,Circuit Breakers,explicit_topic_reference,0.94,True,
topic_label_v3_2_added_00426,Let's revisit Air Pressure Systems before moving on.,Greenhouse Effect,Greenhouse Effect | Active Voice vs Passive Voice | Air Pressure Systems | Engines | Perspective Drawing,We spent a minute on Air Pressure Systems before switching away. | The current explanation of Greenhouse Effect helped a little.,Air Pressure Systems,explicit_topic_reference,0.93,True,
topic_label_v3_2_added_00427,Earlier we had API Authentication. Can we reopen that?,Probability Distributions,Environmental Feedback Loops | Vaccine Mechanisms | Derivatives | Probability Distributions | API Authentication,We spent a minute on API Authentication before switching away. | The current explanation of Probability Distributions helped a little.,API Authentication,explicit_topic_reference,0.97,True,
topic_label_v3_2_added_00428,Let's revisit Active Voice vs Passive Voice before moving on.,Air Pressure Systems,Break-Even Point | Watersheds | Air Pressure Systems | Active Voice vs Passive Voice | Mitosis vs Meiosis,We spent a minute on Active Voice vs Passive Voice before switching away. | The current explanation of Air Pressure Systems helped a little.,Active Voice vs Passive Voice,explicit_topic_reference,0.95,True,
topic_label_v3_2_added_00429,Let's revisit Compound Interest before moving on.,API Authentication,API Authentication | Caching | Protein Folding | Ocean Currents | Compound Interest,We spent a minute on Compound Interest before switching away. | The current explanation of API Authentication helped a little.,Compound Interest,explicit_topic_reference,0.94,True,
topic_label_v3_2_added_00430,"Actually, Camera Aperture is the older topic I need again.",Carbon Cycle,Break-Even Point | Carbon Cycle | Light as a Wave and Particle | Shading Values | Camera Aperture,We spent a minute on Camera Aperture before switching away. | The current explanation of Carbon Cycle helped a little.,Camera Aperture,explicit_topic_reference,0.97,True,
topic_label_v3_2_added_00431,Earlier we had Free Body Diagrams. Can we reopen that?,Renewable Energy Grid,Food Webs | Renewable Energy Grid | Dopamine | React State | Free Body Diagrams,We spent a minute on Free Body Diagrams before switching away. | The current explanation of Renewable Energy Grid helped a little.,Free Body Diagrams,explicit_topic_reference,0.94,True,
topic_label_v3_2_added_00432,"Actually, Immune Response is the older topic I need again.",Logical Fallacies,Vector Search | Electricity | Probability Distributions | Immune Response | Logical Fallacies,We spent a minute on Immune Response before switching away. | The current explanation of Logical Fallacies helped a little.,Immune Response,explicit_topic_reference,0.91,True,
topic_label_v3_2_added_00433,I want to return to Profit Margin; that one still feels shaky.,Logical Fallacies,Profit Margin | Mitosis vs Meiosis | Dopamine | Quadratic Functions | Logical Fallacies,We spent a minute on Profit Margin before switching away. | The current explanation of Logical Fallacies helped a little.,Profit Margin,explicit_topic_reference,0.93,True,
topic_label_v3_2_added_00434,"Back to Action Potentials, please — I think I missed the point.",Quadratic Functions,Camera Aperture | Normal Distribution | Quadratic Functions | Action Potentials | Systems of Equations,We spent a minute on Action Potentials before switching away. | The current explanation of Quadratic Functions helped a little.,Action Potentials,explicit_topic_reference,0.98,True,
topic_label_v3_2_added_00435,Let's revisit Opportunity Cost before moving on.,Privacy Rights,Break-Even Point | Privacy Rights | Rhythm in Music | Opportunity Cost | Inductive Reasoning,We spent a minute on Opportunity Cost before switching away. | The current explanation of Privacy Rights helped a little.,Opportunity Cost,explicit_topic_reference,0.92,True,
topic_label_v3_2_added_00436,"Actually, Caching is the older topic I need again.",Primary vs Secondary Sources,Primary vs Secondary Sources | Caching | Opportunity Cost | TypeScript Generics | Typography,We spent a minute on Caching before switching away. | The current explanation of Primary vs Secondary Sources helped a little.,Caching,explicit_topic_reference,0.97,True,
topic_label_v3_2_added_00437,Can we go back to TypeScript Generics? I left it too early.,Ser vs Estar,Free Body Diagrams | Protein Folding | Ser vs Estar | API Authentication | TypeScript Generics,We spent a minute on TypeScript Generics before switching away. | The current explanation of Ser vs Estar helped a little.,TypeScript Generics,explicit_topic_reference,0.92,True,
topic_label_v3_2_added_00438,Can we go back to Judicial Review? I left it too early.,Confirmation Bias,Privacy Rights | Sodium-Potassium Pump | Confirmation Bias | Correlation vs Causation | Judicial Review,We spent a minute on Judicial Review before switching away. | The current explanation of Confirmation Bias helped a little.,Judicial Review,explicit_topic_reference,0.95,True,
topic_label_v3_2_added_00439,"Back to Working Memory, please — I think I missed the point.",Privacy Rights,Gesture Drawing | Kidney Filtration | Action Potentials | Privacy Rights | Working Memory,We spent a minute on Working Memory before switching away. | The current explanation of Privacy Rights helped a little.,Working Memory,explicit_topic_reference,0.92,True,
topic_label_v3_2_added_00440,"Actually, Cloud Formation is the older topic I need again.",Ser vs Estar,Reinforcement Learning | Protein Folding | Ser vs Estar | Cloud Formation | React State,We spent a minute on Cloud Formation before switching away. | The current explanation of Ser vs Estar helped a little.,Cloud Formation,explicit_topic_reference,0.93,True,
topic_label_v3_2_added_00441,Earlier we had Chord Progressions. Can we reopen that?,Regression Lines,Regression Lines | Color Contrast | Event Loop | Cellular Respiration | Chord Progressions,We spent a minute on Chord Progressions before switching away. | The current explanation of Regression Lines helped a little.,Chord Progressions,explicit_topic_reference,0.95,True,
topic_label_v3_2_added_00442,"Actually, Food Webs is the older topic I need again.",Normal Distribution,Food Webs | Homeostasis | Vector Search | Normal Distribution | Cellular Respiration,We spent a minute on Food Webs before switching away. | The current explanation of Normal Distribution helped a little.,Food Webs,explicit_topic_reference,0.94,True,
topic_label_v3_2_added_00443,"Actually, Symbolism is the older topic I need again.",Geothermal Energy,Symbolism | Geothermal Energy | Electricity | Supply and Demand | Color Contrast,We spent a minute on Symbolism before switching away. | The current explanation of Geothermal Energy helped a little.,Symbolism,explicit_topic_reference,0.93,True,
topic_label_v3_2_added_00444,Can we go back to Opportunity Cost? I left it too early.,Correlation vs Causation,Air Pressure Systems | Shading Values | Derivatives | Opportunity Cost | Correlation vs Causation,We spent a minute on Opportunity Cost before switching away. | The current explanation of Correlation vs Causation helped a little.,Opportunity Cost,explicit_topic_reference,0.93,True,
topic_label_v3_2_added_00445,Can we go back to Quadratic Functions? I left it too early.,Inductive Reasoning,Inductive Reasoning | Contract Law Basics | Wave-Particle Duality | Preterite vs Imperfect | Quadratic Functions,We spent a minute on Quadratic Functions before switching away. | The current explanation of Inductive Reasoning helped a little.,Quadratic Functions,explicit_topic_reference,0.95,True,
topic_label_v3_2_added_00446,Can we go back to Working Memory? I left it too early.,Wave-Particle Duality,Symbolism | Gene Expression | Wave-Particle Duality | Working Memory | Conversation Repair,We spent a minute on Working Memory before switching away. | The current explanation of Wave-Particle Duality helped a little.,Working Memory,explicit_topic_reference,0.96,True,
topic_label_v3_2_added_00447,Let's revisit Electoral College before moving on.,Working Memory,Close Reading | Bayes Theorem | Working Memory | Electoral College | Food Webs,We spent a minute on Electoral College before switching away. | The current explanation of Working Memory helped a little.,Electoral College,explicit_topic_reference,0.95,True,
topic_label_v3_2_added_00448,Can we go back to Git Branching? I left it too early.,Torque,Entropy | React State | Torque | OAuth Flow | Git Branching,We spent a minute on Git Branching before switching away. | The current explanation of Torque helped a little.,Git Branching,explicit_topic_reference,0.96,True,
topic_label_v3_2_added_00449,Let's revisit Trigonometry before moving on.,Thesis Statements,Preterite vs Imperfect | Protein Folding | Trigonometry | Pragmatics | Thesis Statements,We spent a minute on Trigonometry before switching away. | The current explanation of Thesis Statements helped a little.,Trigonometry,explicit_topic_reference,0.91,True,
topic_label_v3_2_added_00450,"Back to Cloud Formation, please — I think I missed the point.",Privacy Rights,Privacy Rights | API Authentication | Regression Lines | Cloud Formation | Event Loop,We spent a minute on Cloud Formation before switching away. | The current explanation of Privacy Rights helped a little.,Cloud Formation,explicit_topic_reference,0.91,True,
topic_label_v3_2_added_00451,Can you explain that easier?,Moral Luck,Moral Luck,,,active_topic_reference,0.96,True,
topic_label_v3_2_added_00452,What would that look like?,Symbolism,Symbolism,"Can you help me understand Symbolism? | The last example about Symbolism helped, but not fully.",,active_topic_reference,0.93,True,
topic_label_v3_2_added_00453,Can you say it another way?,Action Potentials,Action Potentials | Symbolism | Inductive Reasoning,,,active_topic_reference,0.96,True,
topic_label_v3_2_added_00454,I still don't get it.,Protein Folding,Protein Folding,"Can you help me understand Protein Folding? | The last example about Protein Folding helped, but not fully.",,active_topic_reference,0.95,True,
topic_label_v3_2_added_00455,Could you make this more visual?,Osmosis,Osmosis,"Can you help me understand Osmosis? | The last example about Osmosis helped, but not fully.",,active_topic_reference,0.91,True,
topic_label_v3_2_added_00456,Can you compare it to something concrete?,OAuth Flow,OAuth Flow,"Can you help me understand OAuth Flow? | The last example about OAuth Flow helped, but not fully.",,active_topic_reference,0.90,True,
topic_label_v3_2_added_00457,I need another example of that.,React State,React State,"Can you help me understand React State? | The last example about React State helped, but not fully.",,active_topic_reference,0.95,True,
topic_label_v3_2_added_00458,"The words make sense separately, but not together.",TypeScript Generics,TypeScript Generics,,,active_topic_reference,0.91,True,
topic_label_v3_2_added_00459,Can you restate this without the formal wording?,Circuit Breakers,Circuit Breakers,"Can you help me understand Circuit Breakers? | The last example about Circuit Breakers helped, but not fully.",,active_topic_reference,0.90,True,
topic_label_v3_2_added_00460,Can you restate this without the formal wording?,Air Pressure Systems,Air Pressure Systems,,,active_topic_reference,0.88,True,
topic_label_v3_2_added_00461,Can you compare it to something concrete?,Ecological Succession,Ecological Succession,"Can you help me understand Ecological Succession? | The last example about Ecological Succession helped, but not fully.",,active_topic_reference,0.94,True,
topic_label_v3_2_added_00462,"I'm following some of it, but the middle step is fuzzy.",Foreshadowing,Foreshadowing | Cloud Formation | Contract Law Basics | Reading Comprehension | Reinforcement Learning,,,active_topic_reference,0.92,True,
topic_label_v3_2_added_00463,"I think I understand the first sentence, then I lose the thread.",Trigonometry,Trigonometry | Ecological Succession | Moral Luck | Break-Even Point | Supply and Demand,"Can you help me understand Trigonometry? | The last example about Trigonometry helped, but not fully.",,active_topic_reference,0.95,True,
topic_label_v3_2_added_00464,What would that look like?,Supply and Demand,Supply and Demand,,,active_topic_reference,0.96,True,
topic_label_v3_2_added_00465,Can you slow down on this part?,Greenhouse Effect,Greenhouse Effect,"Can you help me understand Greenhouse Effect? | The last example about Greenhouse Effect helped, but not fully.",,active_topic_reference,0.89,True,
topic_label_v3_2_added_00466,I still don't get it.,Supply and Demand,Supply and Demand,,,active_topic_reference,0.96,True,
topic_label_v3_2_added_00467,"I'm following some of it, but the middle step is fuzzy.",Entropy,Entropy | Electoral College | Deductive Reasoning | Ocean Currents | Liability,"Can you help me understand Entropy? | The last example about Entropy helped, but not fully.",,active_topic_reference,0.93,True,
topic_label_v3_2_added_00468,"I'm almost there, but it still feels slippery.",Cellular Respiration,Cellular Respiration | Reinforcement Learning | Logarithms | Logical Fallacies | Derivatives,"Can you help me understand Cellular Respiration? | The last example about Cellular Respiration helped, but not fully.",,active_topic_reference,0.92,True,
topic_label_v3_2_added_00469,What would that look like?,Watersheds,Watersheds | Quadratic Functions | Gesture Drawing | Environment Variables | Color Contrast,"Can you help me understand Watersheds? | The last example about Watersheds helped, but not fully.",,active_topic_reference,0.90,True,
topic_label_v3_2_added_00470,Could you make it more visual?,Food Webs,Food Webs | Vaccine Mechanisms,,,active_topic_reference,0.96,True,
topic_label_v3_2_added_00471,Could you make it more visual?,Logarithms,Logarithms | Supply and Demand | Probability Distributions,,,active_topic_reference,0.89,True,
topic_label_v3_2_added_00472,That still feels too abstract.,Food Webs,Food Webs,"Can you help me understand Food Webs? | The last example about Food Webs helped, but not fully.",,active_topic_reference,0.96,True,
topic_label_v3_2_added_00473,Can you explain that easier?,Topic Sentences,Topic Sentences | Budgeting | Working Memory | Git Branching | Electoral College,"Can you help me understand Topic Sentences? | The last example about Topic Sentences helped, but not fully.",,active_topic_reference,0.90,True,
topic_label_v3_2_added_00474,"I'm following some of it, but the middle step is fuzzy.",Defamation,Defamation,"Can you help me understand Defamation? | The last example about Defamation helped, but not fully.",,active_topic_reference,0.92,True,
topic_label_v3_2_added_00475,Could you make it more visual?,Circuit Breakers,Circuit Breakers | Gene Expression | Close Reading,,,active_topic_reference,0.88,True,
topic_label_v3_2_added_00476,"The words make sense separately, but not together.",Bayes Theorem,Bayes Theorem | Light as a Wave and Particle | Environment Variables,"Can you help me understand Bayes Theorem? | The last example about Bayes Theorem helped, but not fully.",,active_topic_reference,0.90,True,
topic_label_v3_2_added_00477,"That example helped, but I'm not sure I could do it myself.",Shading Values,Shading Values | Plea Bargains | Spanish Pronouns | Circadian Rhythm | Primary vs Secondary Sources,"Can you help me understand Shading Values? | The last example about Shading Values helped, but not fully.",,active_topic_reference,0.97,True,
topic_label_v3_2_added_00478,I need another example of that.,Plea Bargains,Plea Bargains | Camera Aperture,"Can you help me understand Plea Bargains? | The last example about Plea Bargains helped, but not fully.",,active_topic_reference,0.94,True,
topic_label_v3_2_added_00479,"That example helped, but I'm not sure I could do it myself.",Carbon Cycle,Carbon Cycle,"Can you help me understand Carbon Cycle? | The last example about Carbon Cycle helped, but not fully.",,active_topic_reference,0.91,True,
topic_label_v3_2_added_00480,"I think I understand the first sentence, then I lose the thread.",Osmosis,Osmosis | Foreshadowing,"Can you help me understand Osmosis? | The last example about Osmosis helped, but not fully.",,active_topic_reference,0.91,True,
topic_label_v3_2_added_00481,"I get the answer, not the reason.",Gene Expression,Gene Expression,,,active_topic_reference,0.95,True,
topic_label_v3_2_added_00482,Can you compare it to something concrete?,Typography,Typography | Circadian Rhythm,"Can you help me understand Typography? | The last example about Typography helped, but not fully.",,active_topic_reference,0.95,True,
topic_label_v3_2_added_00483,Could you make it more visual?,Promise Chains,Promise Chains | Credit Scores | Working Memory,"Can you help me understand Promise Chains? | The last example about Promise Chains helped, but not fully.",,active_topic_reference,0.95,True,
topic_label_v3_2_added_00484,That still feels too abstract.,Database Indexes,Database Indexes | Foreshadowing,"Can you help me understand Database Indexes? | The last example about Database Indexes helped, but not fully.",,active_topic_reference,0.97,True,
topic_label_v3_2_added_00485,That still feels too abstract.,Photosynthesis,Photosynthesis,"Can you help me understand Photosynthesis? | The last example about Photosynthesis helped, but not fully.",,active_topic_reference,0.93,True,
topic_label_v3_2_added_00486,Could you make it more visual?,Composition in Photography,Composition in Photography,"Can you help me understand Composition in Photography? | The last example about Composition in Photography helped, but not fully.",,active_topic_reference,0.91,True,
topic_label_v3_2_added_00487,What would that look like?,Circuit Breakers,Circuit Breakers | Spanish Pronouns | CSS Specificity | Moral Luck | Quadratic Functions,"Can you help me understand Circuit Breakers? | The last example about Circuit Breakers helped, but not fully.",,active_topic_reference,0.89,True,
topic_label_v3_2_added_00488,"I'm following some of it, but the middle step is fuzzy.",Event Loop,Event Loop,"Can you help me understand Event Loop? | The last example about Event Loop helped, but not fully.",,active_topic_reference,0.94,True,
topic_label_v3_2_added_00489,"I get the answer, not the reason.",Supply and Demand,Supply and Demand | Budgeting | Probability Distributions,,,active_topic_reference,0.91,True,
topic_label_v3_2_added_00490,Why is that the right move?,Cloud Formation,Cloud Formation,,,active_topic_reference,0.92,True,
topic_label_v3_2_added_00491,I still don't get it.,Ser vs Estar,Ser vs Estar,"Can you help me understand Ser vs Estar? | The last example about Ser vs Estar helped, but not fully.",,active_topic_reference,0.96,True,
topic_label_v3_2_added_00492,"I'm almost there, but it still feels slippery.",Vaccine Mechanisms,Vaccine Mechanisms | Inductive Reasoning | Civil Liberties vs Civil Rights | Working Memory | Foreshadowing,"Can you help me understand Vaccine Mechanisms? | The last example about Vaccine Mechanisms helped, but not fully.",,active_topic_reference,0.91,True,
topic_label_v3_2_added_00493,"I think I understand the first sentence, then I lose the thread.",Action Potentials,Action Potentials | Spanish Pronouns | Spanish Pronouns | Photosynthesis | Correlation vs Causation,,,active_topic_reference,0.94,True,
topic_label_v3_2_added_00494,"The words make sense separately, but not together.",Unit Circle,Unit Circle,"Can you help me understand Unit Circle? | The last example about Unit Circle helped, but not fully.",,active_topic_reference,0.93,True,
topic_label_v3_2_added_00495,What is the intuition behind that?,Caching,Caching | Logarithms,"Can you help me understand Caching? | The last example about Caching helped, but not fully.",,active_topic_reference,0.91,True,
topic_label_v3_2_added_00496,"I'm following some of it, but the middle step is fuzzy.",Probability Distributions,Probability Distributions,,,active_topic_reference,0.96,True,
topic_label_v3_2_added_00497,What is the intuition behind that?,Topic Sentences,Topic Sentences,"Can you help me understand Topic Sentences? | The last example about Topic Sentences helped, but not fully.",,active_topic_reference,0.97,True,
topic_label_v3_2_added_00498,"Wait, why does that happen?",Osmosis,Osmosis,"Can you help me understand Osmosis? | The last example about Osmosis helped, but not fully.",,active_topic_reference,0.95,True,
topic_label_v3_2_added_00499,"The words make sense separately, but not together.",Sodium-Potassium Pump,Sodium-Potassium Pump,,,active_topic_reference,0.90,True,
topic_label_v3_2_added_00500,Can you compare it to something concrete?,Ecological Succession,Ecological Succession,"Can you help me understand Ecological Succession? | The last example about Ecological Succession helped, but not fully.",,active_topic_reference,0.90,True,
topic_label_v3_2_added_00501,I need another example of that.,Budgeting,Budgeting,"Can you help me understand Budgeting? | The last example about Budgeting helped, but not fully.",,active_topic_reference,0.90,True,
topic_label_v3_2_added_00502,Can you compare it to something concrete?,Active Voice vs Passive Voice,Active Voice vs Passive Voice,"Can you help me understand Active Voice vs Passive Voice? | The last example about Active Voice vs Passive Voice helped, but not fully.",,active_topic_reference,0.94,True,
topic_label_v3_2_added_00503,I still don't get it.,Gesture Drawing,Gesture Drawing | Trigonometry | Credit Scores | React State | Torque,"Can you help me understand Gesture Drawing? | The last example about Gesture Drawing helped, but not fully.",,active_topic_reference,0.89,True,
topic_label_v3_2_added_00504,"Wait, why does that happen?",Symbolism,Symbolism | Pragmatics | Electricity | Conversion Funnel | Defamation,"Can you help me understand Symbolism? | The last example about Symbolism helped, but not fully.",,active_topic_reference,0.93,True,
topic_label_v3_2_added_00505,What's the tiny step I'm skipping?,Thesis Statements,Thesis Statements,"Can you help me understand Thesis Statements? | The last example about Thesis Statements helped, but not fully.",,active_topic_reference,0.96,True,
topic_label_v3_2_added_00506,"That example helped, but I'm not sure I could do it myself.",Supply and Demand,Supply and Demand | CSS Specificity | Air Pressure Systems,,,active_topic_reference,0.94,True,
topic_label_v3_2_added_00507,That still feels too abstract.,Circuit Breakers,Circuit Breakers | Engines,"Can you help me understand Circuit Breakers? | The last example about Circuit Breakers helped, but not fully.",,active_topic_reference,0.97,True,
topic_label_v3_2_added_00508,Can you compare it to something concrete?,Derivatives,Derivatives | Vector Search | Bayes Theorem,,,active_topic_reference,0.88,True,
topic_label_v3_2_added_00509,I need another example of that.,Dopamine,Dopamine | Systems of Equations,"Can you help me understand Dopamine? | The last example about Dopamine helped, but not fully.",,active_topic_reference,0.96,True,
topic_label_v3_2_added_00510,"That example helped, but I'm not sure I could do it myself.",Reinforcement Learning,Reinforcement Learning,"Can you help me understand Reinforcement Learning? | The last example about Reinforcement Learning helped, but not fully.",,active_topic_reference,0.88,True,
topic_label_v3_2_added_00511,I still don't get it.,Photosynthesis,Photosynthesis | Osmosis,"Can you help me understand Photosynthesis? | The last example about Photosynthesis helped, but not fully.",,active_topic_reference,0.93,True,
topic_label_v3_2_added_00512,"Wait, why does that happen?",Compound Interest,Compound Interest | Renewable Energy Grid,,,active_topic_reference,0.94,True,
topic_label_v3_2_added_00513,Can you compare it to something concrete?,Cellular Respiration,Cellular Respiration,,,active_topic_reference,0.92,True,
topic_label_v3_2_added_00514,What is the intuition behind that?,Actual Concept of Light,Actual Concept of Light,"Can you help me understand Actual Concept of Light? | The last example about Actual Concept of Light helped, but not fully.",,active_topic_reference,0.96,True,
topic_label_v3_2_added_00515,"I'm almost there, but it still feels slippery.",Systems of Equations,Systems of Equations | Inflation | Circuit Breakers,,,active_topic_reference,0.96,True,
topic_label_v3_2_added_00516,What is the intuition behind that?,Trigonometry,Trigonometry | Cellular Respiration,"Can you help me understand Trigonometry? | The last example about Trigonometry helped, but not fully.",,active_topic_reference,0.95,True,
topic_label_v3_2_added_00517,Why is that the right move?,Supply and Demand,Supply and Demand,"Can you help me understand Supply and Demand? | The last example about Supply and Demand helped, but not fully.",,active_topic_reference,0.89,True,
topic_label_v3_2_added_00518,"I get the answer, not the reason.",CSS Specificity,CSS Specificity,,,active_topic_reference,0.95,True,
topic_label_v3_2_added_00519,"I get the answer, not the reason.",Quadratic Functions,Quadratic Functions | Vector Search | Judicial Review | TypeScript Generics | Perspective Drawing,"Can you help me understand Quadratic Functions? | The last example about Quadratic Functions helped, but not fully.",,active_topic_reference,0.97,True,
topic_label_v3_2_added_00520,Can you explain that easier?,Supply and Demand,Supply and Demand | Immune Response | Probability Distributions,"Can you help me understand Supply and Demand? | The last example about Supply and Demand helped, but not fully.",,active_topic_reference,0.94,True,
topic_label_v3_2_added_00521,I still don't get it.,React State,React State | Quadratic Functions,"Can you help me understand React State? | The last example about React State helped, but not fully.",,active_topic_reference,0.91,True,
topic_label_v3_2_added_00522,"The words make sense separately, but not together.",Compound Interest,Compound Interest,"Can you help me understand Compound Interest? | The last example about Compound Interest helped, but not fully.",,active_topic_reference,0.93,True,
topic_label_v3_2_added_00523,I need another example of that.,OAuth Flow,OAuth Flow,"Can you help me understand OAuth Flow? | The last example about OAuth Flow helped, but not fully.",,active_topic_reference,0.92,True,
topic_label_v3_2_added_00524,"That example helped, but I'm not sure I could do it myself.",Lifetime Value,Lifetime Value | Normal Distribution | Embeddings | Rhythm in Music | Free Body Diagrams,,,active_topic_reference,0.94,True,
topic_label_v3_2_added_00525,I need another example of that.,Cellular Respiration,Cellular Respiration,"Can you help me understand Cellular Respiration? | The last example about Cellular Respiration helped, but not fully.",,active_topic_reference,0.92,True,
topic_label_v3_2_added_00526,Can you slow down on this part?,React State,React State | Electricity | Osmosis,"Can you help me understand React State? | The last example about React State helped, but not fully.",,active_topic_reference,0.96,True,
topic_label_v3_2_added_00527,"I'm almost there, but it still feels slippery.",Engines,Engines | Executive Function | Working Memory,"Can you help me understand Engines? | The last example about Engines helped, but not fully.",,active_topic_reference,0.88,True,
topic_label_v3_2_added_00528,"I'm following some of it, but the middle step is fuzzy.",Photosynthesis,Photosynthesis | Primary vs Secondary Sources | Ocean Currents | Close Reading | Greenhouse Effect,"Can you help me understand Photosynthesis? | The last example about Photosynthesis helped, but not fully.",,active_topic_reference,0.94,True,
topic_label_v3_2_added_00529,"I'm following some of it, but the middle step is fuzzy.",Derivatives,Derivatives,"Can you help me understand Derivatives? | The last example about Derivatives helped, but not fully.",,active_topic_reference,0.93,True,
topic_label_v3_2_added_00530,I need another example of that.,Wave-Particle Duality,Wave-Particle Duality | Light as a Wave and Particle,,,active_topic_reference,0.95,True,
topic_label_v3_2_added_00531,"The words make sense separately, but not together.",Budgeting,Budgeting | Actual Concept of Light | Compound Interest,"Can you help me understand Budgeting? | The last example about Budgeting helped, but not fully.",,active_topic_reference,0.93,True,
topic_label_v3_2_added_00532,Can you explain that easier?,Mitosis vs Meiosis,Mitosis vs Meiosis,"Can you help me understand Mitosis vs Meiosis? | The last example about Mitosis vs Meiosis helped, but not fully.",,active_topic_reference,0.93,True,
topic_label_v3_2_added_00533,Could you say the same idea in a simpler way?,Camera Aperture,Camera Aperture | French Pronunciation | Reading Comprehension,"Can you help me understand Camera Aperture? | The last example about Camera Aperture helped, but not fully.",,active_topic_reference,0.96,True,
topic_label_v3_2_added_00534,Can you compare it to something concrete?,Regression Lines,Regression Lines,"Can you help me understand Regression Lines? | The last example about Regression Lines helped, but not fully.",,active_topic_reference,0.93,True,
topic_label_v3_2_added_00535,What's the tiny step I'm skipping?,Photosynthesis,Photosynthesis | Spanish Pronouns | Cellular Respiration | TypeScript Generics | Environment Variables,"Can you help me understand Photosynthesis? | The last example about Photosynthesis helped, but not fully.",,active_topic_reference,0.91,True,
topic_label_v3_2_added_00536,"Wait, why does that happen?",Bayes Theorem,Bayes Theorem | OAuth Flow,"Can you help me understand Bayes Theorem? | The last example about Bayes Theorem helped, but not fully.",,active_topic_reference,0.89,True,
topic_label_v3_2_added_00537,"That example helped, but I'm not sure I could do it myself.",Profit Margin,Profit Margin,"Can you help me understand Profit Margin? | The last example about Profit Margin helped, but not fully.",,active_topic_reference,0.97,True,
topic_label_v3_2_added_00538,"The words make sense separately, but not together.",Circuit Breakers,Circuit Breakers,"Can you help me understand Circuit Breakers? | The last example about Circuit Breakers helped, but not fully.",,active_topic_reference,0.95,True,
topic_label_v3_2_added_00539,Could you make it more visual?,Defamation,Defamation | Moral Luck,"Can you help me understand Defamation? | The last example about Defamation helped, but not fully.",,active_topic_reference,0.96,True,
topic_label_v3_2_added_00540,"I get the answer, not the reason.",Reading Comprehension,Reading Comprehension,"Can you help me understand Reading Comprehension? | The last example about Reading Comprehension helped, but not fully.",,active_topic_reference,0.91,True,
topic_label_v3_2_added_00541,What would that look like?,Contract Law Basics,Contract Law Basics | Circadian Rhythm | Entropy | Environment Variables | Actual Concept of Light,"Can you help me understand Contract Law Basics? | The last example about Contract Law Basics helped, but not fully.",,active_topic_reference,0.97,True,
topic_label_v3_2_added_00542,I still don't get it.,Database Indexes,Database Indexes | Opportunity Cost,"Can you help me understand Database Indexes? | The last example about Database Indexes helped, but not fully.",,active_topic_reference,0.95,True,
topic_label_v3_2_added_00543,"That example helped, but I'm not sure I could do it myself.",Environment Variables,Environment Variables | Food Webs | Defamation | Geothermal Energy | TypeScript Generics,"Can you help me understand Environment Variables? | The last example about Environment Variables helped, but not fully.",,active_topic_reference,0.92,True,
topic_label_v3_2_added_00544,Could you make it more visual?,OAuth Flow,OAuth Flow,"Can you help me understand OAuth Flow? | The last example about OAuth Flow helped, but not fully.",,active_topic_reference,0.95,True,
topic_label_v3_2_added_00545,I need another example of that.,Composition in Photography,Composition in Photography | Wave-Particle Duality | Gene Expression,"Can you help me understand Composition in Photography? | The last example about Composition in Photography helped, but not fully.",,active_topic_reference,0.93,True,
topic_label_v3_2_added_00546,Can you compare it to something concrete?,Composition in Photography,Composition in Photography | Trigonometry | Credit Scores,"Can you help me understand Composition in Photography? | The last example about Composition in Photography helped, but not fully.",,active_topic_reference,0.92,True,
topic_label_v3_2_added_00547,"I think I understand the first sentence, then I lose the thread.",Bayes Theorem,Bayes Theorem | Preterite vs Imperfect | Insurance Deductibles,"Can you help me understand Bayes Theorem? | The last example about Bayes Theorem helped, but not fully.",,active_topic_reference,0.92,True,
topic_label_v3_2_added_00548,Can you compare it to something concrete?,Supply and Demand,Supply and Demand,,,active_topic_reference,0.95,True,
topic_label_v3_2_added_00549,I need another example of that.,Homeostasis,Homeostasis | TypeScript Generics | Composition in Photography | Photosynthesis | Environment Variables,,,active_topic_reference,0.91,True,
topic_label_v3_2_added_00550,Could you make it more visual?,Food Webs,Food Webs | Logical Fallacies,,,active_topic_reference,0.97,True,
topic_label_v3_2_added_00551,Can you compare it to something concrete?,Cloud Formation,Cloud Formation | Active Voice vs Passive Voice | Event Loop | Compound Interest | Environment Variables,"Can you help me understand Cloud Formation? | The last example about Cloud Formation helped, but not fully.",,active_topic_reference,0.88,True,
topic_label_v3_2_added_00552,Can you slow down on this part?,Necessary vs Sufficient Conditions,Necessary vs Sufficient Conditions | Circuit Breakers | Reinforcement Learning | Conversion Funnel | Profit Margin,,,active_topic_reference,0.92,True,
topic_label_v3_2_added_00553,"I'm following some of it, but the middle step is fuzzy.",Reading Comprehension,Reading Comprehension | Conversion Funnel,"Can you help me understand Reading Comprehension? | The last example about Reading Comprehension helped, but not fully.",,active_topic_reference,0.97,True,
topic_label_v3_2_added_00554,Could you make it more visual?,Electoral College,Electoral College | Primary vs Secondary Sources,,,active_topic_reference,0.93,True,
topic_label_v3_2_added_00555,What would that look like?,Conversation Repair,Conversation Repair,,,active_topic_reference,0.96,True,
topic_label_v3_2_added_00556,Can you compare it to something concrete?,Electricity,Electricity | Executive Function | Free Body Diagrams,,,active_topic_reference,0.96,True,
topic_label_v3_2_added_00557,"That example helped, but I'm not sure I could do it myself.",Credit Scores,Credit Scores | Carbon Cycle,"Can you help me understand Credit Scores? | The last example about Credit Scores helped, but not fully.",,active_topic_reference,0.95,True,
topic_label_v3_2_added_00558,Can you explain that easier?,Circuit Breakers,Circuit Breakers | Ecological Succession | Unit Circle,"Can you help me understand Circuit Breakers? | The last example about Circuit Breakers helped, but not fully.",,active_topic_reference,0.93,True,
topic_label_v3_2_added_00559,What would that look like?,Chord Progressions,Chord Progressions,"Can you help me understand Chord Progressions? | The last example about Chord Progressions helped, but not fully.",,active_topic_reference,0.92,True,
topic_label_v3_2_added_00560,"I'm following some of it, but the middle step is fuzzy.",Protein Folding,Protein Folding,"Can you help me understand Protein Folding? | The last example about Protein Folding helped, but not fully.",,active_topic_reference,0.97,True,
topic_label_v3_2_added_00561,I still don't get it.,Civil Liberties vs Civil Rights,Civil Liberties vs Civil Rights,"Can you help me understand Civil Liberties vs Civil Rights? | The last example about Civil Liberties vs Civil Rights helped, but not fully.",,active_topic_reference,0.95,True,
topic_label_v3_2_added_00562,Can you restate this without the formal wording?,Geothermal Energy,Geothermal Energy,"Can you help me understand Geothermal Energy? | The last example about Geothermal Energy helped, but not fully.",,active_topic_reference,0.89,True,
topic_label_v3_2_added_00563,Can you restate this without the formal wording?,Reinforcement Learning,Reinforcement Learning,,,active_topic_reference,0.90,True,
topic_label_v3_2_added_00564,"I get the answer, not the reason.",Circadian Rhythm,Circadian Rhythm | French Pronunciation | Contract Law Basics,"Can you help me understand Circadian Rhythm? | The last example about Circadian Rhythm helped, but not fully.",,active_topic_reference,0.96,True,
topic_label_v3_2_added_00565,Can you restate this without the formal wording?,Profit Margin,Profit Margin | Bayes Theorem | Plea Bargains | Inflation | OAuth Flow,"Can you help me understand Profit Margin? | The last example about Profit Margin helped, but not fully.",,active_topic_reference,0.96,True,
topic_label_v3_2_added_00566,Can you restate this without the formal wording?,Photosynthesis,Photosynthesis | Vector Search | Database Indexes,"Can you help me understand Photosynthesis? | The last example about Photosynthesis helped, but not fully.",,active_topic_reference,0.92,True,
topic_label_v3_2_added_00567,Can you compare it to something concrete?,Electricity,Electricity | Torque | Break-Even Point | Photosynthesis | Spanish Pronouns,"Can you help me understand Electricity? | The last example about Electricity helped, but not fully.",,active_topic_reference,0.89,True,
topic_label_v3_2_added_00568,"Wait, why does that happen?",CSS Specificity,CSS Specificity,"Can you help me understand CSS Specificity? | The last example about CSS Specificity helped, but not fully.",,active_topic_reference,0.90,True,
topic_label_v3_2_added_00569,What is the intuition behind that?,Defamation,Defamation,"Can you help me understand Defamation? | The last example about Defamation helped, but not fully.",,active_topic_reference,0.91,True,
topic_label_v3_2_added_00570,"That example helped, but I'm not sure I could do it myself.",Cellular Respiration,Cellular Respiration | Promise Chains | Free Body Diagrams,"Can you help me understand Cellular Respiration? | The last example about Cellular Respiration helped, but not fully.",,active_topic_reference,0.91,True,
topic_label_v3_2_added_00571,"That example helped, but I'm not sure I could do it myself.",Symbolism,Symbolism | Camera Aperture,,,active_topic_reference,0.90,True,
topic_label_v3_2_added_00572,"Wait, why does that happen?",Budgeting,Budgeting,"Can you help me understand Budgeting? | The last example about Budgeting helped, but not fully.",,active_topic_reference,0.93,True,
topic_label_v3_2_added_00573,"I think I understand the first sentence, then I lose the thread.",Confirmation Bias,Confirmation Bias,,,active_topic_reference,0.92,True,
topic_label_v3_2_added_00574,Can you restate this without the formal wording?,Dopamine,Dopamine | Trigonometry | Environment Variables | Quadratic Functions | Pragmatics,"Can you help me understand Dopamine? | The last example about Dopamine helped, but not fully.",,active_topic_reference,0.91,True,
topic_label_v3_2_added_00575,"The words make sense separately, but not together.",Photosynthesis,Photosynthesis,"Can you help me understand Photosynthesis? | The last example about Photosynthesis helped, but not fully.",,active_topic_reference,0.94,True,
topic_label_v3_2_added_00576,I still don't get it.,Dopamine,Dopamine,"Can you help me understand Dopamine? | The last example about Dopamine helped, but not fully.",,active_topic_reference,0.92,True,
topic_label_v3_2_added_00577,"I think I understand the first sentence, then I lose the thread.",Plea Bargains,Plea Bargains | Close Reading | Chord Progressions | Gene Expression | Photosynthesis,"Can you help me understand Plea Bargains? | The last example about Plea Bargains helped, but not fully.",,active_topic_reference,0.91,True,
topic_label_v3_2_added_00578,Could you say the same idea in a simpler way?,Ocean Currents,Ocean Currents,"Can you help me understand Ocean Currents? | The last example about Ocean Currents helped, but not fully.",,active_topic_reference,0.94,True,
topic_label_v3_2_added_00579,"The words make sense separately, but not together.",Bayes Theorem,Bayes Theorem | Unit Circle,,,active_topic_reference,0.91,True,
topic_label_v3_2_added_00580,What would that look like?,Logical Fallacies,Logical Fallacies,,,active_topic_reference,0.89,True,
topic_label_v3_2_added_00581,"I think I understand the first sentence, then I lose the thread.",Gene Expression,Gene Expression,,,active_topic_reference,0.90,True,
topic_label_v3_2_added_00582,"That example helped, but I'm not sure I could do it myself.",Credit Scores,Credit Scores | Trigonometry,"Can you help me understand Credit Scores? | The last example about Credit Scores helped, but not fully.",,active_topic_reference,0.90,True,
topic_label_v3_2_added_00583,"That example helped, but I'm not sure I could do it myself.",Photosynthesis,Photosynthesis | Reinforcement Learning,,,active_topic_reference,0.94,True,
topic_label_v3_2_added_00584,Can you slow down on this part?,Storyboarding,Storyboarding | Topic Sentences,"Can you help me understand Storyboarding? | The last example about Storyboarding helped, but not fully.",,active_topic_reference,0.89,True,
topic_label_v3_2_added_00585,"That example helped, but I'm not sure I could do it myself.",Emotional Regulation,Emotional Regulation | Ser vs Estar,"Can you help me understand Emotional Regulation? | The last example about Emotional Regulation helped, but not fully.",,active_topic_reference,0.89,True,
topic_label_v3_2_added_00586,"The words make sense separately, but not together.",Privacy Rights,Privacy Rights | Gene Expression,,,active_topic_reference,0.94,True,
topic_label_v3_2_added_00587,Can you slow down on this part?,Deductive Reasoning,Deductive Reasoning,,,active_topic_reference,0.93,True,
topic_label_v3_2_added_00588,What's the tiny step I'm skipping?,Photosynthesis,Photosynthesis,"Can you help me understand Photosynthesis? | The last example about Photosynthesis helped, but not fully.",,active_topic_reference,0.92,True,
topic_label_v3_2_added_00589,That still feels too abstract.,Liability,Liability,,,active_topic_reference,0.90,True,
topic_label_v3_2_added_00590,I need another example of that.,Moral Luck,Moral Luck | OAuth Flow | Regression Lines,"Can you help me understand Moral Luck? | The last example about Moral Luck helped, but not fully.",,active_topic_reference,0.95,True,
topic_label_v3_2_added_00591,What would that look like?,Dopamine,Dopamine | Quadratic Functions | Correlation vs Causation | Typography | Supply and Demand,"Can you help me understand Dopamine? | The last example about Dopamine helped, but not fully.",,active_topic_reference,0.91,True,
topic_label_v3_2_added_00592,What is the intuition behind that?,Foreshadowing,Foreshadowing | Probability Distributions | Camera Aperture,"Can you help me understand Foreshadowing? | The last example about Foreshadowing helped, but not fully.",,active_topic_reference,0.92,True,
topic_label_v3_2_added_00593,"The words make sense separately, but not together.",Budgeting,Budgeting,,,active_topic_reference,0.88,True,
topic_label_v3_2_added_00594,"I get the answer, not the reason.",Vector Search,Vector Search,,,active_topic_reference,0.91,True,
topic_label_v3_2_added_00595,Can you explain that easier?,Electoral College,Electoral College,"Can you help me understand Electoral College? | The last example about Electoral College helped, but not fully.",,active_topic_reference,0.94,True,
topic_label_v3_2_added_00596,"I think I understand the first sentence, then I lose the thread.",Electricity,Electricity,,,active_topic_reference,0.95,True,
topic_label_v3_2_added_00597,Can you explain that easier?,Carbon Cycle,Carbon Cycle | Promise Chains,"Can you help me understand Carbon Cycle? | The last example about Carbon Cycle helped, but not fully.",,active_topic_reference,0.96,True,
topic_label_v3_2_added_00598,Can you slow down on this part?,Reinforcement Learning,Reinforcement Learning,"Can you help me understand Reinforcement Learning? | The last example about Reinforcement Learning helped, but not fully.",,active_topic_reference,0.96,True,
topic_label_v3_2_added_00599,Can you compare it to something concrete?,Ocean Currents,Ocean Currents | Kidney Filtration | Wave-Particle Duality,"Can you help me understand Ocean Currents? | The last example about Ocean Currents helped, but not fully.",,active_topic_reference,0.95,True,
topic_label_v3_2_added_00600,Can you slow down on this part?,Sodium-Potassium Pump,Sodium-Potassium Pump,"Can you help me understand Sodium-Potassium Pump? | The last example about Sodium-Potassium Pump helped, but not fully.",,active_topic_reference,0.90,True,
topic_label_v3_2_added_00601,What would that look like?,Insurance Deductibles,Insurance Deductibles,"Can you help me understand Insurance Deductibles? | The last example about Insurance Deductibles helped, but not fully.",,active_topic_reference,0.94,True,
topic_label_v3_2_added_00602,What is the intuition behind that?,Opportunity Cost,Opportunity Cost,"Can you help me understand Opportunity Cost? | The last example about Opportunity Cost helped, but not fully.",,active_topic_reference,0.92,True,
topic_label_v3_2_added_00603,That still feels too abstract.,Privacy Rights,Privacy Rights,"Can you help me understand Privacy Rights? | The last example about Privacy Rights helped, but not fully.",,active_topic_reference,0.93,True,
topic_label_v3_2_added_00604,"I'm following some of it, but the middle step is fuzzy.",Correlation vs Causation,Correlation vs Causation,"Can you help me understand Correlation vs Causation? | The last example about Correlation vs Causation helped, but not fully.",,active_topic_reference,0.93,True,
topic_label_v3_2_added_00605,Could you make it more visual?,Judicial Review,Judicial Review,"Can you help me understand Judicial Review? | The last example about Judicial Review helped, but not fully.",,active_topic_reference,0.91,True,
topic_label_v3_2_added_00606,"I'm almost there, but it still feels slippery.",Circadian Rhythm,Circadian Rhythm | Confirmation Bias | Judicial Review | Privacy Rights | Break-Even Point,"Can you help me understand Circadian Rhythm? | The last example about Circadian Rhythm helped, but not fully.",,active_topic_reference,0.91,True,
topic_label_v3_2_added_00607,"That example helped, but I'm not sure I could do it myself.",TypeScript Generics,TypeScript Generics,"Can you help me understand TypeScript Generics? | The last example about TypeScript Generics helped, but not fully.",,active_topic_reference,0.91,True,
topic_label_v3_2_added_00608,Could you make it more visual?,TypeScript Generics,TypeScript Generics,"Can you help me understand TypeScript Generics? | The last example about TypeScript Generics helped, but not fully.",,active_topic_reference,0.97,True,
topic_label_v3_2_added_00609,I still don't get it.,Environment Variables,Environment Variables,"Can you help me understand Environment Variables? | The last example about Environment Variables helped, but not fully.",,active_topic_reference,0.91,True,
topic_label_v3_2_added_00610,What is the intuition behind that?,Regression Lines,Regression Lines | Immune Response | Storyboarding | Conversation Repair | Caching,"Can you help me understand Regression Lines? | The last example about Regression Lines helped, but not fully.",,active_topic_reference,0.89,True,
topic_label_v3_2_added_00611,"Wait, why does that happen?",Osmosis,Osmosis | Confirmation Bias | Contract Law Basics,"Can you help me understand Osmosis? | The last example about Osmosis helped, but not fully.",,active_topic_reference,0.94,True,
topic_label_v3_2_added_00612,"I'm almost there, but it still feels slippery.",Mitosis vs Meiosis,Mitosis vs Meiosis,"Can you help me understand Mitosis vs Meiosis? | The last example about Mitosis vs Meiosis helped, but not fully.",,active_topic_reference,0.94,True,
topic_label_v3_2_added_00613,What's the tiny step I'm skipping?,Supply and Demand,Supply and Demand,,,active_topic_reference,0.93,True,
topic_label_v3_2_added_00614,Can you restate this without the formal wording?,Light as a Wave and Particle,Light as a Wave and Particle,"Can you help me understand Light as a Wave and Particle? | The last example about Light as a Wave and Particle helped, but not fully.",,active_topic_reference,0.95,True,
topic_label_v3_2_added_00615,I need another example of that.,Logarithms,Logarithms | Ser vs Estar,"Can you help me understand Logarithms? | The last example about Logarithms helped, but not fully.",,active_topic_reference,0.96,True,
topic_label_v3_2_added_00616,Can you restate this without the formal wording?,Electricity,Electricity | Symbolism | Git Branching,"Can you help me understand Electricity? | The last example about Electricity helped, but not fully.",,active_topic_reference,0.92,True,
topic_label_v3_2_added_00617,Can you slow down on this part?,Spanish Pronouns,Spanish Pronouns | Cellular Respiration | Emotional Regulation | Opportunity Cost | Promise Chains,"Can you help me understand Spanish Pronouns? | The last example about Spanish Pronouns helped, but not fully.",,active_topic_reference,0.94,True,
topic_label_v3_2_added_00618,Why is that the right move?,Emotional Regulation,Emotional Regulation | Topic Sentences | Supply and Demand,"Can you help me understand Emotional Regulation? | The last example about Emotional Regulation helped, but not fully.",,active_topic_reference,0.88,True,
topic_label_v3_2_added_00619,That still feels too abstract.,Blood Pressure Regulation,Blood Pressure Regulation,"Can you help me understand Blood Pressure Regulation? | The last example about Blood Pressure Regulation helped, but not fully.",,active_topic_reference,0.92,True,
topic_label_v3_2_added_00620,"That example helped, but I'm not sure I could do it myself.",Circuit Breakers,Circuit Breakers | Chord Progressions,,,active_topic_reference,0.88,True,
topic_label_v3_2_added_00621,I need another example of that.,Action Potentials,Action Potentials,"Can you help me understand Action Potentials? | The last example about Action Potentials helped, but not fully.",,active_topic_reference,0.95,True,
topic_label_v3_2_added_00622,"That example helped, but I'm not sure I could do it myself.",OAuth Flow,OAuth Flow | Reading Comprehension | Photosynthesis | Action Potentials | CSS Specificity,,,active_topic_reference,0.95,True,
topic_label_v3_2_added_00623,I need another example of that.,Working Memory,Working Memory,,,active_topic_reference,0.90,True,
topic_label_v3_2_added_00624,Can you restate this without the formal wording?,Foreshadowing,Foreshadowing | Quadratic Functions | Break-Even Point | Necessary vs Sufficient Conditions | Profit Margin,"Can you help me understand Foreshadowing? | The last example about Foreshadowing helped, but not fully.",,active_topic_reference,0.90,True,
topic_label_v3_2_added_00625,What is the intuition behind that?,Dopamine,Dopamine,,,active_topic_reference,0.89,True,
topic_label_v3_2_added_00626,I still don't get it.,Cellular Respiration,Cellular Respiration,"Can you help me understand Cellular Respiration? | The last example about Cellular Respiration helped, but not fully.",,active_topic_reference,0.90,True,
topic_label_v3_2_added_00627,I need another example of that.,Correlation vs Causation,Correlation vs Causation,"Can you help me understand Correlation vs Causation? | The last example about Correlation vs Causation helped, but not fully.",,active_topic_reference,0.93,True,
topic_label_v3_2_added_00628,What would that look like?,Active Voice vs Passive Voice,Active Voice vs Passive Voice | Correlation vs Causation | French Pronunciation,"Can you help me understand Active Voice vs Passive Voice? | The last example about Active Voice vs Passive Voice helped, but not fully.",,active_topic_reference,0.95,True,
topic_label_v3_2_added_00629,Can you restate this without the formal wording?,Budgeting,Budgeting,"Can you help me understand Budgeting? | The last example about Budgeting helped, but not fully.",,active_topic_reference,0.95,True,
topic_label_v3_2_added_00630,"I'm almost there, but it still feels slippery.",Trigonometry,Trigonometry | Probability Distributions | Osmosis,"Can you help me understand Trigonometry? | The last example about Trigonometry helped, but not fully.",,active_topic_reference,0.90,True,
topic_label_v3_2_added_00631,I need another example of that.,Thesis Statements,Thesis Statements | Homeostasis | Logical Fallacies,"Can you help me understand Thesis Statements? | The last example about Thesis Statements helped, but not fully.",,active_topic_reference,0.89,True,
topic_label_v3_2_added_00632,Can you compare it to something concrete?,Executive Function,Executive Function,"Can you help me understand Executive Function? | The last example about Executive Function helped, but not fully.",,active_topic_reference,0.89,True,
topic_label_v3_2_added_00633,"I'm almost there, but it still feels slippery.",Credit Scores,Credit Scores | Kidney Filtration,,,active_topic_reference,0.92,True,
topic_label_v3_2_added_00634,"I get the answer, not the reason.",Shading Values,Shading Values,"Can you help me understand Shading Values? | The last example about Shading Values helped, but not fully.",,active_topic_reference,0.88,True,
topic_label_v3_2_added_00635,That still feels too abstract.,Spanish Pronouns,Spanish Pronouns,,,active_topic_reference,0.92,True,
topic_label_v3_2_added_00636,"I get the answer, not the reason.",Caching,Caching,"Can you help me understand Caching? | The last example about Caching helped, but not fully.",,active_topic_reference,0.92,True,
topic_label_v3_2_added_00637,"I'm following some of it, but the middle step is fuzzy.",Circadian Rhythm,Circadian Rhythm | Pragmatics,,,active_topic_reference,0.93,True,
topic_label_v3_2_added_00638,I need another example of that.,Ser vs Estar,Ser vs Estar,"Can you help me understand Ser vs Estar? | The last example about Ser vs Estar helped, but not fully.",,active_topic_reference,0.97,True,
topic_label_v3_2_added_00639,Could you say the same idea in a simpler way?,Circuit Breakers,Circuit Breakers,"Can you help me understand Circuit Breakers? | The last example about Circuit Breakers helped, but not fully.",,active_topic_reference,0.94,True,
topic_label_v3_2_added_00640,Can you explain that easier?,Pragmatics,Pragmatics | Electricity,"Can you help me understand Pragmatics? | The last example about Pragmatics helped, but not fully.",,active_topic_reference,0.94,True,
topic_label_v3_2_added_00641,Can you explain that easier?,Environmental Feedback Loops,Environmental Feedback Loops | Ser vs Estar | Electricity | Supply and Demand | Osmosis,"Can you help me understand Environmental Feedback Loops? | The last example about Environmental Feedback Loops helped, but not fully.",,active_topic_reference,0.93,True,
topic_label_v3_2_added_00642,"Wait, why does that happen?",Shading Values,Shading Values | Insurance Deductibles | Free Body Diagrams | Cellular Respiration | Necessary vs Sufficient Conditions,"Can you help me understand Shading Values? | The last example about Shading Values helped, but not fully.",,active_topic_reference,0.91,True,
topic_label_v3_2_added_00643,Can you restate this without the formal wording?,Storyboarding,Storyboarding | Moral Luck,"Can you help me understand Storyboarding? | The last example about Storyboarding helped, but not fully.",,active_topic_reference,0.96,True,
topic_label_v3_2_added_00644,Why is that the right move?,Vector Search,Vector Search | Database Indexes | Storyboarding,"Can you help me understand Vector Search? | The last example about Vector Search helped, but not fully.",,active_topic_reference,0.92,True,
topic_label_v3_2_added_00645,Why is that the right move?,Logical Fallacies,Logical Fallacies,"Can you help me understand Logical Fallacies? | The last example about Logical Fallacies helped, but not fully.",,active_topic_reference,0.88,True,
topic_label_v3_2_added_00646,Can you compare it to something concrete?,Credit Scores,Credit Scores | Greenhouse Effect,,,active_topic_reference,0.96,True,
topic_label_v3_2_added_00647,I need another example of that.,Opportunity Cost,Opportunity Cost,,,active_topic_reference,0.89,True,
topic_label_v3_2_added_00648,Can you compare it to something concrete?,Dopamine,Dopamine,"Can you help me understand Dopamine? | The last example about Dopamine helped, but not fully.",,active_topic_reference,0.92,True,
topic_label_v3_2_added_00649,Could you say the same idea in a simpler way?,Database Indexes,Database Indexes,"Can you help me understand Database Indexes? | The last example about Database Indexes helped, but not fully.",,active_topic_reference,0.91,True,
topic_label_v3_2_added_00650,"I'm following some of it, but the middle step is fuzzy.",Protein Folding,Protein Folding,"Can you help me understand Protein Folding? | The last example about Protein Folding helped, but not fully.",,active_topic_reference,0.88,True,
topic_label_v3_2_added_00651,"I'm following some of it, but the middle step is fuzzy.",Conversion Funnel,Conversion Funnel | Database Indexes | Chord Progressions,,,active_topic_reference,0.95,True,
topic_label_v3_2_added_00652,Can you restate this without the formal wording?,Systems of Equations,Systems of Equations | Reinforcement Learning | Free Body Diagrams,"Can you help me understand Systems of Equations? | The last example about Systems of Equations helped, but not fully.",,active_topic_reference,0.96,True,
topic_label_v3_2_added_00653,"I'm following some of it, but the middle step is fuzzy.",Immune Response,Immune Response,,,active_topic_reference,0.94,True,
topic_label_v3_2_added_00654,Can you restate this without the formal wording?,Probability Distributions,Probability Distributions | Quadratic Functions,"Can you help me understand Probability Distributions? | The last example about Probability Distributions helped, but not fully.",,active_topic_reference,0.89,True,
topic_label_v3_2_added_00655,What would that look like?,Greenhouse Effect,Greenhouse Effect,,,active_topic_reference,0.90,True,
topic_label_v3_2_added_00656,I still don't get it.,Sodium-Potassium Pump,Sodium-Potassium Pump | Circuit Breakers | Opportunity Cost | Credit Scores | Supply and Demand,,,active_topic_reference,0.93,True,
topic_label_v3_2_added_00657,I still don't get it.,Git Branching,Git Branching | Entropy | Actual Concept of Light,,,active_topic_reference,0.95,True,
topic_label_v3_2_added_00658,"The words make sense separately, but not together.",Liability,Liability,"Can you help me understand Liability? | The last example about Liability helped, but not fully.",,active_topic_reference,0.94,True,
topic_label_v3_2_added_00659,What would that look like?,Osmosis,Osmosis,"Can you help me understand Osmosis? | The last example about Osmosis helped, but not fully.",,active_topic_reference,0.96,True,
topic_label_v3_2_added_00660,I need another example of that.,Vector Search,Vector Search,,,active_topic_reference,0.90,True,
topic_label_v3_2_added_00661,"That example helped, but I'm not sure I could do it myself.",Judicial Review,Judicial Review | Dopamine,"Can you help me understand Judicial Review? | The last example about Judicial Review helped, but not fully.",,active_topic_reference,0.96,True,
topic_label_v3_2_added_00662,Can you slow down on this part?,Privacy Rights,Privacy Rights | Vector Search,"Can you help me understand Privacy Rights? | The last example about Privacy Rights helped, but not fully.",,active_topic_reference,0.93,True,
topic_label_v3_2_added_00663,"I get the answer, not the reason.",Electoral College,Electoral College | Regression Lines | Topic Sentences,"Can you help me understand Electoral College? | The last example about Electoral College helped, but not fully.",,active_topic_reference,0.93,True,
topic_label_v3_2_added_00664,"I'm following some of it, but the middle step is fuzzy.",Electricity,Electricity,"Can you help me understand Electricity? | The last example about Electricity helped, but not fully.",,active_topic_reference,0.89,True,
topic_label_v3_2_added_00665,That still feels too abstract.,Entropy,Entropy,"Can you help me understand Entropy? | The last example about Entropy helped, but not fully.",,active_topic_reference,0.88,True,
topic_label_v3_2_added_00666,Could you say the same idea in a simpler way?,Defamation,Defamation,"Can you help me understand Defamation? | The last example about Defamation helped, but not fully.",,active_topic_reference,0.90,True,
topic_label_v3_2_added_00667,"I think I understand the first sentence, then I lose the thread.",Reinforcement Learning,Reinforcement Learning,"Can you help me understand Reinforcement Learning? | The last example about Reinforcement Learning helped, but not fully.",,active_topic_reference,0.93,True,
topic_label_v3_2_added_00668,"The words make sense separately, but not together.",Reinforcement Learning,Reinforcement Learning | Working Memory | Carbon Cycle | Bayes Theorem | Wave-Particle Duality,"Can you help me understand Reinforcement Learning? | The last example about Reinforcement Learning helped, but not fully.",,active_topic_reference,0.91,True,
topic_label_v3_2_added_00669,Why is that the right move?,Circuit Breakers,Circuit Breakers,"Can you help me understand Circuit Breakers? | The last example about Circuit Breakers helped, but not fully.",,active_topic_reference,0.92,True,
topic_label_v3_2_added_00670,"That example helped, but I'm not sure I could do it myself.",Action Potentials,Action Potentials | Typography | Blood Pressure Regulation,"Can you help me understand Action Potentials? | The last example about Action Potentials helped, but not fully.",,active_topic_reference,0.95,True,
topic_label_v3_2_added_00671,"The words make sense separately, but not together.",Osmosis,Osmosis | Perspective Drawing | Homeostasis,"Can you help me understand Osmosis? | The last example about Osmosis helped, but not fully.",,active_topic_reference,0.96,True,
topic_label_v3_2_added_00672,"I get the answer, not the reason.",Sodium-Potassium Pump,Sodium-Potassium Pump | Credit Scores | Gene Expression | Confirmation Bias | Typography,,,active_topic_reference,0.96,True,
topic_label_v3_2_added_00673,"That example helped, but I'm not sure I could do it myself.",Spanish Pronouns,Spanish Pronouns,"Can you help me understand Spanish Pronouns? | The last example about Spanish Pronouns helped, but not fully.",,active_topic_reference,0.94,True,
topic_label_v3_2_added_00674,"Wait, why does that happen?",Cellular Respiration,Cellular Respiration | Color Contrast | Gene Expression,"Can you help me understand Cellular Respiration? | The last example about Cellular Respiration helped, but not fully.",,active_topic_reference,0.93,True,
topic_label_v3_2_added_00675,I need another example of that.,Protein Folding,Protein Folding | Air Pressure Systems | Necessary vs Sufficient Conditions | OAuth Flow | Civil Liberties vs Civil Rights,"Can you help me understand Protein Folding? | The last example about Protein Folding helped, but not fully.",,active_topic_reference,0.94,True,
topic_label_v3_2_added_00676,Can you restate this without the formal wording?,Vaccine Mechanisms,Vaccine Mechanisms | API Authentication | Watersheds | Compound Interest | Git Branching,"Can you help me understand Vaccine Mechanisms? | The last example about Vaccine Mechanisms helped, but not fully.",,active_topic_reference,0.95,True,
topic_label_v3_2_added_00677,"The words make sense separately, but not together.",Credit Scores,Credit Scores,"Can you help me understand Credit Scores? | The last example about Credit Scores helped, but not fully.",,active_topic_reference,0.94,True,
topic_label_v3_2_added_00678,"I'm following some of it, but the middle step is fuzzy.",Circuit Breakers,Circuit Breakers | Kidney Filtration,"Can you help me understand Circuit Breakers? | The last example about Circuit Breakers helped, but not fully.",,active_topic_reference,0.92,True,
topic_label_v3_2_added_00679,What's the tiny step I'm skipping?,Sodium-Potassium Pump,Sodium-Potassium Pump | Environmental Feedback Loops,"Can you help me understand Sodium-Potassium Pump? | The last example about Sodium-Potassium Pump helped, but not fully.",,active_topic_reference,0.88,True,
topic_label_v3_2_added_00680,"I think I understand the first sentence, then I lose the thread.",Event Loop,Event Loop,"Can you help me understand Event Loop? | The last example about Event Loop helped, but not fully.",,active_topic_reference,0.95,True,
topic_label_v3_2_added_00681,"I get the answer, not the reason.",Geothermal Energy,Geothermal Energy | Regression Lines,"Can you help me understand Geothermal Energy? | The last example about Geothermal Energy helped, but not fully.",,active_topic_reference,0.91,True,
topic_label_v3_2_added_00682,What's the tiny step I'm skipping?,Electricity,Electricity,"Can you help me understand Electricity? | The last example about Electricity helped, but not fully.",,active_topic_reference,0.91,True,
topic_label_v3_2_added_00683,"I'm following some of it, but the middle step is fuzzy.",Torque,Torque,"Can you help me understand Torque? | The last example about Torque helped, but not fully.",,active_topic_reference,0.90,True,
topic_label_v3_2_added_00684,Can you compare it to something concrete?,Typography,Typography | Gene Expression | Supply and Demand | Reinforcement Learning | Electricity,"Can you help me understand Typography? | The last example about Typography helped, but not fully.",,active_topic_reference,0.96,True,
topic_label_v3_2_added_00685,Why is that the right move?,Circuit Breakers,Circuit Breakers | Environmental Feedback Loops,"Can you help me understand Circuit Breakers? | The last example about Circuit Breakers helped, but not fully.",,active_topic_reference,0.90,True,
topic_label_v3_2_added_00686,I still don't get it.,Wave-Particle Duality,Wave-Particle Duality,"Can you help me understand Wave-Particle Duality? | The last example about Wave-Particle Duality helped, but not fully.",,active_topic_reference,0.94,True,
topic_label_v3_2_added_00687,I need another example of that.,Action Potentials,Action Potentials | Probability Distributions,"Can you help me understand Action Potentials? | The last example about Action Potentials helped, but not fully.",,active_topic_reference,0.91,True,
topic_label_v3_2_added_00688,Could you say the same idea in a simpler way?,Greenhouse Effect,Greenhouse Effect,"Can you help me understand Greenhouse Effect? | The last example about Greenhouse Effect helped, but not fully.",,active_topic_reference,0.91,True,
topic_label_v3_2_added_00689,Can you slow down on this part?,Immune Response,Immune Response,"Can you help me understand Immune Response? | The last example about Immune Response helped, but not fully.",,active_topic_reference,0.95,True,
topic_label_v3_2_added_00690,"I'm almost there, but it still feels slippery.",Privacy Rights,Privacy Rights | Symbolism,"Can you help me understand Privacy Rights? | The last example about Privacy Rights helped, but not fully.",,active_topic_reference,0.92,True,
topic_label_v3_2_added_00691,What would that look like?,French Pronunciation,French Pronunciation | Engines | Protein Folding,"Can you help me understand French Pronunciation? | The last example about French Pronunciation helped, but not fully.",,active_topic_reference,0.91,True,
topic_label_v3_2_added_00692,"The words make sense separately, but not together.",Free Body Diagrams,Free Body Diagrams,,,active_topic_reference,0.97,True,
topic_label_v3_2_added_00693,What would that look like?,Moral Luck,Moral Luck | Working Memory | Electricity | Spanish Pronouns | Shading Values,,,active_topic_reference,0.95,True,
topic_label_v3_2_added_00694,Could you make it more visual?,Composition in Photography,Composition in Photography,"Can you help me understand Composition in Photography? | The last example about Composition in Photography helped, but not fully.",,active_topic_reference,0.89,True,
topic_label_v3_2_added_00695,Can you explain that easier?,Liability,Liability | Typography,"Can you help me understand Liability? | The last example about Liability helped, but not fully.",,active_topic_reference,0.94,True,
topic_label_v3_2_added_00696,I still don't get it.,Logical Fallacies,Logical Fallacies,,,active_topic_reference,0.95,True,
topic_label_v3_2_added_00697,What's the tiny step I'm skipping?,Cellular Respiration,Cellular Respiration,"Can you help me understand Cellular Respiration? | The last example about Cellular Respiration helped, but not fully.",,active_topic_reference,0.97,True,
topic_label_v3_2_added_00698,Can you slow down on this part?,Supply and Demand,Supply and Demand | Protein Folding | Emotional Regulation | Renewable Energy Grid | Rhythm in Music,"Can you help me understand Supply and Demand? | The last example about Supply and Demand helped, but not fully.",,active_topic_reference,0.97,True,
topic_label_v3_2_added_00699,I still don't get it.,Gene Expression,Gene Expression | Photosynthesis,,,active_topic_reference,0.96,True,
topic_label_v3_2_added_00700,Why is that the right move?,Color Contrast,Color Contrast,"Can you help me understand Color Contrast? | The last example about Color Contrast helped, but not fully.",,active_topic_reference,0.92,True,
topic_label_v3_2_added_00701,I need another example of that.,Opportunity Cost,Opportunity Cost,"Can you help me understand Opportunity Cost? | The last example about Opportunity Cost helped, but not fully.",,active_topic_reference,0.90,True,
topic_label_v3_2_added_00702,Why is that the right move?,Carbon Cycle,Carbon Cycle | Quadratic Functions | Profit Margin | Correlation vs Causation | Renewable Energy Grid,"Can you help me understand Carbon Cycle? | The last example about Carbon Cycle helped, but not fully.",,active_topic_reference,0.92,True,
topic_label_v3_2_added_00703,Can you explain that easier?,Reinforcement Learning,Reinforcement Learning,"Can you help me understand Reinforcement Learning? | The last example about Reinforcement Learning helped, but not fully.",,active_topic_reference,0.91,True,
topic_label_v3_2_added_00704,Can you restate this without the formal wording?,Circadian Rhythm,Circadian Rhythm | Renewable Energy Grid,,,active_topic_reference,0.89,True,
topic_label_v3_2_added_00705,"Wait, why does that happen?",React State,React State,"Can you help me understand React State? | The last example about React State helped, but not fully.",,active_topic_reference,0.95,True,
topic_label_v3_2_added_00706,"I think I understand the first sentence, then I lose the thread.",Engines,Engines,"Can you help me understand Engines? | The last example about Engines helped, but not fully.",,active_topic_reference,0.88,True,
topic_label_v3_2_added_00707,Can you restate this without the formal wording?,Break-Even Point,Break-Even Point,"Can you help me understand Break-Even Point? | The last example about Break-Even Point helped, but not fully.",,active_topic_reference,0.94,True,
topic_label_v3_2_added_00708,"That example helped, but I'm not sure I could do it myself.",React State,React State | Reading Comprehension,"Can you help me understand React State? | The last example about React State helped, but not fully.",,active_topic_reference,0.89,True,
topic_label_v3_2_added_00709,What's the tiny step I'm skipping?,Gene Expression,Gene Expression | Unit Circle,,,active_topic_reference,0.93,True,
topic_label_v3_2_added_00710,"I'm following some of it, but the middle step is fuzzy.",Credit Scores,Credit Scores,"Can you help me understand Credit Scores? | The last example about Credit Scores helped, but not fully.",,active_topic_reference,0.93,True,
topic_label_v3_2_added_00711,Why is that the right move?,Photosynthesis,Photosynthesis,"Can you help me understand Photosynthesis? | The last example about Photosynthesis helped, but not fully.",,active_topic_reference,0.92,True,
topic_label_v3_2_added_00712,I still don't get it.,OAuth Flow,OAuth Flow,"Can you help me understand OAuth Flow? | The last example about OAuth Flow helped, but not fully.",,active_topic_reference,0.95,True,
topic_label_v3_2_added_00713,"I think I understand the first sentence, then I lose the thread.",Air Pressure Systems,Air Pressure Systems | Circadian Rhythm,"Can you help me understand Air Pressure Systems? | The last example about Air Pressure Systems helped, but not fully.",,active_topic_reference,0.96,True,
topic_label_v3_2_added_00714,Could you say the same idea in a simpler way?,Gene Expression,Gene Expression,,,active_topic_reference,0.97,True,
topic_label_v3_2_added_00715,What would that look like?,Electricity,Electricity,"Can you help me understand Electricity? | The last example about Electricity helped, but not fully.",,active_topic_reference,0.94,True,
topic_label_v3_2_added_00716,Why is that the right move?,Pragmatics,Pragmatics | Light as a Wave and Particle | Compound Interest | Ocean Currents | Correlation vs Causation,,,active_topic_reference,0.93,True,
topic_label_v3_2_added_00717,Could you make it more visual?,Mitosis vs Meiosis,Mitosis vs Meiosis | Executive Function,,,active_topic_reference,0.93,True,
topic_label_v3_2_added_00718,What would that look like?,Embeddings,Embeddings | Necessary vs Sufficient Conditions,"Can you help me understand Embeddings? | The last example about Embeddings helped, but not fully.",,active_topic_reference,0.89,True,
topic_label_v3_2_added_00719,"I get the answer, not the reason.",Carbon Cycle,Carbon Cycle | Greenhouse Effect,"Can you help me understand Carbon Cycle? | The last example about Carbon Cycle helped, but not fully.",,active_topic_reference,0.90,True,
topic_label_v3_2_added_00720,"I get the answer, not the reason.",Osmosis,Osmosis,"Can you help me understand Osmosis? | The last example about Osmosis helped, but not fully.",,active_topic_reference,0.95,True,
topic_label_v3_2_added_00721,I still don't get it.,Derivatives,Derivatives,,,active_topic_reference,0.92,True,
topic_label_v3_2_added_00722,"Wait, why does that happen?",Thesis Statements,Thesis Statements | Reinforcement Learning | Confirmation Bias | Spanish Pronouns | Ocean Currents,"Can you help me understand Thesis Statements? | The last example about Thesis Statements helped, but not fully.",,active_topic_reference,0.91,True,
topic_label_v3_2_added_00723,"I think I understand the first sentence, then I lose the thread.",Gene Expression,Gene Expression,,,active_topic_reference,0.94,True,
topic_label_v3_2_added_00724,"I get the answer, not the reason.",OAuth Flow,OAuth Flow | Database Indexes,"Can you help me understand OAuth Flow? | The last example about OAuth Flow helped, but not fully.",,active_topic_reference,0.93,True,
topic_label_v3_2_added_00725,Could you make it more visual?,Active Voice vs Passive Voice,Active Voice vs Passive Voice,"Can you help me understand Active Voice vs Passive Voice? | The last example about Active Voice vs Passive Voice helped, but not fully.",,active_topic_reference,0.90,True,
topic_label_v3_2_added_00726,"That example helped, but I'm not sure I could do it myself.",Systems of Equations,Systems of Equations,"Can you help me understand Systems of Equations? | The last example about Systems of Equations helped, but not fully.",,active_topic_reference,0.89,True,
topic_label_v3_2_added_00727,Could you make it more visual?,Ser vs Estar,Ser vs Estar,"Can you help me understand Ser vs Estar? | The last example about Ser vs Estar helped, but not fully.",,active_topic_reference,0.93,True,
topic_label_v3_2_added_00728,"I'm following some of it, but the middle step is fuzzy.",Cellular Respiration,Cellular Respiration,"Can you help me understand Cellular Respiration? | The last example about Cellular Respiration helped, but not fully.",,active_topic_reference,0.95,True,
topic_label_v3_2_added_00729,What would that look like?,Correlation vs Causation,Correlation vs Causation | Entropy,"Can you help me understand Correlation vs Causation? | The last example about Correlation vs Causation helped, but not fully.",,active_topic_reference,0.91,True,
topic_label_v3_2_added_00730,"Wait, why does that happen?",Opportunity Cost,Opportunity Cost,,,active_topic_reference,0.92,True,
topic_label_v3_2_added_00731,I still don't get it.,Typography,Typography | Environmental Feedback Loops | Event Loop | Osmosis | Vector Search,"Can you help me understand Typography? | The last example about Typography helped, but not fully.",,active_topic_reference,0.92,True,
topic_label_v3_2_added_00732,"That example helped, but I'm not sure I could do it myself.",Electricity,Electricity | Emotional Regulation | Circuit Breakers | Foreshadowing | Typography,"Can you help me understand Electricity? | The last example about Electricity helped, but not fully.",,active_topic_reference,0.92,True,
topic_label_v3_2_added_00733,Could you say the same idea in a simpler way?,Torque,Torque,,,active_topic_reference,0.96,True,
topic_label_v3_2_added_00734,"I get the answer, not the reason.",Typography,Typography | Event Loop | Conversion Funnel,,,active_topic_reference,0.94,True,
topic_label_v3_2_added_00735,"Wait, why does that happen?",Symbolism,Symbolism | Necessary vs Sufficient Conditions,"Can you help me understand Symbolism? | The last example about Symbolism helped, but not fully.",,active_topic_reference,0.91,True,
topic_label_v3_2_added_00736,I still don't get it.,Insurance Deductibles,Insurance Deductibles | Derivatives | Promise Chains | Shading Values | CSS Specificity,"Can you help me understand Insurance Deductibles? | The last example about Insurance Deductibles helped, but not fully.",,active_topic_reference,0.90,True,
topic_label_v3_2_added_00737,"That example helped, but I'm not sure I could do it myself.",Primary vs Secondary Sources,Primary vs Secondary Sources | Supply and Demand | OAuth Flow,"Can you help me understand Primary vs Secondary Sources? | The last example about Primary vs Secondary Sources helped, but not fully.",,active_topic_reference,0.90,True,
topic_label_v3_2_added_00738,Can you slow down on this part?,Free Body Diagrams,Free Body Diagrams | Necessary vs Sufficient Conditions,"Can you help me understand Free Body Diagrams? | The last example about Free Body Diagrams helped, but not fully.",,active_topic_reference,0.90,True,
topic_label_v3_2_added_00739,Could you make it more visual?,Ocean Currents,Ocean Currents,"Can you help me understand Ocean Currents? | The last example about Ocean Currents helped, but not fully.",,active_topic_reference,0.89,True,
topic_label_v3_2_added_00740,"Wait, why does that happen?",Kidney Filtration,Kidney Filtration | Shading Values | Rhythm in Music,"Can you help me understand Kidney Filtration? | The last example about Kidney Filtration helped, but not fully.",,active_topic_reference,0.94,True,
topic_label_v3_2_added_00741,What's the tiny step I'm skipping?,French Pronunciation,French Pronunciation | Moral Luck,,,active_topic_reference,0.96,True,
topic_label_v3_2_added_00742,What's the tiny step I'm skipping?,Caching,Caching,"Can you help me understand Caching? | The last example about Caching helped, but not fully.",,active_topic_reference,0.91,True,
topic_label_v3_2_added_00743,Can you restate this without the formal wording?,Symbolism,Symbolism,"Can you help me understand Symbolism? | The last example about Symbolism helped, but not fully.",,active_topic_reference,0.96,True,
topic_label_v3_2_added_00744,"I think I understand the first sentence, then I lose the thread.",Promise Chains,Promise Chains,"Can you help me understand Promise Chains? | The last example about Promise Chains helped, but not fully.",,active_topic_reference,0.90,True,
topic_label_v3_2_added_00745,"I think I understand the first sentence, then I lose the thread.",Cloud Formation,Cloud Formation | Moral Luck | Ecological Succession | Break-Even Point | Rhythm in Music,"Can you help me understand Cloud Formation? | The last example about Cloud Formation helped, but not fully.",,active_topic_reference,0.93,True,
topic_label_v3_2_added_00746,"The words make sense separately, but not together.",Logical Fallacies,Logical Fallacies | Active Voice vs Passive Voice,,,active_topic_reference,0.94,True,
topic_label_v3_2_added_00747,"That example helped, but I'm not sure I could do it myself.",OAuth Flow,OAuth Flow | Lifetime Value,"Can you help me understand OAuth Flow? | The last example about OAuth Flow helped, but not fully.",,active_topic_reference,0.89,True,
topic_label_v3_2_added_00748,Could you say the same idea in a simpler way?,Inductive Reasoning,Inductive Reasoning | Gene Expression | Budgeting,,,active_topic_reference,0.93,True,
topic_label_v3_2_added_00749,Could you make it more visual?,Necessary vs Sufficient Conditions,Necessary vs Sufficient Conditions | Typography | Close Reading,"Can you help me understand Necessary vs Sufficient Conditions? | The last example about Necessary vs Sufficient Conditions helped, but not fully.",,active_topic_reference,0.97,True,
topic_label_v3_2_added_00750,"The words make sense separately, but not together.",Event Loop,Event Loop | Emotional Regulation | Database Indexes,"Can you help me understand Event Loop? | The last example about Event Loop helped, but not fully.",,active_topic_reference,0.89,True,
topic_label_v3_2_added_00751,What's the tiny step I'm skipping?,Electricity,Electricity | Plea Bargains | Ser vs Estar | Action Potentials | Correlation vs Causation,"Can you help me understand Electricity? | The last example about Electricity helped, but not fully.",,active_topic_reference,0.95,True,
topic_label_v3_2_added_00752,"I get the answer, not the reason.",TypeScript Generics,TypeScript Generics,"Can you help me understand TypeScript Generics? | The last example about TypeScript Generics helped, but not fully.",,active_topic_reference,0.96,True,
topic_label_v3_2_added_00753,"Wait, why does that happen?",Regression Lines,Regression Lines | Trigonometry,,,active_topic_reference,0.89,True,
topic_label_v3_2_added_00754,Can you restate this without the formal wording?,Action Potentials,Action Potentials,"Can you help me understand Action Potentials? | The last example about Action Potentials helped, but not fully.",,active_topic_reference,0.91,True,
topic_label_v3_2_added_00755,I still don't get it.,Privacy Rights,Privacy Rights | Light as a Wave and Particle | Working Memory,"Can you help me understand Privacy Rights? | The last example about Privacy Rights helped, but not fully.",,active_topic_reference,0.89,True,
topic_label_v3_2_added_00756,Could you make it more visual?,Promise Chains,Promise Chains,"Can you help me understand Promise Chains? | The last example about Promise Chains helped, but not fully.",,active_topic_reference,0.89,True,
topic_label_v3_2_added_00757,I still don't get it.,Geothermal Energy,Geothermal Energy,,,active_topic_reference,0.96,True,
topic_label_v3_2_added_00758,What would that look like?,Cellular Respiration,Cellular Respiration | Plea Bargains,"Can you help me understand Cellular Respiration? | The last example about Cellular Respiration helped, but not fully.",,active_topic_reference,0.91,True,
topic_label_v3_2_added_00759,"That example helped, but I'm not sure I could do it myself.",Protein Folding,Protein Folding | Symbolism | OAuth Flow | Ocean Currents | Lifetime Value,,,active_topic_reference,0.93,True,
topic_label_v3_2_added_00760,"I'm almost there, but it still feels slippery.",Kidney Filtration,Kidney Filtration | Quadratic Functions,,,active_topic_reference,0.91,True,
topic_label_v3_2_added_00761,What would that look like?,Carbon Cycle,Carbon Cycle | Break-Even Point | Greenhouse Effect,,,active_topic_reference,0.89,True,
topic_label_v3_2_added_00762,Can you slow down on this part?,Photosynthesis,Photosynthesis,,,active_topic_reference,0.90,True,
topic_label_v3_2_added_00763,Could you make it more visual?,Light as a Wave and Particle,Light as a Wave and Particle | Regression Lines | Git Branching | Circuit Breakers | Ocean Currents,"Can you help me understand Light as a Wave and Particle? | The last example about Light as a Wave and Particle helped, but not fully.",,active_topic_reference,0.96,True,
topic_label_v3_2_added_00764,"I'm following some of it, but the middle step is fuzzy.",Light as a Wave and Particle,Light as a Wave and Particle,"Can you help me understand Light as a Wave and Particle? | The last example about Light as a Wave and Particle helped, but not fully.",,active_topic_reference,0.94,True,
topic_label_v3_2_added_00765,What's the tiny step I'm skipping?,Opportunity Cost,Opportunity Cost | Trigonometry | Quadratic Functions,,,active_topic_reference,0.95,True,
topic_label_v3_2_added_00766,Could you make it more visual?,Free Body Diagrams,Free Body Diagrams | Action Potentials | Spanish Pronouns | Mitosis vs Meiosis | Photosynthesis,"Can you help me understand Free Body Diagrams? | The last example about Free Body Diagrams helped, but not fully.",,active_topic_reference,0.94,True,
topic_label_v3_2_added_00767,Could you say the same idea in a simpler way?,Ser vs Estar,Ser vs Estar,"Can you help me understand Ser vs Estar? | The last example about Ser vs Estar helped, but not fully.",,active_topic_reference,0.88,True,
topic_label_v3_2_added_00768,Could you make it more visual?,Profit Margin,Profit Margin | Embeddings | Cellular Respiration | Entropy | Typography,"Can you help me understand Profit Margin? | The last example about Profit Margin helped, but not fully.",,active_topic_reference,0.92,True,
topic_label_v3_2_added_00769,I still don't get it.,React State,React State | Circadian Rhythm | Vaccine Mechanisms,"Can you help me understand React State? | The last example about React State helped, but not fully.",,active_topic_reference,0.89,True,
topic_label_v3_2_added_00770,What is the intuition behind that?,Profit Margin,Profit Margin | Action Potentials | Close Reading | Environmental Feedback Loops | TypeScript Generics,"Can you help me understand Profit Margin? | The last example about Profit Margin helped, but not fully.",,active_topic_reference,0.95,True,
topic_label_v3_2_added_00771,"That example helped, but I'm not sure I could do it myself.",Photosynthesis,Photosynthesis | Engines | Entropy,"Can you help me understand Photosynthesis? | The last example about Photosynthesis helped, but not fully.",,active_topic_reference,0.97,True,
topic_label_v3_2_added_00772,"Wait, why does that happen?",Gene Expression,Gene Expression,"Can you help me understand Gene Expression? | The last example about Gene Expression helped, but not fully.",,active_topic_reference,0.91,True,
topic_label_v3_2_added_00773,What's the tiny step I'm skipping?,Event Loop,Event Loop | Necessary vs Sufficient Conditions | CSS Specificity | Conversion Funnel | Gene Expression,"Can you help me understand Event Loop? | The last example about Event Loop helped, but not fully.",,active_topic_reference,0.92,True,
topic_label_v3_2_added_00774,"I'm almost there, but it still feels slippery.",Electricity,Electricity,"Can you help me understand Electricity? | The last example about Electricity helped, but not fully.",,active_topic_reference,0.97,True,
topic_label_v3_2_added_00775,Can you compare it to something concrete?,Derivatives,Derivatives,"Can you help me understand Derivatives? | The last example about Derivatives helped, but not fully.",,active_topic_reference,0.93,True,
topic_label_v3_2_added_00776,Can you slow down on this part?,Topic Sentences,Topic Sentences | Budgeting | Gesture Drawing | Reinforcement Learning | Rhythm in Music,"Can you help me understand Topic Sentences? | The last example about Topic Sentences helped, but not fully.",,active_topic_reference,0.89,True,
topic_label_v3_2_added_00777,Why is that the right move?,Necessary vs Sufficient Conditions,Necessary vs Sufficient Conditions | Vaccine Mechanisms | Close Reading,"Can you help me understand Necessary vs Sufficient Conditions? | The last example about Necessary vs Sufficient Conditions helped, but not fully.",,active_topic_reference,0.95,True,
topic_label_v3_2_added_00778,"I'm following some of it, but the middle step is fuzzy.",Topic Sentences,Topic Sentences,"Can you help me understand Topic Sentences? | The last example about Topic Sentences helped, but not fully.",,active_topic_reference,0.93,True,
topic_label_v3_2_added_00779,Can you explain that easier?,Trigonometry,Trigonometry | Derivatives | Quadratic Functions,"Can you help me understand Trigonometry? | The last example about Trigonometry helped, but not fully.",,active_topic_reference,0.94,True,
topic_label_v3_2_added_00780,Can you compare it to something concrete?,Embeddings,Embeddings | React State | Storyboarding,,,active_topic_reference,0.92,True,
topic_label_v3_2_added_00781,"Wait, why does that happen?",Lifetime Value,Lifetime Value,"Can you help me understand Lifetime Value? | The last example about Lifetime Value helped, but not fully.",,active_topic_reference,0.94,True,
topic_label_v3_2_added_00782,"I think I understand the first sentence, then I lose the thread.",Quadratic Functions,Quadratic Functions | Blood Pressure Regulation | Vector Search,"Can you help me understand Quadratic Functions? | The last example about Quadratic Functions helped, but not fully.",,active_topic_reference,0.97,True,
topic_label_v3_2_added_00783,I need another example of that.,Dopamine,Dopamine | Active Voice vs Passive Voice,"Can you help me understand Dopamine? | The last example about Dopamine helped, but not fully.",,active_topic_reference,0.96,True,
topic_label_v3_2_added_00784,What's the tiny step I'm skipping?,Event Loop,Event Loop | OAuth Flow | Sodium-Potassium Pump,"Can you help me understand Event Loop? | The last example about Event Loop helped, but not fully.",,active_topic_reference,0.90,True,
topic_label_v3_2_added_00785,"I get the answer, not the reason.",Necessary vs Sufficient Conditions,Necessary vs Sufficient Conditions | Ecological Succession,,,active_topic_reference,0.92,True,
topic_label_v3_2_added_00786,"That example helped, but I'm not sure I could do it myself.",Budgeting,Budgeting,,,active_topic_reference,0.93,True,
topic_label_v3_2_added_00787,I need another example of that.,Foreshadowing,Foreshadowing | Logarithms | Topic Sentences | Circadian Rhythm | Conversion Funnel,"Can you help me understand Foreshadowing? | The last example about Foreshadowing helped, but not fully.",,active_topic_reference,0.93,True,
topic_label_v3_2_added_00788,That still feels too abstract.,Pragmatics,Pragmatics | Ecological Succession | Moral Luck | Credit Scores | Vaccine Mechanisms,"Can you help me understand Pragmatics? | The last example about Pragmatics helped, but not fully.",,active_topic_reference,0.92,True,
topic_label_v3_2_added_00789,"That example helped, but I'm not sure I could do it myself.",Shading Values,Shading Values | Electoral College | Renewable Energy Grid,"Can you help me understand Shading Values? | The last example about Shading Values helped, but not fully.",,active_topic_reference,0.89,True,
topic_label_v3_2_added_00790,Can you explain that easier?,Perspective Drawing,Perspective Drawing | Necessary vs Sufficient Conditions | Gesture Drawing | Topic Sentences | Kidney Filtration,"Can you help me understand Perspective Drawing? | The last example about Perspective Drawing helped, but not fully.",,active_topic_reference,0.89,True,
topic_label_v3_2_added_00791,"I think I understand the first sentence, then I lose the thread.",Judicial Review,Judicial Review | Topic Sentences | Supply and Demand,"Can you help me understand Judicial Review? | The last example about Judicial Review helped, but not fully.",,active_topic_reference,0.93,True,
topic_label_v3_2_added_00792,What's the tiny step I'm skipping?,OAuth Flow,OAuth Flow | Environmental Feedback Loops | Typography,,,active_topic_reference,0.96,True,
topic_label_v3_2_added_00793,"That example helped, but I'm not sure I could do it myself.",Credit Scores,Credit Scores | Action Potentials | React State,"Can you help me understand Credit Scores? | The last example about Credit Scores helped, but not fully.",,active_topic_reference,0.97,True,
topic_label_v3_2_added_00794,I need another example of that.,Opportunity Cost,Opportunity Cost,"Can you help me understand Opportunity Cost? | The last example about Opportunity Cost helped, but not fully.",,active_topic_reference,0.95,True,
topic_label_v3_2_added_00795,Could you make it more visual?,Chord Progressions,Chord Progressions | Symbolism,"Can you help me understand Chord Progressions? | The last example about Chord Progressions helped, but not fully.",,active_topic_reference,0.95,True,
topic_label_v3_2_added_00796,Can you slow down on this part?,Topic Sentences,Topic Sentences,,,active_topic_reference,0.93,True,
topic_label_v3_2_added_00797,Can you explain that easier?,Electricity,Electricity,,,active_topic_reference,0.95,True,
topic_label_v3_2_added_00798,What would that look like?,Quadratic Functions,Quadratic Functions,"Can you help me understand Quadratic Functions? | The last example about Quadratic Functions helped, but not fully.",,active_topic_reference,0.89,True,
topic_label_v3_2_added_00799,Can you slow down on this part?,Preterite vs Imperfect,Preterite vs Imperfect,"Can you help me understand Preterite vs Imperfect? | The last example about Preterite vs Imperfect helped, but not fully.",,active_topic_reference,0.89,True,
topic_label_v3_2_added_00800,What is the intuition behind that?,Typography,Typography | Privacy Rights | Liability | Necessary vs Sufficient Conditions | Trigonometry,,,active_topic_reference,0.93,True,
topic_label_v3_2_added_00801,"I know something is wrong in my understanding, but I can't locate it.",,Executive Function | Correlation vs Causation,,,no_topic,0.95,True,
topic_label_v3_2_added_00802,"I need help, but I don't know with what yet.",,,,,no_topic,0.86,True,
topic_label_v3_2_added_00803,I don't know what I want to learn.,,,,,no_topic,0.92,True,
topic_label_v3_2_added_00804,I'm blanking and don't even know what to type.,,,,,no_topic,0.88,True,
topic_label_v3_2_added_00805,I'm not ready to name a subject yet.,,,,,no_topic,0.91,True,
topic_label_v3_2_added_00806,I'm not ready to name a subject yet.,,Active Voice vs Passive Voice | Color Contrast,,,no_topic,0.92,True,
topic_label_v3_2_added_00807,"I know something is wrong in my understanding, but I can't locate it.",,,,,no_topic,0.90,True,
topic_label_v3_2_added_00808,Nothing is making sense today.,,,,,no_topic,0.95,True,
topic_label_v3_2_added_00809,Can you help me figure out what I'm even asking?,,,,,no_topic,0.87,True,
topic_label_v3_2_added_00810,"I need help, but I don't know with what yet.",,Ocean Currents,,,no_topic,0.94,True,
topic_label_v3_2_added_00811,"I need help, but I don't know with what yet.",,Working Memory | React State | Normal Distribution,,,no_topic,0.90,True,
topic_label_v3_2_added_00812,I need a starting question because my request is too vague.,,,,,no_topic,0.88,True,
topic_label_v3_2_added_00813,No specific subject yet — I just need help narrowing it down.,,,,,no_topic,0.96,True,
topic_label_v3_2_added_00814,"I feel behind, but I can't tell where the gap is.",,,,,no_topic,0.93,True,
topic_label_v3_2_added_00815,I don't have a topic; I just need to get oriented.,,,,,no_topic,0.95,True,
topic_label_v3_2_added_00816,I'm stuck before the actual learning starts.,,,,,no_topic,0.95,True,
topic_label_v3_2_added_00817,I'm just confused and can't name the thing.,,,,,no_topic,0.93,True,
topic_label_v3_2_added_00818,No specific subject yet — I just need help narrowing it down.,,,,,no_topic,0.87,True,
topic_label_v3_2_added_00819,Can you help me figure out what I'm even asking?,,,,,no_topic,0.93,True,
topic_label_v3_2_added_00820,I don't know what I want to learn.,,Git Branching,,,no_topic,0.91,True,
topic_label_v3_2_added_00821,No specific subject yet — I just need help narrowing it down.,,Supply and Demand,,,no_topic,0.86,True,
topic_label_v3_2_added_00822,I'm blanking and don't even know what to type.,,,,,no_topic,0.89,True,
topic_label_v3_2_added_00823,I'm blanking and don't even know what to type.,,,,,no_topic,0.93,True,
topic_label_v3_2_added_00824,I'm just confused and can't name the thing.,,,,,no_topic,0.93,True,
topic_label_v3_2_added_00825,"I know something is wrong in my understanding, but I can't locate it.",,,,,no_topic,0.96,True,
topic_label_v3_2_added_00826,I'm just confused and can't name the thing.,,,,,no_topic,0.93,True,
topic_label_v3_2_added_00827,"There is probably a topic here, but I can't find the words.",,,,,no_topic,0.91,True,
topic_label_v3_2_added_00828,I opened this and immediately forgot what I was trying to do.,,,,,no_topic,0.93,True,
topic_label_v3_2_added_00829,I opened this and immediately forgot what I was trying to do.,,,,,no_topic,0.87,True,
topic_label_v3_2_added_00830,I'm stuck before the actual learning starts.,,,,,no_topic,0.94,True,
topic_label_v3_2_added_00831,I don't know what I want to learn.,,,,,no_topic,0.88,True,
topic_label_v3_2_added_00832,I'm blanking and don't even know what to type.,,,,,no_topic,0.88,True,
topic_label_v3_2_added_00833,"There is probably a topic here, but I can't find the words.",,Lifetime Value | Free Body Diagrams,,,no_topic,0.86,True,
topic_label_v3_2_added_00834,I'm blanking and don't even know what to type.,,,,,no_topic,0.95,True,
topic_label_v3_2_added_00835,Could you ask me a grounding question first?,,,,,no_topic,0.87,True,
topic_label_v3_2_added_00836,I don't have a topic; I just need to get oriented.,,,,,no_topic,0.89,True,
topic_label_v3_2_added_00837,"My brain feels stuck, but there isn't a clear topic in the sentence.",,,,,no_topic,0.93,True,
topic_label_v3_2_added_00838,I'm just confused and can't name the thing.,,,,,no_topic,0.87,True,
topic_label_v3_2_added_00839,I need a starting question because my request is too vague.,,Plea Bargains | React State | Color Contrast,,,no_topic,0.92,True,
topic_label_v3_2_added_00840,Nothing is making sense today.,,,,,no_topic,0.93,True,
topic_label_v3_2_added_00841,"There is probably a topic here, but I can't find the words.",,,,,no_topic,0.94,True,
topic_label_v3_2_added_00842,Nothing is making sense today.,,,,,no_topic,0.89,True,
topic_label_v3_2_added_00843,"My brain feels stuck, but there isn't a clear topic in the sentence.",,,,,no_topic,0.91,True,
topic_label_v3_2_added_00844,Can you help me figure out what I'm even asking?,,,,,no_topic,0.95,True,
topic_label_v3_2_added_00845,Everything feels like too much right now.,,,,,no_topic,0.86,True,
topic_label_v3_2_added_00846,I'm just confused and can't name the thing.,,,,,no_topic,0.90,True,
topic_label_v3_2_added_00847,Nothing is making sense today.,,,,,no_topic,0.88,True,
topic_label_v3_2_added_00848,I'm not ready to name a subject yet.,,,,,no_topic,0.95,True,
topic_label_v3_2_added_00849,I'm stuck before the actual learning starts.,,Liability | Logarithms | Probability Distributions,,,no_topic,0.91,True,
topic_label_v3_2_added_00850,Everything feels like too much right now.,,,,,no_topic,0.90,True,
topic_label_v3_2_added_00851,"My brain feels stuck, but there isn't a clear topic in the sentence.",,,,,no_topic,0.92,True,
topic_label_v3_2_added_00852,I don't know what I want to learn.,,,,,no_topic,0.96,True,
topic_label_v3_2_added_00853,No specific subject yet — I just need help narrowing it down.,,,,,no_topic,0.94,True,
topic_label_v3_2_added_00854,"My brain feels stuck, but there isn't a clear topic in the sentence.",,,,,no_topic,0.94,True,
topic_label_v3_2_added_00855,"I need help, but I don't know with what yet.",,,,,no_topic,0.92,True,
topic_label_v3_2_added_00856,"There is probably a topic here, but I can't find the words.",,,,,no_topic,0.92,True,
topic_label_v3_2_added_00857,I don't have a topic; I just need to get oriented.,,,,,no_topic,0.87,True,
topic_label_v3_2_added_00858,"I know something is wrong in my understanding, but I can't locate it.",,,,,no_topic,0.90,True,
topic_label_v3_2_added_00859,I don't know what I want to learn.,,,,,no_topic,0.93,True,
topic_label_v3_2_added_00860,I'm stuck before the actual learning starts.,,,,,no_topic,0.92,True,
topic_label_v3_2_added_00861,"I know something is wrong in my understanding, but I can't locate it.",,,,,no_topic,0.91,True,
topic_label_v3_2_added_00862,I don't know what I want to learn.,,,,,no_topic,0.90,True,
topic_label_v3_2_added_00863,Nothing is making sense today.,,,,,no_topic,0.92,True,
topic_label_v3_2_added_00864,Nothing is making sense today.,,,,,no_topic,0.89,True,
topic_label_v3_2_added_00865,"There is probably a topic here, but I can't find the words.",,,,,no_topic,0.93,True,
topic_label_v3_2_added_00866,Nothing is making sense today.,,,,,no_topic,0.91,True,
topic_label_v3_2_added_00867,I'm stuck before the actual learning starts.,,,,,no_topic,0.96,True,
topic_label_v3_2_added_00868,"I know something is wrong in my understanding, but I can't locate it.",,Judicial Review | React State | Kidney Filtration,,,no_topic,0.91,True,
topic_label_v3_2_added_00869,I'm blanking and don't even know what to type.,,,,,no_topic,0.95,True,
topic_label_v3_2_added_00870,Can you help me figure out what I'm even asking?,,,,,no_topic,0.90,True,
topic_label_v3_2_added_00871,"I feel behind, but I can't tell where the gap is.",,,,,no_topic,0.91,True,
topic_label_v3_2_added_00872,Could you ask me a grounding question first?,,,,,no_topic,0.92,True,
topic_label_v3_2_added_00873,I'm not ready to name a subject yet.,,,,,no_topic,0.90,True,
topic_label_v3_2_added_00874,I opened this and immediately forgot what I was trying to do.,,,,,no_topic,0.90,True,
topic_label_v3_2_added_00875,Can you help me figure out what I'm even asking?,,,,,no_topic,0.90,True,
topic_label_v3_2_added_00876,I'm not ready to name a subject yet.,,,,,no_topic,0.88,True,
topic_label_v3_2_added_00877,Everything feels like too much right now.,,,,,no_topic,0.92,True,
topic_label_v3_2_added_00878,No specific subject yet — I just need help narrowing it down.,,Caching | Reinforcement Learning,,,no_topic,0.91,True,
topic_label_v3_2_added_00879,"I feel behind, but I can't tell where the gap is.",,,,,no_topic,0.93,True,
topic_label_v3_2_added_00880,Could you ask me a grounding question first?,,,,,no_topic,0.90,True,
topic_label_v3_2_added_00881,I opened this and immediately forgot what I was trying to do.,,,,,no_topic,0.89,True,
topic_label_v3_2_added_00882,No specific subject yet — I just need help narrowing it down.,,,,,no_topic,0.95,True,
topic_label_v3_2_added_00883,I need a starting question because my request is too vague.,,,,,no_topic,0.88,True,
topic_label_v3_2_added_00884,"I know something is wrong in my understanding, but I can't locate it.",,,,,no_topic,0.91,True,
topic_label_v3_2_added_00885,"My brain feels stuck, but there isn't a clear topic in the sentence.",,,,,no_topic,0.95,True,
topic_label_v3_2_added_00886,"There is probably a topic here, but I can't find the words.",,,,,no_topic,0.93,True,
topic_label_v3_2_added_00887,No specific subject yet — I just need help narrowing it down.,,,,,no_topic,0.95,True,
topic_label_v3_2_added_00888,I don't know what I want to learn.,,,,,no_topic,0.87,True,
topic_label_v3_2_added_00889,"I know something is wrong in my understanding, but I can't locate it.",,Dopamine,,,no_topic,0.90,True,
topic_label_v3_2_added_00890,I opened this and immediately forgot what I was trying to do.,,Executive Function | Systems of Equations,,,no_topic,0.88,True,
topic_label_v3_2_added_00891,I'm blanking and don't even know what to type.,,Topic Sentences | Environment Variables | Osmosis,,,no_topic,0.93,True,
topic_label_v3_2_added_00892,I opened this and immediately forgot what I was trying to do.,,,,,no_topic,0.86,True,
topic_label_v3_2_added_00893,I'm not ready to name a subject yet.,,,,,no_topic,0.93,True,
topic_label_v3_2_added_00894,"I need help, but I don't know with what yet.",,,,,no_topic,0.96,True,
topic_label_v3_2_added_00895,Could you ask me a grounding question first?,,,,,no_topic,0.89,True,
topic_label_v3_2_added_00896,I don't have a topic; I just need to get oriented.,,,,,no_topic,0.96,True,
topic_label_v3_2_added_00897,I'm not ready to name a subject yet.,,,,,no_topic,0.94,True,
topic_label_v3_2_added_00898,I don't have a topic; I just need to get oriented.,,Carbon Cycle | Systems of Equations,,,no_topic,0.94,True,
topic_label_v3_2_added_00899,I'm not ready to name a subject yet.,,,,,no_topic,0.90,True,
topic_label_v3_2_added_00900,"I feel behind, but I can't tell where the gap is.",,Budgeting,,,no_topic,0.88,True,
topic_label_v3_2_added_00901,I don't have a topic; I just need to get oriented.,,,,,no_topic,0.94,True,
topic_label_v3_2_added_00902,Could you ask me a grounding question first?,,,,,no_topic,0.91,True,
topic_label_v3_2_added_00903,I don't know what I want to learn.,,Vaccine Mechanisms,,,no_topic,0.88,True,
topic_label_v3_2_added_00904,"There is probably a topic here, but I can't find the words.",,,,,no_topic,0.92,True,
topic_label_v3_2_added_00905,I'm not ready to name a subject yet.,,,,,no_topic,0.91,True,
topic_label_v3_2_added_00906,I need a starting question because my request is too vague.,,,,,no_topic,0.91,True,
topic_label_v3_2_added_00907,Could you ask me a grounding question first?,,,,,no_topic,0.87,True,
topic_label_v3_2_added_00908,I don't know what I want to learn.,,,,,no_topic,0.86,True,
topic_label_v3_2_added_00909,Nothing is making sense today.,,Trigonometry | Sodium-Potassium Pump,,,no_topic,0.86,True,
topic_label_v3_2_added_00910,I'm just confused and can't name the thing.,,,,,no_topic,0.90,True,
topic_label_v3_2_added_00911,I'm blanking and don't even know what to type.,,,,,no_topic,0.88,True,
topic_label_v3_2_added_00912,I don't know what I want to learn.,,,,,no_topic,0.92,True,
topic_label_v3_2_added_00913,Can you help me figure out what I'm even asking?,,,,,no_topic,0.90,True,
topic_label_v3_2_added_00914,I don't have a topic; I just need to get oriented.,,,,,no_topic,0.91,True,
topic_label_v3_2_added_00915,I'm blanking and don't even know what to type.,,,,,no_topic,0.95,True,
topic_label_v3_2_added_00916,I'm not ready to name a subject yet.,,,,,no_topic,0.94,True,
topic_label_v3_2_added_00917,I opened this and immediately forgot what I was trying to do.,,,,,no_topic,0.90,True,
topic_label_v3_2_added_00918,"My brain feels stuck, but there isn't a clear topic in the sentence.",,,,,no_topic,0.94,True,
topic_label_v3_2_added_00919,No specific subject yet — I just need help narrowing it down.,,Lifetime Value,,,no_topic,0.92,True,
topic_label_v3_2_added_00920,I don't have a topic; I just need to get oriented.,,,,,no_topic,0.95,True,
topic_label_v3_2_added_00921,"There is probably a topic here, but I can't find the words.",,,,,no_topic,0.87,True,
topic_label_v3_2_added_00922,"My brain feels stuck, but there isn't a clear topic in the sentence.",,,,,no_topic,0.95,True,
topic_label_v3_2_added_00923,No specific subject yet — I just need help narrowing it down.,,Osmosis | Working Memory | Torque,,,no_topic,0.88,True,
topic_label_v3_2_added_00924,I need a starting question because my request is too vague.,,,,,no_topic,0.95,True,
topic_label_v3_2_added_00925,I need a starting question because my request is too vague.,,OAuth Flow | Shading Values | Air Pressure Systems,,,no_topic,0.91,True,
topic_label_v3_2_added_00926,I don't have a topic; I just need to get oriented.,,,,,no_topic,0.87,True,
topic_label_v3_2_added_00927,"I need help, but I don't know with what yet.",,,,,no_topic,0.91,True,
topic_label_v3_2_added_00928,"My brain feels stuck, but there isn't a clear topic in the sentence.",,,,,no_topic,0.95,True,
topic_label_v3_2_added_00929,I don't have a topic; I just need to get oriented.,,Opportunity Cost | Action Potentials,,,no_topic,0.87,True,
topic_label_v3_2_added_00930,I don't have a topic; I just need to get oriented.,,,,,no_topic,0.96,True,
topic_label_v3_2_added_00931,Everything feels like too much right now.,,,,,no_topic,0.95,True,
topic_label_v3_2_added_00932,"I need help, but I don't know with what yet.",,,,,no_topic,0.95,True,
topic_label_v3_2_added_00933,I need a starting question because my request is too vague.,,,,,no_topic,0.93,True,
topic_label_v3_2_added_00934,I'm blanking and don't even know what to type.,,,,,no_topic,0.91,True,
topic_label_v3_2_added_00935,I need a starting question because my request is too vague.,,,,,no_topic,0.91,True,
topic_label_v3_2_added_00936,I'm not ready to name a subject yet.,,,,,no_topic,0.87,True,
topic_label_v3_2_added_00937,Could you ask me a grounding question first?,,,,,no_topic,0.87,True,
topic_label_v3_2_added_00938,I'm just confused and can't name the thing.,,,,,no_topic,0.94,True,
topic_label_v3_2_added_00939,I opened this and immediately forgot what I was trying to do.,,,,,no_topic,0.91,True,
topic_label_v3_2_added_00940,I'm just confused and can't name the thing.,,Topic Sentences,,,no_topic,0.88,True,
topic_label_v3_2_added_00941,"There is probably a topic here, but I can't find the words.",,,,,no_topic,0.92,True,
topic_label_v3_2_added_00942,"I know something is wrong in my understanding, but I can't locate it.",,Derivatives | Opportunity Cost,,,no_topic,0.93,True,
topic_label_v3_2_added_00943,"I know something is wrong in my understanding, but I can't locate it.",,Perspective Drawing | Air Pressure Systems | Deductive Reasoning,,,no_topic,0.92,True,
topic_label_v3_2_added_00944,I'm stuck before the actual learning starts.,,,,,no_topic,0.90,True,
topic_label_v3_2_added_00945,No specific subject yet — I just need help narrowing it down.,,,,,no_topic,0.94,True,
topic_label_v3_2_added_00946,I don't know what I want to learn.,,,,,no_topic,0.89,True,
topic_label_v3_2_added_00947,"There is probably a topic here, but I can't find the words.",,,,,no_topic,0.87,True,
topic_label_v3_2_added_00948,Can you help me figure out what I'm even asking?,,,,,no_topic,0.90,True,
topic_label_v3_2_added_00949,I'm stuck before the actual learning starts.,,Carbon Cycle,,,no_topic,0.93,True,
topic_label_v3_2_added_00950,"My brain feels stuck, but there isn't a clear topic in the sentence.",,,,,no_topic,0.87,True,
topic_label_v3_2_added_00951,I need a starting question because my request is too vague.,,Reinforcement Learning | Shading Values | Conversion Funnel,,,no_topic,0.92,True,
topic_label_v3_2_added_00952,I don't know what I want to learn.,,,,,no_topic,0.87,True,
topic_label_v3_2_added_00953,I'm blanking and don't even know what to type.,,Ser vs Estar | Liability,,,no_topic,0.91,True,
topic_label_v3_2_added_00954,I'm not ready to name a subject yet.,,,,,no_topic,0.92,True,
topic_label_v3_2_added_00955,"There is probably a topic here, but I can't find the words.",,,,,no_topic,0.93,True,
topic_label_v3_2_added_00956,Everything feels like too much right now.,,,,,no_topic,0.94,True,
topic_label_v3_2_added_00957,I opened this and immediately forgot what I was trying to do.,,,,,no_topic,0.90,True,
topic_label_v3_2_added_00958,I don't know what I want to learn.,,,,,no_topic,0.90,True,
topic_label_v3_2_added_00959,No specific subject yet — I just need help narrowing it down.,,Reinforcement Learning,,,no_topic,0.89,True,
topic_label_v3_2_added_00960,I'm just confused and can't name the thing.,,Regression Lines | Composition in Photography,,,no_topic,0.94,True,
topic_label_v3_2_added_00961,Nothing is making sense today.,,,,,no_topic,0.93,True,
topic_label_v3_2_added_00962,"There is probably a topic here, but I can't find the words.",,Symbolism | OAuth Flow | Camera Aperture,,,no_topic,0.87,True,
topic_label_v3_2_added_00963,I'm blanking and don't even know what to type.,,Privacy Rights | Osmosis | Torque,,,no_topic,0.94,True,
topic_label_v3_2_added_00964,I'm stuck before the actual learning starts.,,,,,no_topic,0.89,True,
topic_label_v3_2_added_00965,Nothing is making sense today.,,,,,no_topic,0.89,True,
topic_label_v3_2_added_00966,Can you help me figure out what I'm even asking?,,,,,no_topic,0.93,True,
topic_label_v3_2_added_00967,"I need help, but I don't know with what yet.",,,,,no_topic,0.95,True,
topic_label_v3_2_added_00968,"I know something is wrong in my understanding, but I can't locate it.",,,,,no_topic,0.88,True,
topic_label_v3_2_added_00969,"I feel behind, but I can't tell where the gap is.",,,,,no_topic,0.89,True,
topic_label_v3_2_added_00970,I don't have a topic; I just need to get oriented.,,,,,no_topic,0.88,True,
topic_label_v3_2_added_00971,I don't know what I want to learn.,,,,,no_topic,0.93,True,
topic_label_v3_2_added_00972,I opened this and immediately forgot what I was trying to do.,,,,,no_topic,0.87,True,
topic_label_v3_2_added_00973,"My brain feels stuck, but there isn't a clear topic in the sentence.",,,,,no_topic,0.88,True,
topic_label_v3_2_added_00974,I'm blanking and don't even know what to type.,,,,,no_topic,0.89,True,
topic_label_v3_2_added_00975,I'm just confused and can't name the thing.,,Ecological Succession,,,no_topic,0.88,True,
topic_label_v3_2_added_00976,I'm not ready to name a subject yet.,,,,,no_topic,0.86,True,
topic_label_v3_2_added_00977,I'm stuck before the actual learning starts.,,,,,no_topic,0.95,True,
topic_label_v3_2_added_00978,"My brain feels stuck, but there isn't a clear topic in the sentence.",,,,,no_topic,0.87,True,
topic_label_v3_2_added_00979,I'm not ready to name a subject yet.,,,,,no_topic,0.88,True,
topic_label_v3_2_added_00980,"I feel behind, but I can't tell where the gap is.",,,,,no_topic,0.95,True,
topic_label_v3_2_added_00981,"I think this is either Correlation vs Causation or Reinforcement Learning, but I don't know which one is the real issue.",,Correlation vs Causation | Reinforcement Learning | Topic Sentences | Dopamine | Thesis Statements,Earlier I asked about Correlation vs Causation.,,unclear_topic,0.87,True,
topic_label_v3_2_added_00982,I can't tell whether my confusion belongs under Gene Expression or Greenhouse Effect.,Greenhouse Effect,Greenhouse Effect | Gene Expression,Earlier I asked about Gene Expression.,,unclear_topic,0.90,True,
topic_label_v3_2_added_00983,"This might be about Action Potentials, unless it's actually Compound Interest.",,Action Potentials | Compound Interest | Regression Lines,,,unclear_topic,0.83,True,
topic_label_v3_2_added_00984,I can't tell whether my confusion belongs under Sodium-Potassium Pump or Conversation Repair.,Sodium-Potassium Pump,Sodium-Potassium Pump | Conversation Repair,Earlier I asked about Sodium-Potassium Pump.,,unclear_topic,0.82,True,
topic_label_v3_2_added_00985,"I think this is either Action Potentials or Logarithms, but I don't know which one is the real issue.",,Action Potentials | Logarithms,Earlier I asked about Action Potentials.,,unclear_topic,0.85,True,
topic_label_v3_2_added_00986,"I might mean Confirmation Bias, but the example also reminds me of Opportunity Cost.",,Confirmation Bias | Opportunity Cost | Logical Fallacies | Pragmatics,,,unclear_topic,0.83,True,
topic_label_v3_2_added_00987,"I keep mixing up Conversation Repair and React State, and I don't know which topic to open.",Derivatives,Derivatives | Conversation Repair | React State | Engines,,,unclear_topic,0.90,True,
topic_label_v3_2_added_00988,The problem feels between Gene Expression and Compound Interest; choosing one feels wrong.,Photosynthesis,Photosynthesis | Gene Expression | Compound Interest | Inductive Reasoning | Quadratic Functions,,,unclear_topic,0.91,True,
topic_label_v3_2_added_00989,The problem feels between Quadratic Functions and Light as a Wave and Particle; choosing one feels wrong.,Cellular Respiration,Cellular Respiration | Quadratic Functions | Light as a Wave and Particle | Reinforcement Learning,Earlier I asked about Quadratic Functions.,,unclear_topic,0.90,True,
topic_label_v3_2_added_00990,I can't tell whether my confusion belongs under Derivatives or Logical Fallacies.,,Derivatives | Logical Fallacies | Supply and Demand | Thesis Statements,,,unclear_topic,0.90,True,
topic_label_v3_2_added_00991,The problem feels between Deductive Reasoning and Composition in Photography; choosing one feels wrong.,,Deductive Reasoning | Composition in Photography,Earlier I asked about Deductive Reasoning.,,unclear_topic,0.84,True,
topic_label_v3_2_added_00992,"Can we go back to that earlier thing — maybe Protein Folding, maybe Blood Pressure Regulation? I'm not sure.",Blood Pressure Regulation,Blood Pressure Regulation | Protein Folding | Gene Expression | TypeScript Generics,,,unclear_topic,0.84,True,
topic_label_v3_2_added_00993,"This might be about Shading Values, unless it's actually React State.",React State,React State | Shading Values | Gene Expression | Osmosis,,,unclear_topic,0.89,True,
topic_label_v3_2_added_00994,The problem feels between React State and Mitosis vs Meiosis; choosing one feels wrong.,React State,React State | Mitosis vs Meiosis,,,unclear_topic,0.83,True,
topic_label_v3_2_added_00995,"I think this is either Shading Values or Working Memory, but I don't know which one is the real issue.",Working Memory,Working Memory | Shading Values | Budgeting | Storyboarding,Earlier I asked about Shading Values.,,unclear_topic,0.91,True,
topic_label_v3_2_added_00996,"Can we go back to that earlier thing — maybe Environment Variables, maybe Circuit Breakers? I'm not sure.",Quadratic Functions,Quadratic Functions | Environment Variables | Circuit Breakers | Privacy Rights | Homeostasis,Earlier I asked about Environment Variables.,,unclear_topic,0.93,True,
topic_label_v3_2_added_00997,"I keep mixing up Break-Even Point and Preterite vs Imperfect, and I don't know which topic to open.",Preterite vs Imperfect,Preterite vs Imperfect | Break-Even Point,,,unclear_topic,0.89,True,
topic_label_v3_2_added_00998,"I might mean Primary vs Secondary Sources, but the example also reminds me of Chord Progressions.",Actual Concept of Light,Actual Concept of Light | Primary vs Secondary Sources | Chord Progressions | Geothermal Energy | Event Loop,,,unclear_topic,0.92,True,
topic_label_v3_2_added_00999,"I keep mixing up Opportunity Cost and Engines, and I don't know which topic to open.",,Opportunity Cost | Engines | Composition in Photography | Quadratic Functions | Vaccine Mechanisms,Earlier I asked about Opportunity Cost.,,unclear_topic,0.89,True,
topic_label_v3_2_added_01000,"I keep mixing up Event Loop and Gesture Drawing, and I don't know which topic to open.",Budgeting,Budgeting | Event Loop | Gesture Drawing | Regression Lines | Compound Interest | React State,,,unclear_topic,0.85,True,
