id,message,active_topic_name,current_topic_names,previous_user_messages,extracted_label,topic_reference_type,confidence,needs_human_review,reviewer_notes
topic_label_v3_1_12000_10001,"If there is a way to learn about trigonometry in an easy way, I'd love to know.",,,,Trigonometry,explicit_topic_reference,0.97,True,v3.1 early_activity_augmented; scenario=cold_start_explicit_topic
topic_label_v3_1_12000_10002,The actual concept of light being a wave and a particle doesn't make sense to me. Like how can it be both. What would that even look like?,,,,Light as a Wave and Particle,explicit_topic_reference,0.97,True,v3.1 early_activity_augmented; scenario=cold_start_explicit_topic
topic_label_v3_1_12000_10003,I am confused about engines.,,,,Engines,explicit_topic_reference,0.97,True,v3.1 early_activity_augmented; scenario=cold_start_explicit_topic
topic_label_v3_1_12000_10004,I want to learn about trigonometry.,,,,Trigonometry,explicit_topic_reference,0.97,True,v3.1 early_activity_augmented; scenario=cold_start_explicit_topic
topic_label_v3_1_12000_10005,I do not understand light being both a wave and a particle.,,,,Light as a Wave and Particle,explicit_topic_reference,0.97,True,v3.1 early_activity_augmented; scenario=cold_start_explicit_topic
topic_label_v3_1_12000_10006,How do I start with derivatives if I do not even know what the symbol is doing?,,,,Derivatives,explicit_topic_reference,0.97,True,v3.1 early_activity_augmented; scenario=cold_start_explicit_topic
topic_label_v3_1_12000_10007,Could we talk about circuit breakers instead of electricity in general?,,,,Circuit Breakers,explicit_topic_reference,0.97,True,v3.1 early_activity_augmented; scenario=cold_start_explicit_topic
topic_label_v3_1_12000_10008,"If there is a way to learn about trigonometry in an easy way, I'd love to know.",Actual Concept of Light,Actual Concept of Light,,Trigonometry,explicit_topic_reference,0.96,True,v3.1 early_activity_augmented; scenario=one_topic_explicit_shift
topic_label_v3_1_12000_10009,The actual concept of light being a wave and a particle doesn't make sense to me. Like how can it be both. What would that even look like?,Trigonometry,Trigonometry,,Light as a Wave and Particle,explicit_topic_reference,0.96,True,v3.1 early_activity_augmented; scenario=one_topic_explicit_shift
topic_label_v3_1_12000_10010,I am confused about engines.,Actual Concept of Light,Actual Concept of Light,,Engines,explicit_topic_reference,0.96,True,v3.1 early_activity_augmented; scenario=one_topic_explicit_shift
topic_label_v3_1_12000_10011,I want to learn about trigonometry.,Actual Concept of Light,Actual Concept of Light,,Trigonometry,explicit_topic_reference,0.96,True,v3.1 early_activity_augmented; scenario=one_topic_explicit_shift
topic_label_v3_1_12000_10012,switching gears: confidence intervals is what I want to learn about next.,,,,Confidence Intervals,explicit_topic_reference,0.97,True,v3.1 early_activity_augmented; scenario=cold_start_explicit_topic
topic_label_v3_1_12000_10013,"Measuring Ingredients? I have heard the phrase, but I do not have a mental picture yet.",,,,Measuring Ingredients,explicit_topic_reference,0.98,True,v3.1 early_activity_augmented; scenario=cold_start_explicit_topic
topic_label_v3_1_12000_10014,switching gears: typescript generics is what I want to learn about next.,,,,TypeScript Generics,explicit_topic_reference,0.95,True,v3.1 early_activity_augmented; scenario=cold_start_explicit_topic
topic_label_v3_1_12000_10015,"it is embarrassing, but cell membrane transport still feels like a magic word to me.",,,,Cell Membrane Transport,explicit_topic_reference,0.96,True,v3.1 early_activity_augmented; scenario=cold_start_explicit_topic
topic_label_v3_1_12000_10016,there is a way people explain Motivation Loops that I am clearly missing. I do not need the advanced version yet.,,,,Motivation Loops,explicit_topic_reference,0.86,True,v3.1 early_activity_augmented; scenario=cold_start_explicit_topic
topic_label_v3_1_12000_10017,"when people say model evaluation, what should I be imagining?",,,,Model Evaluation,explicit_topic_reference,0.89,True,v3.1 early_activity_augmented; scenario=cold_start_explicit_topic
topic_label_v3_1_12000_10018,quick pivot: Natural Selection. I want to understand the basic shape before details.,,,,Natural Selection,explicit_topic_reference,0.89,True,v3.1 early_activity_augmented; scenario=cold_start_explicit_topic
topic_label_v3_1_12000_10019,the phrase cognitive load shows up and I just freeze; can we make it concrete?,,,,Cognitive Load,explicit_topic_reference,0.87,True,v3.1 early_activity_augmented; scenario=cold_start_explicit_topic
topic_label_v3_1_12000_10020,say the topic is Electricity; what is the first thing I should actually understand?,,,,Electricity,explicit_topic_reference,0.97,True,v3.1 early_activity_augmented; scenario=cold_start_explicit_topic
topic_label_v3_1_12000_10021,could we park the other topic for a second and get into OAuth flow?,,,,OAuth Flow,explicit_topic_reference,0.96,True,v3.1 early_activity_augmented; scenario=cold_start_explicit_topic
topic_label_v3_1_12000_10022,"What I need next is Working Memory, especially the piece that makes the example work.",,,,Working Memory,explicit_topic_reference,0.90,True,v3.1 early_activity_augmented; scenario=cold_start_explicit_topic
topic_label_v3_1_12000_10023,"the new question is about air pressure systems, not really about what we were just doing.",,,,Air Pressure Systems,explicit_topic_reference,0.97,True,v3.1 early_activity_augmented; scenario=cold_start_explicit_topic
topic_label_v3_1_12000_10024,"I thought the issue was the previous topic, but the thing I need now is Cell Membrane Transport.",,,,Cell Membrane Transport,explicit_topic_reference,0.86,True,v3.1 early_activity_augmented; scenario=cold_start_explicit_topic
topic_label_v3_1_12000_10025,"this may sound random, but where does Stoichiometry fit into the whole thing?",,,,Stoichiometry,explicit_topic_reference,0.95,True,v3.1 early_activity_augmented; scenario=cold_start_explicit_topic
topic_label_v3_1_12000_10026,could the next topic be Electoral College? I need the gentle version first. tbh the phrase just slides off my brain.,,,,Electoral College,explicit_topic_reference,0.96,True,v3.1 early_activity_augmented; scenario=cold_start_explicit_topic
topic_label_v3_1_12000_10027,"instead of another overview, can we zoom in on Circuit Breakers? I do not need the advanced version yet.",,,,Circuit Breakers,explicit_topic_reference,0.94,True,v3.1 early_activity_augmented; scenario=cold_start_explicit_topic
topic_label_v3_1_12000_10028,"ok, I think the better label for my confusion is Stoichiometry.",,,,Stoichiometry,explicit_topic_reference,0.91,True,v3.1 early_activity_augmented; scenario=cold_start_explicit_topic
topic_label_v3_1_12000_10029,switching gears: API Routes is what I want to learn about next. tbh the phrase just slides off my brain.,,,,API Routes,explicit_topic_reference,0.86,True,v3.1 early_activity_augmented; scenario=cold_start_explicit_topic
topic_label_v3_1_12000_10030,"voltage vs current is the thing I actually want to understand, not the broader unit around it. Like, I can say the words but I cannot picture the mechanism.",,,,Voltage vs Current,explicit_topic_reference,0.88,True,v3.1 early_activity_augmented; scenario=cold_start_explicit_topic
topic_label_v3_1_12000_10031,chord progressions — that is the thing I want MyWay to put in the learning space.,,,,Chord Progressions,explicit_topic_reference,0.90,True,v3.1 early_activity_augmented; scenario=cold_start_explicit_topic
topic_label_v3_1_12000_10032,"ok, I think the better label for my confusion is plea bargains.",,,,Plea Bargains,explicit_topic_reference,0.95,True,v3.1 early_activity_augmented; scenario=cold_start_explicit_topic
topic_label_v3_1_12000_10033,switching gears: genetic drift is what I want to learn about next.,,,,Genetic Drift,explicit_topic_reference,0.93,True,v3.1 early_activity_augmented; scenario=cold_start_explicit_topic
topic_label_v3_1_12000_10034,Word Order in Spanish feels like one of those phrases I repeat without knowing what it means.,,,,Word Order in Spanish,explicit_topic_reference,0.89,True,v3.1 early_activity_augmented; scenario=cold_start_explicit_topic
topic_label_v3_1_12000_10035,"I started somewhere else, but the confusion is landing on budgeting.",,,,Budgeting,explicit_topic_reference,0.92,True,v3.1 early_activity_augmented; scenario=cold_start_explicit_topic
topic_label_v3_1_12000_10036,I keep circling around tire pressure; maybe that should be the actual topic. Start as if I have no hooks for it.,,,,Tire Pressure,explicit_topic_reference,0.89,True,v3.1 early_activity_augmented; scenario=cold_start_explicit_topic
topic_label_v3_1_12000_10037,"instead of another overview, can we zoom in on Training Data Bias? Start as if I have no hooks for it.",,,,Training Data Bias,explicit_topic_reference,0.97,True,v3.1 early_activity_augmented; scenario=cold_start_explicit_topic
topic_label_v3_1_12000_10038,say the topic is Budgeting; what is the first thing I should actually understand?,,,,Budgeting,explicit_topic_reference,0.89,True,v3.1 early_activity_augmented; scenario=cold_start_explicit_topic
topic_label_v3_1_12000_10039,quick pivot: Supply and Demand. I want to understand the basic shape before details.,,,,Supply and Demand,explicit_topic_reference,0.90,True,v3.1 early_activity_augmented; scenario=cold_start_explicit_topic
topic_label_v3_1_12000_10040,"instead of another overview, can we zoom in on Lifetime Value?",,,,Lifetime Value,explicit_topic_reference,0.98,True,v3.1 early_activity_augmented; scenario=cold_start_explicit_topic
topic_label_v3_1_12000_10041,"when people say Statistical Significance, what should I be imagining?",,,,Statistical Significance,explicit_topic_reference,0.90,True,v3.1 early_activity_augmented; scenario=cold_start_explicit_topic
topic_label_v3_1_12000_10042,I am not asking about the old topic anymore. The thing is training data bias.,,,,Training Data Bias,explicit_topic_reference,0.87,True,v3.1 early_activity_augmented; scenario=cold_start_explicit_topic
topic_label_v3_1_12000_10043,"it is embarrassing, but Vector Search still feels like a magic word to me.",,,,Vector Search,explicit_topic_reference,0.90,True,v3.1 early_activity_augmented; scenario=cold_start_explicit_topic
topic_label_v3_1_12000_10044,"I thought the issue was the previous topic, but the thing I need now is Air Pressure Systems.",,,,Air Pressure Systems,explicit_topic_reference,0.89,True,v3.1 early_activity_augmented; scenario=cold_start_explicit_topic
topic_label_v3_1_12000_10045,"not sure how to phrase this, but environment variables is where my brain keeps getting stuck. I do not need the advanced version yet.",,,,Environment Variables,explicit_topic_reference,0.91,True,v3.1 early_activity_augmented; scenario=cold_start_explicit_topic
topic_label_v3_1_12000_10046,"What I need next is air pressure systems, especially the piece that makes the example work.",,,,Air Pressure Systems,explicit_topic_reference,0.93,True,v3.1 early_activity_augmented; scenario=cold_start_explicit_topic
topic_label_v3_1_12000_10047,I am not asking about the old topic anymore. The thing is Electricity.,,,,Electricity,explicit_topic_reference,0.91,True,v3.1 early_activity_augmented; scenario=cold_start_explicit_topic
topic_label_v3_1_12000_10048,the actual blocker is attention mechanism; I can name it now but I do not understand it.,,,,Attention Mechanism,explicit_topic_reference,0.97,True,v3.1 early_activity_augmented; scenario=cold_start_explicit_topic
topic_label_v3_1_12000_10049,"ok, I think the better label for my confusion is overfitting.",,,,Overfitting,explicit_topic_reference,0.92,True,v3.1 early_activity_augmented; scenario=cold_start_explicit_topic
topic_label_v3_1_12000_10050,Can MyWay make a topic for spanish pronouns? That is what I want to work on.,,,,Spanish Pronouns,explicit_topic_reference,0.91,True,v3.1 early_activity_augmented; scenario=cold_start_explicit_topic
topic_label_v3_1_12000_10051,"the new question is about Photosynthesis, not really about what we were just doing. Start as if I have no hooks for it.",,,,Photosynthesis,explicit_topic_reference,0.86,True,v3.1 early_activity_augmented; scenario=cold_start_explicit_topic
topic_label_v3_1_12000_10052,"I do not know the right starting point for Synaptic Transmission, but I want to learn it.",,,,Synaptic Transmission,explicit_topic_reference,0.93,True,v3.1 early_activity_augmented; scenario=cold_start_explicit_topic
topic_label_v3_1_12000_10053,"No dramatic question, just: Overfitting. I want to finally get what that means.",,,,Overfitting,explicit_topic_reference,0.97,True,v3.1 early_activity_augmented; scenario=cold_start_explicit_topic
topic_label_v3_1_12000_10054,say the topic is Chemical Equilibrium; what is the first thing I should actually understand? Start as if I have no hooks for it.,,,,Chemical Equilibrium,explicit_topic_reference,0.87,True,v3.1 early_activity_augmented; scenario=cold_start_explicit_topic
topic_label_v3_1_12000_10055,I keep circling around neural networks; maybe that should be the actual topic.,,,,Neural Networks,explicit_topic_reference,0.94,True,v3.1 early_activity_augmented; scenario=cold_start_explicit_topic
topic_label_v3_1_12000_10056,there is a way people explain Reinforcement Learning that I am clearly missing.,,,,Reinforcement Learning,explicit_topic_reference,0.96,True,v3.1 early_activity_augmented; scenario=cold_start_explicit_topic
topic_label_v3_1_12000_10057,"I started somewhere else, but the confusion is landing on working memory.",,,,Working Memory,explicit_topic_reference,0.91,True,v3.1 early_activity_augmented; scenario=cold_start_explicit_topic
topic_label_v3_1_12000_10058,"I keep seeing food webs mentioned, and I want to know what it is actually doing. Like, I can say the words but I cannot picture the mechanism.",,,,Food Webs,explicit_topic_reference,0.95,True,v3.1 early_activity_augmented; scenario=cold_start_explicit_topic
topic_label_v3_1_12000_10059,"it is embarrassing, but required vs enough conditions still feels like a magic word to me.",,,,Necessary vs Sufficient Conditions,explicit_topic_reference,0.90,True,v3.1 early_activity_augmented; scenario=cold_start_explicit_topic
topic_label_v3_1_12000_10060,"I can tell Chord Progressions matters, but I cannot tell what job it is doing.",,,,Chord Progressions,explicit_topic_reference,0.97,True,v3.1 early_activity_augmented; scenario=cold_start_explicit_topic
topic_label_v3_1_12000_10061,"when people say Close Reading, what should I be imagining?",,,,Close Reading,explicit_topic_reference,0.95,True,v3.1 early_activity_augmented; scenario=cold_start_explicit_topic
topic_label_v3_1_12000_10062,I am not asking about the old topic anymore. The thing is correlation vs causation.,,,,Correlation vs Causation,explicit_topic_reference,0.97,True,v3.1 early_activity_augmented; scenario=cold_start_explicit_topic
topic_label_v3_1_12000_10063,"I can tell Carbon Cycle matters, but I cannot tell what job it is doing.",,,,Carbon Cycle,explicit_topic_reference,0.89,True,v3.1 early_activity_augmented; scenario=cold_start_explicit_topic
topic_label_v3_1_12000_10064,"What I need next is voltage vs current, especially the piece that makes the example work.",,,,Voltage vs Current,explicit_topic_reference,0.93,True,v3.1 early_activity_augmented; scenario=cold_start_explicit_topic
topic_label_v3_1_12000_10065,"If we were going to make cell membrane transport easy, what would we start with?",,,,Cell Membrane Transport,explicit_topic_reference,0.88,True,v3.1 early_activity_augmented; scenario=cold_start_explicit_topic
topic_label_v3_1_12000_10066,"it is embarrassing, but Le Chatelier's Principle still feels like a magic word to me. Start as if I have no hooks for it.",,,,Le Chatelier's Principle,explicit_topic_reference,0.86,True,v3.1 early_activity_augmented; scenario=cold_start_explicit_topic
topic_label_v3_1_12000_10067,"I keep circling around Civil Liberties vs Civil Rights; maybe that should be the actual topic. Like, I can say the words but I cannot picture the mechanism.",,,,Civil Liberties vs Civil Rights,explicit_topic_reference,0.90,True,v3.1 early_activity_augmented; scenario=cold_start_explicit_topic
topic_label_v3_1_12000_10068,could the next topic be panic body response? I need the gentle version first.,,,,Fight-or-Flight Response,explicit_topic_reference,0.96,True,v3.1 early_activity_augmented; scenario=cold_start_explicit_topic
topic_label_v3_1_12000_10069,"If we were going to make training data bias easy, what would we start with?",,,,Training Data Bias,explicit_topic_reference,0.91,True,v3.1 early_activity_augmented; scenario=cold_start_explicit_topic
topic_label_v3_1_12000_10070,"Before we go further, I need a cleaner explanation of Environment Variables. Start as if I have no hooks for it.",,,,Environment Variables,explicit_topic_reference,0.88,True,v3.1 early_activity_augmented; scenario=cold_start_explicit_topic
topic_label_v3_1_12000_10071,"I can tell panic body response matters, but I cannot tell what job it is doing.",,,,Fight-or-Flight Response,explicit_topic_reference,0.95,True,v3.1 early_activity_augmented; scenario=cold_start_explicit_topic
topic_label_v3_1_12000_10072,"I can tell Quadratic Functions matters, but I cannot tell what job it is doing.",,,,Quadratic Functions,explicit_topic_reference,0.90,True,v3.1 early_activity_augmented; scenario=cold_start_explicit_topic
topic_label_v3_1_12000_10073,"I keep seeing motivation loops mentioned, and I want to know what it is actually doing.",,,,Motivation Loops,explicit_topic_reference,0.89,True,v3.1 early_activity_augmented; scenario=cold_start_explicit_topic
topic_label_v3_1_12000_10074,"If we were going to make fight-or-flight response easy, what would we start with?",,,,Fight-or-Flight Response,explicit_topic_reference,0.89,True,v3.1 early_activity_augmented; scenario=cold_start_explicit_topic
topic_label_v3_1_12000_10075,"I do not know the right starting point for Carbon Cycle, but I want to learn it. I do not need the advanced version yet.",,,,Carbon Cycle,explicit_topic_reference,0.95,True,v3.1 early_activity_augmented; scenario=cold_start_explicit_topic
topic_label_v3_1_12000_10076,the actual blocker is Separation of Powers; I can name it now but I do not understand it. I do not need the advanced version yet.,,,,Separation of Powers,explicit_topic_reference,0.88,True,v3.1 early_activity_augmented; scenario=cold_start_explicit_topic
topic_label_v3_1_12000_10077,"Before we go further, I need a cleaner explanation of dopamine. tbh the phrase just slides off my brain.",,,,Dopamine,explicit_topic_reference,0.88,True,v3.1 early_activity_augmented; scenario=cold_start_explicit_topic
topic_label_v3_1_12000_10078,"this is probably a new topic, but dopamine is what I am trying to ask about.",,,,Dopamine,explicit_topic_reference,0.88,True,v3.1 early_activity_augmented; scenario=cold_start_explicit_topic
topic_label_v3_1_12000_10079,"this is probably a new topic, but cloud formation is what I am trying to ask about. tbh the phrase just slides off my brain.",,,,Cloud Formation,explicit_topic_reference,0.96,True,v3.1 early_activity_augmented; scenario=cold_start_explicit_topic
topic_label_v3_1_12000_10080,"No dramatic question, just: Circuit Breakers. I want to finally get what that means.",,,,Circuit Breakers,explicit_topic_reference,0.98,True,v3.1 early_activity_augmented; scenario=cold_start_explicit_topic
topic_label_v3_1_12000_10081,the part that keeps slipping is Bayes Theorem; everything else around it is kind of noise right now.,,,,Bayes Theorem,explicit_topic_reference,0.96,True,v3.1 early_activity_augmented; scenario=cold_start_explicit_topic
topic_label_v3_1_12000_10082,"the new question is about cognitive load, not really about what we were just doing.",,,,Cognitive Load,explicit_topic_reference,0.90,True,v3.1 early_activity_augmented; scenario=cold_start_explicit_topic
topic_label_v3_1_12000_10083,"Copyright Fair Use? I have heard the phrase, but I do not have a mental picture yet.",,,,Copyright Fair Use,explicit_topic_reference,0.88,True,v3.1 early_activity_augmented; scenario=cold_start_explicit_topic
topic_label_v3_1_12000_10084,"instead of another overview, can we zoom in on surface memorization vs understanding?",,,,Memorization vs Understanding,explicit_topic_reference,0.86,True,v3.1 early_activity_augmented; scenario=cold_start_explicit_topic
topic_label_v3_1_12000_10085,action potentials feels like one of those phrases I repeat without knowing what it means.,,,,Action Potentials,explicit_topic_reference,0.93,True,v3.1 early_activity_augmented; scenario=cold_start_explicit_topic
topic_label_v3_1_12000_10086,quick pivot: Separation of Powers. I want to understand the basic shape before details.,,,,Separation of Powers,explicit_topic_reference,0.97,True,v3.1 early_activity_augmented; scenario=cold_start_explicit_topic
topic_label_v3_1_12000_10087,"I thought the issue was the previous topic, but the thing I need now is photosynthesis. Like, I can say the words but I cannot picture the mechanism.",,,,Photosynthesis,explicit_topic_reference,0.87,True,v3.1 early_activity_augmented; scenario=cold_start_explicit_topic
topic_label_v3_1_12000_10088,Can MyWay make a topic for Carbon Cycle? That is what I want to work on.,,,,Carbon Cycle,explicit_topic_reference,0.97,True,v3.1 early_activity_augmented; scenario=cold_start_explicit_topic
topic_label_v3_1_12000_10089,"I do not know the right starting point for needed versus enough, but I want to learn it. I do not need the advanced version yet.",,,,Necessary vs Sufficient Conditions,explicit_topic_reference,0.89,True,v3.1 early_activity_augmented; scenario=cold_start_explicit_topic
topic_label_v3_1_12000_10090,"I keep seeing plea bargains mentioned, and I want to know what it is actually doing. Like, I can say the words but I cannot picture the mechanism.",,,,Plea Bargains,explicit_topic_reference,0.93,True,v3.1 early_activity_augmented; scenario=cold_start_explicit_topic
topic_label_v3_1_12000_10091,"this is probably a new topic, but OAuth flow is what I am trying to ask about. Like, I can say the words but I cannot picture the mechanism.",,,,OAuth Flow,explicit_topic_reference,0.88,True,v3.1 early_activity_augmented; scenario=cold_start_explicit_topic
topic_label_v3_1_12000_10092,"this is probably a new topic, but the sign-in handoff is what I am trying to ask about. I do not need the advanced version yet.",,,,OAuth Flow,explicit_topic_reference,0.97,True,v3.1 early_activity_augmented; scenario=cold_start_explicit_topic
topic_label_v3_1_12000_10093,"What I need next is neural networks, especially the piece that makes the example work.",,,,Neural Networks,explicit_topic_reference,0.96,True,v3.1 early_activity_augmented; scenario=cold_start_explicit_topic
topic_label_v3_1_12000_10094,quick pivot: Camera Framing. I want to understand the basic shape before details.,,,,Camera Framing,explicit_topic_reference,0.92,True,v3.1 early_activity_augmented; scenario=cold_start_explicit_topic
topic_label_v3_1_12000_10095,"it is embarrassing, but derivatives still feels like a magic word to me.",,,,Derivatives,explicit_topic_reference,0.91,True,v3.1 early_activity_augmented; scenario=cold_start_explicit_topic
topic_label_v3_1_12000_10096,"No dramatic question, just: valid vs sound arguments. I want to finally get what that means.",,,,Valid vs Sound Arguments,explicit_topic_reference,0.90,True,v3.1 early_activity_augmented; scenario=cold_start_explicit_topic
topic_label_v3_1_12000_10097,The example is fine; the concept I need is Le Chatelier's Principle. I do not need the advanced version yet.,,,,Le Chatelier's Principle,explicit_topic_reference,0.88,True,v3.1 early_activity_augmented; scenario=cold_start_explicit_topic
topic_label_v3_1_12000_10098,could the next topic be civil liberties vs civil rights? I need the gentle version first.,,,,Civil Liberties vs Civil Rights,explicit_topic_reference,0.96,True,v3.1 early_activity_augmented; scenario=cold_start_explicit_topic
topic_label_v3_1_12000_10099,the part that keeps slipping is Natural Selection; everything else around it is kind of noise right now.,,,,Natural Selection,explicit_topic_reference,0.90,True,v3.1 early_activity_augmented; scenario=cold_start_explicit_topic
topic_label_v3_1_12000_10100,quick pivot: caching. I want to understand the basic shape before details.,,,,Caching,explicit_topic_reference,0.93,True,v3.1 early_activity_augmented; scenario=cold_start_explicit_topic
topic_label_v3_1_12000_10101,I keep circling around Profit Margin; maybe that should be the actual topic.,,,,Profit Margin,explicit_topic_reference,0.95,True,v3.1 early_activity_augmented; scenario=cold_start_explicit_topic
topic_label_v3_1_12000_10102,OAuth flow feels like one of those phrases I repeat without knowing what it means.,,,,OAuth Flow,explicit_topic_reference,0.93,True,v3.1 early_activity_augmented; scenario=cold_start_explicit_topic
topic_label_v3_1_12000_10103,What would Dopamine look like in a simple example?,,,,Dopamine,explicit_topic_reference,0.87,True,v3.1 early_activity_augmented; scenario=cold_start_explicit_topic
topic_label_v3_1_12000_10104,rest apis feels like one of those phrases I repeat without knowing what it means.,,,,REST APIs,explicit_topic_reference,0.96,True,v3.1 early_activity_augmented; scenario=cold_start_explicit_topic
topic_label_v3_1_12000_10105,"instead of another overview, can we zoom in on genetic drift?",,,,Genetic Drift,explicit_topic_reference,0.92,True,v3.1 early_activity_augmented; scenario=cold_start_explicit_topic
topic_label_v3_1_12000_10106,"I started somewhere else, but the confusion is landing on Quadratic Functions. Like, I can say the words but I cannot picture the mechanism.",,,,Quadratic Functions,explicit_topic_reference,0.86,True,v3.1 early_activity_augmented; scenario=cold_start_explicit_topic
topic_label_v3_1_12000_10107,"I keep seeing Cloud Formation mentioned, and I want to know what it is actually doing.",,,,Cloud Formation,explicit_topic_reference,0.95,True,v3.1 early_activity_augmented; scenario=cold_start_explicit_topic
topic_label_v3_1_12000_10108,The example is fine; the concept I need is cloud formation.,,,,Cloud Formation,explicit_topic_reference,0.89,True,v3.1 early_activity_augmented; scenario=cold_start_explicit_topic
topic_label_v3_1_12000_10109,quick pivot: Function Notation. I want to understand the basic shape before details. tbh the phrase just slides off my brain.,,,,Function Notation,explicit_topic_reference,0.93,True,v3.1 early_activity_augmented; scenario=cold_start_explicit_topic
topic_label_v3_1_12000_10110,"this is probably a new topic, but Tire Pressure is what I am trying to ask about.",,,,Tire Pressure,explicit_topic_reference,0.86,True,v3.1 early_activity_augmented; scenario=cold_start_explicit_topic
topic_label_v3_1_12000_10111,"I thought the issue was the previous topic, but the thing I need now is OAuth flow. Like, I can say the words but I cannot picture the mechanism.",,,,OAuth Flow,explicit_topic_reference,0.92,True,v3.1 early_activity_augmented; scenario=cold_start_explicit_topic
topic_label_v3_1_12000_10112,"the new question is about Measuring Ingredients, not really about what we were just doing.",,,,Measuring Ingredients,explicit_topic_reference,0.94,True,v3.1 early_activity_augmented; scenario=cold_start_explicit_topic
topic_label_v3_1_12000_10113,I keep circling around electricity; maybe that should be the actual topic.,,,,Electricity,explicit_topic_reference,0.87,True,v3.1 early_activity_augmented; scenario=cold_start_explicit_topic
topic_label_v3_1_12000_10114,"this may sound random, but where does voltage vs current fit into the whole thing?",,,,Voltage vs Current,explicit_topic_reference,0.94,True,v3.1 early_activity_augmented; scenario=cold_start_explicit_topic
topic_label_v3_1_12000_10115,I keep circling around bayes theorem; maybe that should be the actual topic.,,,,Bayes Theorem,explicit_topic_reference,0.86,True,v3.1 early_activity_augmented; scenario=cold_start_explicit_topic
topic_label_v3_1_12000_10116,"Whenever environment variables appears, the explanation starts feeling like another language. tbh the phrase just slides off my brain.",,,,Environment Variables,explicit_topic_reference,0.97,True,v3.1 early_activity_augmented; scenario=cold_start_explicit_topic
topic_label_v3_1_12000_10117,switching gears: Stoichiometry is what I want to learn about next.,,,,Stoichiometry,explicit_topic_reference,0.91,True,v3.1 early_activity_augmented; scenario=cold_start_explicit_topic
topic_label_v3_1_12000_10118,"could we park the other topic for a second and get into cognitive load? Like, I can say the words but I cannot picture the mechanism.",,,,Cognitive Load,explicit_topic_reference,0.92,True,v3.1 early_activity_augmented; scenario=cold_start_explicit_topic
topic_label_v3_1_12000_10119,The example is fine; the concept I need is Na/K pump.,,,,Sodium-Potassium Pump,explicit_topic_reference,0.93,True,v3.1 early_activity_augmented; scenario=cold_start_explicit_topic
topic_label_v3_1_12000_10120,there is a way people explain Chord Progressions that I am clearly missing.,,,,Chord Progressions,explicit_topic_reference,0.96,True,v3.1 early_activity_augmented; scenario=cold_start_explicit_topic
topic_label_v3_1_12000_10121,What would Word Order in Spanish look like in a simple example?,,,,Word Order in Spanish,explicit_topic_reference,0.96,True,v3.1 early_activity_augmented; scenario=cold_start_explicit_topic
topic_label_v3_1_12000_10122,switching gears: typography is what I want to learn about next.,,,,Typography,explicit_topic_reference,0.96,True,v3.1 early_activity_augmented; scenario=cold_start_explicit_topic
topic_label_v3_1_12000_10123,"Tire Pressure is the thing I actually want to understand, not the broader unit around it.",,,,Tire Pressure,explicit_topic_reference,0.92,True,v3.1 early_activity_augmented; scenario=cold_start_explicit_topic
topic_label_v3_1_12000_10124,could the next topic be Genetic Drift? I need the gentle version first.,,,,Genetic Drift,explicit_topic_reference,0.97,True,v3.1 early_activity_augmented; scenario=cold_start_explicit_topic
topic_label_v3_1_12000_10125,"Whenever Typography appears, the explanation starts feeling like another language.",,,,Typography,explicit_topic_reference,0.91,True,v3.1 early_activity_augmented; scenario=cold_start_explicit_topic
topic_label_v3_1_12000_10126,"I can tell Training Data Bias matters, but I cannot tell what job it is doing.",,,,Training Data Bias,explicit_topic_reference,0.94,True,v3.1 early_activity_augmented; scenario=cold_start_explicit_topic
topic_label_v3_1_12000_10127,"instead of another overview, can we zoom in on Plea Bargains?",,,,Plea Bargains,explicit_topic_reference,0.97,True,v3.1 early_activity_augmented; scenario=cold_start_explicit_topic
topic_label_v3_1_12000_10128,"If we were going to make free body diagrams easy, what would we start with? Like, I can say the words but I cannot picture the mechanism.",,,,Free Body Diagrams,explicit_topic_reference,0.87,True,v3.1 early_activity_augmented; scenario=cold_start_explicit_topic
topic_label_v3_1_12000_10129,"ok, I think the better label for my confusion is natural selection.",,,,Natural Selection,explicit_topic_reference,0.93,True,v3.1 early_activity_augmented; scenario=cold_start_explicit_topic
topic_label_v3_1_12000_10130,could we park the other topic for a second and get into cell membrane transport? Start as if I have no hooks for it.,,,,Cell Membrane Transport,explicit_topic_reference,0.87,True,v3.1 early_activity_augmented; scenario=cold_start_explicit_topic
topic_label_v3_1_12000_10131,could the next topic be bayes theorem? I need the gentle version first.,,,,Bayes Theorem,explicit_topic_reference,0.93,True,v3.1 early_activity_augmented; scenario=cold_start_explicit_topic
topic_label_v3_1_12000_10132,the part that keeps slipping is Chord Progressions; everything else around it is kind of noise right now. Start as if I have no hooks for it.,,,,Chord Progressions,explicit_topic_reference,0.87,True,v3.1 early_activity_augmented; scenario=cold_start_explicit_topic
topic_label_v3_1_12000_10133,say the topic is carbon cycle; what is the first thing I should actually understand? tbh the phrase just slides off my brain.,,,,Carbon Cycle,explicit_topic_reference,0.92,True,v3.1 early_activity_augmented; scenario=cold_start_explicit_topic
topic_label_v3_1_12000_10134,"this may sound random, but where does tire pressure fit into the whole thing?",,,,Tire Pressure,explicit_topic_reference,0.95,True,v3.1 early_activity_augmented; scenario=cold_start_explicit_topic
topic_label_v3_1_12000_10135,"ok, I think the better label for my confusion is budgeting.",,,,Budgeting,explicit_topic_reference,0.96,True,v3.1 early_activity_augmented; scenario=cold_start_explicit_topic
topic_label_v3_1_12000_10136,"Profit Margin is the thing I actually want to understand, not the broader unit around it. Like, I can say the words but I cannot picture the mechanism.",,,,Profit Margin,explicit_topic_reference,0.97,True,v3.1 early_activity_augmented; scenario=cold_start_explicit_topic
topic_label_v3_1_12000_10137,"No dramatic question, just: Voltage vs Current. I want to finally get what that means.",,,,Voltage vs Current,explicit_topic_reference,0.87,True,v3.1 early_activity_augmented; scenario=cold_start_explicit_topic
topic_label_v3_1_12000_10138,switching gears: close reading is what I want to learn about next.,,,,Close Reading,explicit_topic_reference,0.96,True,v3.1 early_activity_augmented; scenario=cold_start_explicit_topic
topic_label_v3_1_12000_10139,there is a way people explain TypeScript Generics that I am clearly missing.,,,,TypeScript Generics,explicit_topic_reference,0.93,True,v3.1 early_activity_augmented; scenario=cold_start_explicit_topic
topic_label_v3_1_12000_10140,"If we were going to make the sign-in handoff easy, what would we start with? tbh the phrase just slides off my brain.",,,,OAuth Flow,explicit_topic_reference,0.91,True,v3.1 early_activity_augmented; scenario=cold_start_explicit_topic
topic_label_v3_1_12000_10141,What would Stoichiometry look like in a simple example?,,,,Stoichiometry,explicit_topic_reference,0.96,True,v3.1 early_activity_augmented; scenario=cold_start_explicit_topic
topic_label_v3_1_12000_10142,"Whenever rest apis appears, the explanation starts feeling like another language. tbh the phrase just slides off my brain.",,,,REST APIs,explicit_topic_reference,0.89,True,v3.1 early_activity_augmented; scenario=cold_start_explicit_topic
topic_label_v3_1_12000_10143,"I can tell Synaptic Transmission matters, but I cannot tell what job it is doing. Start as if I have no hooks for it.",,,,Synaptic Transmission,explicit_topic_reference,0.93,True,v3.1 early_activity_augmented; scenario=cold_start_explicit_topic
topic_label_v3_1_12000_10144,I am not asking about the old topic anymore. The thing is Statistical Significance.,,,,Statistical Significance,explicit_topic_reference,0.90,True,v3.1 early_activity_augmented; scenario=cold_start_explicit_topic
topic_label_v3_1_12000_10145,the part that keeps slipping is cognitive load; everything else around it is kind of noise right now.,,,,Cognitive Load,explicit_topic_reference,0.86,True,v3.1 early_activity_augmented; scenario=cold_start_explicit_topic
topic_label_v3_1_12000_10146,validity versus soundness feels like one of those phrases I repeat without knowing what it means.,,,,Valid vs Sound Arguments,explicit_topic_reference,0.96,True,v3.1 early_activity_augmented; scenario=cold_start_explicit_topic
topic_label_v3_1_12000_10147,could the next topic be model evaluation? I need the gentle version first.,,,,Model Evaluation,explicit_topic_reference,0.97,True,v3.1 early_activity_augmented; scenario=cold_start_explicit_topic
topic_label_v3_1_12000_10148,"not sure how to phrase this, but Vector Search is where my brain keeps getting stuck.",,,,Vector Search,explicit_topic_reference,0.97,True,v3.1 early_activity_augmented; scenario=cold_start_explicit_topic
topic_label_v3_1_12000_10149,"I started somewhere else, but the confusion is landing on air pressure systems.",,,,Air Pressure Systems,explicit_topic_reference,0.89,True,v3.1 early_activity_augmented; scenario=cold_start_explicit_topic
topic_label_v3_1_12000_10150,"instead of another overview, can we zoom in on Confidence Intervals? Like, I can say the words but I cannot picture the mechanism.",,,,Confidence Intervals,explicit_topic_reference,0.96,True,v3.1 early_activity_augmented; scenario=cold_start_explicit_topic
topic_label_v3_1_12000_10151,quick pivot: Synaptic Transmission. I want to understand the basic shape before details.,,,,Synaptic Transmission,explicit_topic_reference,0.90,True,v3.1 early_activity_augmented; scenario=cold_start_explicit_topic
topic_label_v3_1_12000_10152,"when people say React Props, what should I be imagining?",,,,React Props,explicit_topic_reference,0.92,True,v3.1 early_activity_augmented; scenario=cold_start_explicit_topic
topic_label_v3_1_12000_10153,the part that keeps slipping is plea bargains; everything else around it is kind of noise right now. I do not need the advanced version yet.,,,,Plea Bargains,explicit_topic_reference,0.90,True,v3.1 early_activity_augmented; scenario=cold_start_explicit_topic
topic_label_v3_1_12000_10154,could the next topic be credit card interest? I need the gentle version first.,,,,Credit Card Interest,explicit_topic_reference,0.92,True,v3.1 early_activity_augmented; scenario=cold_start_explicit_topic
topic_label_v3_1_12000_10155,The example is fine; the concept I need is required vs enough conditions.,,,,Necessary vs Sufficient Conditions,explicit_topic_reference,0.92,True,v3.1 early_activity_augmented; scenario=cold_start_explicit_topic
topic_label_v3_1_12000_10156,"Before we go further, I need a cleaner explanation of rest apis. Like, I can say the words but I cannot picture the mechanism.",,,,REST APIs,explicit_topic_reference,0.91,True,v3.1 early_activity_augmented; scenario=cold_start_explicit_topic
topic_label_v3_1_12000_10157,osmosis — that is the thing I want MyWay to put in the learning space. I do not need the advanced version yet.,,,,Osmosis,explicit_topic_reference,0.90,True,v3.1 early_activity_augmented; scenario=cold_start_explicit_topic
topic_label_v3_1_12000_10158,Can MyWay make a topic for Statistical Significance? That is what I want to work on.,,,,Statistical Significance,explicit_topic_reference,0.93,True,v3.1 early_activity_augmented; scenario=cold_start_explicit_topic
topic_label_v3_1_12000_10159,"not sure how to phrase this, but memorization versus understanding is where my brain keeps getting stuck.",,,,Memorization vs Understanding,explicit_topic_reference,0.90,True,v3.1 early_activity_augmented; scenario=cold_start_explicit_topic
topic_label_v3_1_12000_10160,"when people say Environment Variables, what should I be imagining?",,,,Environment Variables,explicit_topic_reference,0.91,True,v3.1 early_activity_augmented; scenario=cold_start_explicit_topic
topic_label_v3_1_12000_10161,say the topic is working memory; what is the first thing I should actually understand? Start as if I have no hooks for it.,,,,Working Memory,explicit_topic_reference,0.97,True,v3.1 early_activity_augmented; scenario=cold_start_explicit_topic
topic_label_v3_1_12000_10162,"I can tell civil liberties vs civil rights matters, but I cannot tell what job it is doing.",,,,Civil Liberties vs Civil Rights,explicit_topic_reference,0.92,True,v3.1 early_activity_augmented; scenario=cold_start_explicit_topic
topic_label_v3_1_12000_10163,Can MyWay make a topic for Environment Variables? That is what I want to work on. tbh the phrase just slides off my brain.,,,,Environment Variables,explicit_topic_reference,0.88,True,v3.1 early_activity_augmented; scenario=cold_start_explicit_topic
topic_label_v3_1_12000_10164,"this is probably a new topic, but wave-particle duality is what I am trying to ask about.",,,,Wave-Particle Duality,explicit_topic_reference,0.87,True,v3.1 early_activity_augmented; scenario=cold_start_explicit_topic
topic_label_v3_1_12000_10165,"Whenever Osmosis appears, the explanation starts feeling like another language.",,,,Osmosis,explicit_topic_reference,0.93,True,v3.1 early_activity_augmented; scenario=cold_start_explicit_topic
topic_label_v3_1_12000_10166,"I can tell treaty of versailles matters, but I cannot tell what job it is doing.",,,,Treaty of Versailles,explicit_topic_reference,0.92,True,v3.1 early_activity_augmented; scenario=cold_start_explicit_topic
topic_label_v3_1_12000_10167,I keep circling around Environment Variables; maybe that should be the actual topic. Start as if I have no hooks for it.,,,,Environment Variables,explicit_topic_reference,0.90,True,v3.1 early_activity_augmented; scenario=cold_start_explicit_topic
topic_label_v3_1_12000_10168,could we park the other topic for a second and get into Torque?,,,,Torque,explicit_topic_reference,0.97,True,v3.1 early_activity_augmented; scenario=cold_start_explicit_topic
topic_label_v3_1_12000_10169,Cognitive Load feels like one of those phrases I repeat without knowing what it means.,,,,Cognitive Load,explicit_topic_reference,0.86,True,v3.1 early_activity_augmented; scenario=cold_start_explicit_topic
topic_label_v3_1_12000_10170,"ok, I think the better label for my confusion is chord progressions.",,,,Chord Progressions,explicit_topic_reference,0.91,True,v3.1 early_activity_augmented; scenario=cold_start_explicit_topic
topic_label_v3_1_12000_10171,"instead of another overview, can we zoom in on engines? Like, I can say the words but I cannot picture the mechanism.",,,,Engines,explicit_topic_reference,0.94,True,v3.1 early_activity_augmented; scenario=cold_start_explicit_topic
topic_label_v3_1_12000_10172,"I keep seeing engines mentioned, and I want to know what it is actually doing. Start as if I have no hooks for it.",,,,Engines,explicit_topic_reference,0.92,True,v3.1 early_activity_augmented; scenario=cold_start_explicit_topic
topic_label_v3_1_12000_10173,the phrase react props shows up and I just freeze; can we make it concrete?,,,,React Props,explicit_topic_reference,0.88,True,v3.1 early_activity_augmented; scenario=cold_start_explicit_topic
topic_label_v3_1_12000_10174,Voltage vs Current feels like one of those phrases I repeat without knowing what it means.,,,,Voltage vs Current,explicit_topic_reference,0.91,True,v3.1 early_activity_augmented; scenario=cold_start_explicit_topic
topic_label_v3_1_12000_10175,there is a way people explain memorizing vs actually understanding that I am clearly missing.,,,,Memorization vs Understanding,explicit_topic_reference,0.94,True,v3.1 early_activity_augmented; scenario=cold_start_explicit_topic
topic_label_v3_1_12000_10176,"REST APIs is the thing I actually want to understand, not the broader unit around it.",,,,REST APIs,explicit_topic_reference,0.94,True,v3.1 early_activity_augmented; scenario=cold_start_explicit_topic
topic_label_v3_1_12000_10177,"when people say spanish pronouns, what should I be imagining? Start as if I have no hooks for it.",,,,Spanish Pronouns,explicit_topic_reference,0.90,True,v3.1 early_activity_augmented; scenario=cold_start_explicit_topic
topic_label_v3_1_12000_10178,I am not asking about the old topic anymore. The thing is trigonometry.,,,,Trigonometry,explicit_topic_reference,0.92,True,v3.1 early_activity_augmented; scenario=cold_start_explicit_topic
topic_label_v3_1_12000_10179,"the new question is about lifetime value, not really about what we were just doing.",,,,Lifetime Value,explicit_topic_reference,0.88,True,v3.1 early_activity_augmented; scenario=cold_start_explicit_topic
topic_label_v3_1_12000_10180,"could we park the other topic for a second and get into meal planning? Like, I can say the words but I cannot picture the mechanism.",,,,Meal Planning,explicit_topic_reference,0.93,True,v3.1 early_activity_augmented; scenario=cold_start_explicit_topic
topic_label_v3_1_12000_10181,"instead of another overview, can we zoom in on Overfitting?",,,,Overfitting,explicit_topic_reference,0.97,True,v3.1 early_activity_augmented; scenario=cold_start_explicit_topic
topic_label_v3_1_12000_10182,"Civil Liberties vs Civil Rights? I have heard the phrase, but I do not have a mental picture yet.",,,,Civil Liberties vs Civil Rights,explicit_topic_reference,0.87,True,v3.1 early_activity_augmented; scenario=cold_start_explicit_topic
topic_label_v3_1_12000_10183,"instead of another overview, can we zoom in on Credit Card Interest?",,,,Credit Card Interest,explicit_topic_reference,0.87,True,v3.1 early_activity_augmented; scenario=cold_start_explicit_topic
topic_label_v3_1_12000_10184,"Before we go further, I need a cleaner explanation of synaptic transmission.",,,,Synaptic Transmission,explicit_topic_reference,0.87,True,v3.1 early_activity_augmented; scenario=cold_start_explicit_topic
topic_label_v3_1_12000_10185,the actual blocker is Map Scale; I can name it now but I do not understand it.,,,,Map Scale,explicit_topic_reference,0.96,True,v3.1 early_activity_augmented; scenario=cold_start_explicit_topic
topic_label_v3_1_12000_10186,switching gears: Civil Liberties vs Civil Rights is what I want to learn about next.,,,,Civil Liberties vs Civil Rights,explicit_topic_reference,0.93,True,v3.1 early_activity_augmented; scenario=cold_start_explicit_topic
topic_label_v3_1_12000_10187,"No dramatic question, just: wave-particle duality. I want to finally get what that means.",,,,Wave-Particle Duality,explicit_topic_reference,0.91,True,v3.1 early_activity_augmented; scenario=cold_start_explicit_topic
topic_label_v3_1_12000_10188,"I can tell function notation matters, but I cannot tell what job it is doing.",,,,Function Notation,explicit_topic_reference,0.88,True,v3.1 early_activity_augmented; scenario=cold_start_explicit_topic
topic_label_v3_1_12000_10189,The example is fine; the concept I need is Separation of Powers.,,,,Separation of Powers,explicit_topic_reference,0.88,True,v3.1 early_activity_augmented; scenario=cold_start_explicit_topic
topic_label_v3_1_12000_10190,"I keep seeing Model Evaluation mentioned, and I want to know what it is actually doing.",,,,Model Evaluation,explicit_topic_reference,0.93,True,v3.1 early_activity_augmented; scenario=cold_start_explicit_topic
topic_label_v3_1_12000_10191,"Whenever valid vs sound arguments appears, the explanation starts feeling like another language. tbh the phrase just slides off my brain.",,,,Valid vs Sound Arguments,explicit_topic_reference,0.98,True,v3.1 early_activity_augmented; scenario=cold_start_explicit_topic
topic_label_v3_1_12000_10192,"Whenever customer segmentation appears, the explanation starts feeling like another language.",,,,Customer Segmentation,explicit_topic_reference,0.88,True,v3.1 early_activity_augmented; scenario=cold_start_explicit_topic
topic_label_v3_1_12000_10193,"I started somewhere else, but the confusion is landing on Air Pressure Systems.",,,,Air Pressure Systems,explicit_topic_reference,0.94,True,v3.1 early_activity_augmented; scenario=cold_start_explicit_topic
topic_label_v3_1_12000_10194,switching gears: Confidence Intervals is what I want to learn about next.,,,,Confidence Intervals,explicit_topic_reference,0.90,True,v3.1 early_activity_augmented; scenario=cold_start_explicit_topic
topic_label_v3_1_12000_10195,"I started somewhere else, but the confusion is landing on Voltage vs Current.",,,,Voltage vs Current,explicit_topic_reference,0.93,True,v3.1 early_activity_augmented; scenario=cold_start_explicit_topic
topic_label_v3_1_12000_10196,"when people say the login redirect flow, what should I be imagining?",,,,OAuth Flow,explicit_topic_reference,0.94,True,v3.1 early_activity_augmented; scenario=cold_start_explicit_topic
topic_label_v3_1_12000_10197,Can MyWay make a topic for Civil Liberties vs Civil Rights? That is what I want to work on.,,,,Civil Liberties vs Civil Rights,explicit_topic_reference,0.96,True,v3.1 early_activity_augmented; scenario=cold_start_explicit_topic
topic_label_v3_1_12000_10198,"I keep seeing lifetime value mentioned, and I want to know what it is actually doing. tbh the phrase just slides off my brain.",,,,Lifetime Value,explicit_topic_reference,0.95,True,v3.1 early_activity_augmented; scenario=cold_start_explicit_topic
topic_label_v3_1_12000_10199,"Whenever profit margin appears, the explanation starts feeling like another language.",,,,Profit Margin,explicit_topic_reference,0.95,True,v3.1 early_activity_augmented; scenario=cold_start_explicit_topic
topic_label_v3_1_12000_10200,which Spanish past tense to use — that is the thing I want MyWay to put in the learning space. tbh the phrase just slides off my brain.,,,,Preterite vs Imperfect,explicit_topic_reference,0.89,True,v3.1 early_activity_augmented; scenario=cold_start_explicit_topic
topic_label_v3_1_12000_10201,I am not asking about the old topic anymore. The thing is Copyright Fair Use.,,,,Copyright Fair Use,explicit_topic_reference,0.96,True,v3.1 early_activity_augmented; scenario=cold_start_explicit_topic
topic_label_v3_1_12000_10202,"If we were going to make plea bargains easy, what would we start with?",,,,Plea Bargains,explicit_topic_reference,0.89,True,v3.1 early_activity_augmented; scenario=cold_start_explicit_topic
topic_label_v3_1_12000_10203,the phrase fight-or-flight response shows up and I just freeze; can we make it concrete? Start as if I have no hooks for it.,,,,Fight-or-Flight Response,explicit_topic_reference,0.97,True,v3.1 early_activity_augmented; scenario=cold_start_explicit_topic
topic_label_v3_1_12000_10204,I am not asking about the old topic anymore. The thing is chord progressions.,,,,Chord Progressions,explicit_topic_reference,0.86,True,v3.1 early_activity_augmented; scenario=cold_start_explicit_topic
topic_label_v3_1_12000_10205,"ok, I think the better label for my confusion is Cognitive Load.",,,,Cognitive Load,explicit_topic_reference,0.97,True,v3.1 early_activity_augmented; scenario=cold_start_explicit_topic
topic_label_v3_1_12000_10206,I keep circling around TypeScript Generics; maybe that should be the actual topic.,,,,TypeScript Generics,explicit_topic_reference,0.89,True,v3.1 early_activity_augmented; scenario=cold_start_explicit_topic
topic_label_v3_1_12000_10207,"this is probably a new topic, but Cloud Formation is what I am trying to ask about. Like, I can say the words but I cannot picture the mechanism.",,,,Cloud Formation,explicit_topic_reference,0.94,True,v3.1 early_activity_augmented; scenario=cold_start_explicit_topic
topic_label_v3_1_12000_10208,the phrase api routes shows up and I just freeze; can we make it concrete?,,,,API Routes,explicit_topic_reference,0.92,True,v3.1 early_activity_augmented; scenario=cold_start_explicit_topic
topic_label_v3_1_12000_10209,could we park the other topic for a second and get into Civil Liberties vs Civil Rights?,,,,Civil Liberties vs Civil Rights,explicit_topic_reference,0.89,True,v3.1 early_activity_augmented; scenario=cold_start_explicit_topic
topic_label_v3_1_12000_10210,I keep circling around typescript generics; maybe that should be the actual topic.,,,,TypeScript Generics,explicit_topic_reference,0.93,True,v3.1 early_activity_augmented; scenario=cold_start_explicit_topic
topic_label_v3_1_12000_10211,"I do not know the right starting point for Electricity, but I want to learn it. tbh the phrase just slides off my brain.",,,,Electricity,explicit_topic_reference,0.89,True,v3.1 early_activity_augmented; scenario=cold_start_explicit_topic
topic_label_v3_1_12000_10212,"the new question is about Caching, not really about what we were just doing.",,,,Caching,explicit_topic_reference,0.95,True,v3.1 early_activity_augmented; scenario=cold_start_explicit_topic
topic_label_v3_1_12000_10213,"Whenever Plea Bargains appears, the explanation starts feeling like another language. Like, I can say the words but I cannot picture the mechanism.",,,,Plea Bargains,explicit_topic_reference,0.93,True,v3.1 early_activity_augmented; scenario=cold_start_explicit_topic
topic_label_v3_1_12000_10214,say the topic is Profit Margin; what is the first thing I should actually understand?,,,,Profit Margin,explicit_topic_reference,0.90,True,v3.1 early_activity_augmented; scenario=cold_start_explicit_topic
topic_label_v3_1_12000_10215,"Whenever Synaptic Transmission appears, the explanation starts feeling like another language. I do not need the advanced version yet.",,,,Synaptic Transmission,explicit_topic_reference,0.94,True,v3.1 early_activity_augmented; scenario=cold_start_explicit_topic
topic_label_v3_1_12000_10216,"this is probably a new topic, but Torque is what I am trying to ask about.",,,,Torque,explicit_topic_reference,0.87,True,v3.1 early_activity_augmented; scenario=cold_start_explicit_topic
topic_label_v3_1_12000_10217,The example is fine; the concept I need is stoichiometry.,,,,Stoichiometry,explicit_topic_reference,0.87,True,v3.1 early_activity_augmented; scenario=cold_start_explicit_topic
topic_label_v3_1_12000_10218,"If we were going to make Statistical Significance easy, what would we start with?",,,,Statistical Significance,explicit_topic_reference,0.95,True,v3.1 early_activity_augmented; scenario=cold_start_explicit_topic
topic_label_v3_1_12000_10219,"it is embarrassing, but Measuring Ingredients still feels like a magic word to me.",,,,Measuring Ingredients,explicit_topic_reference,0.96,True,v3.1 early_activity_augmented; scenario=cold_start_explicit_topic
topic_label_v3_1_12000_10220,switching gears: Le Chatelier's Principle is what I want to learn about next. I do not need the advanced version yet.,,,,Le Chatelier's Principle,explicit_topic_reference,0.87,True,v3.1 early_activity_augmented; scenario=cold_start_explicit_topic
topic_label_v3_1_12000_10221,"I keep seeing API Routes mentioned, and I want to know what it is actually doing.",,,,API Routes,explicit_topic_reference,0.91,True,v3.1 early_activity_augmented; scenario=cold_start_explicit_topic
topic_label_v3_1_12000_10222,"it is embarrassing, but Cloud Formation still feels like a magic word to me.",,,,Cloud Formation,explicit_topic_reference,0.89,True,v3.1 early_activity_augmented; scenario=cold_start_explicit_topic
topic_label_v3_1_12000_10223,"when people say Environment Variables, what should I be imagining? There are not many prior topics to lean on here.",,,,Environment Variables,explicit_topic_reference,0.93,True,v3.1 early_activity_augmented; scenario=cold_start_explicit_topic
topic_label_v3_1_12000_10224,quick pivot: Chemical Equilibrium. I want to understand the basic shape before details.,,,,Chemical Equilibrium,explicit_topic_reference,0.97,True,v3.1 early_activity_augmented; scenario=cold_start_explicit_topic
topic_label_v3_1_12000_10225,"Osmosis? I have heard the phrase, but I do not have a mental picture yet.",,,,Osmosis,explicit_topic_reference,0.87,True,v3.1 early_activity_augmented; scenario=cold_start_explicit_topic
topic_label_v3_1_12000_10226,"the new question is about Circuit Breakers, not really about what we were just doing.",,,,Circuit Breakers,explicit_topic_reference,0.93,True,v3.1 early_activity_augmented; scenario=cold_start_explicit_topic
topic_label_v3_1_12000_10227,"this is probably a new topic, but food webs is what I am trying to ask about. tbh the phrase just slides off my brain.",,,,Food Webs,explicit_topic_reference,0.89,True,v3.1 early_activity_augmented; scenario=cold_start_explicit_topic
topic_label_v3_1_12000_10228,"I can tell Natural Selection matters, but I cannot tell what job it is doing.",,,,Natural Selection,explicit_topic_reference,0.96,True,v3.1 early_activity_augmented; scenario=cold_start_explicit_topic
topic_label_v3_1_12000_10229,"when people say Neural Networks, what should I be imagining?",,,,Neural Networks,explicit_topic_reference,0.95,True,v3.1 early_activity_augmented; scenario=cold_start_explicit_topic
topic_label_v3_1_12000_10230,"I thought the issue was the previous topic, but the thing I need now is Action Potentials. I do not need the advanced version yet.",,,,Action Potentials,explicit_topic_reference,0.86,True,v3.1 early_activity_augmented; scenario=cold_start_explicit_topic
topic_label_v3_1_12000_10231,I keep circling around Civil Liberties vs Civil Rights; maybe that should be the actual topic.,,,,Civil Liberties vs Civil Rights,explicit_topic_reference,0.97,True,v3.1 early_activity_augmented; scenario=cold_start_explicit_topic
topic_label_v3_1_12000_10232,"the new question is about Cell Membrane Transport, not really about what we were just doing.",,,,Cell Membrane Transport,explicit_topic_reference,0.86,True,v3.1 early_activity_augmented; scenario=cold_start_explicit_topic
topic_label_v3_1_12000_10233,the actual blocker is engines; I can name it now but I do not understand it. I do not need the advanced version yet.,,,,Engines,explicit_topic_reference,0.97,True,v3.1 early_activity_augmented; scenario=cold_start_explicit_topic
topic_label_v3_1_12000_10234,"switching gears: spanish pronouns is what I want to learn about next. Like, I can say the words but I cannot picture the mechanism.",,,,Spanish Pronouns,explicit_topic_reference,0.98,True,v3.1 early_activity_augmented; scenario=cold_start_explicit_topic
topic_label_v3_1_12000_10235,"the new question is about fight-or-flight response, not really about what we were just doing.",,,,Fight-or-Flight Response,explicit_topic_reference,0.95,True,v3.1 early_activity_augmented; scenario=cold_start_explicit_topic
topic_label_v3_1_12000_10236,"I keep seeing Neural Networks mentioned, and I want to know what it is actually doing.",,,,Neural Networks,explicit_topic_reference,0.95,True,v3.1 early_activity_augmented; scenario=cold_start_explicit_topic
topic_label_v3_1_12000_10237,"What I need next is camera framing, especially the piece that makes the example work.",,,,Camera Framing,explicit_topic_reference,0.94,True,v3.1 early_activity_augmented; scenario=cold_start_explicit_topic
topic_label_v3_1_12000_10238,"Before we go further, I need a cleaner explanation of React Props.",,,,React Props,explicit_topic_reference,0.90,True,v3.1 early_activity_augmented; scenario=cold_start_explicit_topic
topic_label_v3_1_12000_10239,the part that keeps slipping is air pressure systems; everything else around it is kind of noise right now.,,,,Air Pressure Systems,explicit_topic_reference,0.96,True,v3.1 early_activity_augmented; scenario=cold_start_explicit_topic
topic_label_v3_1_12000_10240,Can MyWay make a topic for Electricity? That is what I want to work on.,,,,Electricity,explicit_topic_reference,0.89,True,v3.1 early_activity_augmented; scenario=cold_start_explicit_topic
topic_label_v3_1_12000_10241,"I started somewhere else, but the confusion is landing on confidence intervals. Start as if I have no hooks for it.",,,,Confidence Intervals,explicit_topic_reference,0.90,True,v3.1 early_activity_augmented; scenario=cold_start_explicit_topic
topic_label_v3_1_12000_10242,"the new question is about free body diagrams, not really about what we were just doing.",,,,Free Body Diagrams,explicit_topic_reference,0.97,True,v3.1 early_activity_augmented; scenario=cold_start_explicit_topic
topic_label_v3_1_12000_10243,quick pivot: Training Data Bias. I want to understand the basic shape before details.,,,,Training Data Bias,explicit_topic_reference,0.96,True,v3.1 early_activity_augmented; scenario=cold_start_explicit_topic
topic_label_v3_1_12000_10244,there is a way people explain Na/K pump that I am clearly missing.,,,,Sodium-Potassium Pump,explicit_topic_reference,0.95,True,v3.1 early_activity_augmented; scenario=cold_start_explicit_topic
topic_label_v3_1_12000_10245,I am not asking about the old topic anymore. The thing is valid vs sound arguments.,,,,Valid vs Sound Arguments,explicit_topic_reference,0.95,True,v3.1 early_activity_augmented; scenario=cold_start_explicit_topic
topic_label_v3_1_12000_10246,switching gears: Free Body Diagrams is what I want to learn about next.,,,,Free Body Diagrams,explicit_topic_reference,0.96,True,v3.1 early_activity_augmented; scenario=cold_start_explicit_topic
topic_label_v3_1_12000_10247,"I do not know the right starting point for Circadian Rhythm, but I want to learn it.",,,,Circadian Rhythm,explicit_topic_reference,0.87,True,v3.1 early_activity_augmented; scenario=cold_start_explicit_topic
topic_label_v3_1_12000_10248,"Lifetime Value is the thing I actually want to understand, not the broader unit around it.",,,,Lifetime Value,explicit_topic_reference,0.98,True,v3.1 early_activity_augmented; scenario=cold_start_explicit_topic
topic_label_v3_1_12000_10249,"Whenever civil liberties vs civil rights appears, the explanation starts feeling like another language. I do not need the advanced version yet.",,,,Civil Liberties vs Civil Rights,explicit_topic_reference,0.98,True,v3.1 early_activity_augmented; scenario=cold_start_explicit_topic
topic_label_v3_1_12000_10250,"I do not know the right starting point for fight flight response, but I want to learn it.",,,,Fight-or-Flight Response,explicit_topic_reference,0.94,True,v3.1 early_activity_augmented; scenario=cold_start_explicit_topic
topic_label_v3_1_12000_10251,the actual blocker is Electricity; I can name it now but I do not understand it.,,,,Electricity,explicit_topic_reference,0.95,True,v3.1 early_activity_augmented; scenario=cold_start_explicit_topic
topic_label_v3_1_12000_10252,"Circadian Rhythm? I have heard the phrase, but I do not have a mental picture yet.",,,,Circadian Rhythm,explicit_topic_reference,0.87,True,v3.1 early_activity_augmented; scenario=cold_start_explicit_topic
topic_label_v3_1_12000_10253,"wave-particle duality is the thing I actually want to understand, not the broader unit around it.",,,,Wave-Particle Duality,explicit_topic_reference,0.97,True,v3.1 early_activity_augmented; scenario=cold_start_explicit_topic
topic_label_v3_1_12000_10254,"ok, I think the better label for my confusion is Budgeting.",,,,Budgeting,explicit_topic_reference,0.87,True,v3.1 early_activity_augmented; scenario=cold_start_explicit_topic
topic_label_v3_1_12000_10255,genetic drift — that is the thing I want MyWay to put in the learning space.,,,,Genetic Drift,explicit_topic_reference,0.87,True,v3.1 early_activity_augmented; scenario=cold_start_explicit_topic
topic_label_v3_1_12000_10256,"Overfitting? I have heard the phrase, but I do not have a mental picture yet.",,,,Overfitting,explicit_topic_reference,0.88,True,v3.1 early_activity_augmented; scenario=cold_start_explicit_topic
topic_label_v3_1_12000_10257,could the next topic be Cognitive Load? I need the gentle version first.,,,,Cognitive Load,explicit_topic_reference,0.96,True,v3.1 early_activity_augmented; scenario=cold_start_explicit_topic
topic_label_v3_1_12000_10258,Torque feels like one of those phrases I repeat without knowing what it means. Start as if I have no hooks for it.,,,,Torque,explicit_topic_reference,0.96,True,v3.1 early_activity_augmented; scenario=cold_start_explicit_topic
topic_label_v3_1_12000_10259,"Before we go further, I need a cleaner explanation of wave-particle duality.",,,,Wave-Particle Duality,explicit_topic_reference,0.87,True,v3.1 early_activity_augmented; scenario=cold_start_explicit_topic
topic_label_v3_1_12000_10260,"this may sound random, but where does api routes fit into the whole thing? Like, I can say the words but I cannot picture the mechanism.",,,,API Routes,explicit_topic_reference,0.96,True,v3.1 early_activity_augmented; scenario=cold_start_explicit_topic
topic_label_v3_1_12000_10261,"No dramatic question, just: cell membrane transport. I want to finally get what that means.",,,,Cell Membrane Transport,explicit_topic_reference,0.91,True,v3.1 early_activity_augmented; scenario=cold_start_explicit_topic
topic_label_v3_1_12000_10262,"I do not know the right starting point for le chatelier's principle, but I want to learn it.",,,,Le Chatelier's Principle,explicit_topic_reference,0.88,True,v3.1 early_activity_augmented; scenario=cold_start_explicit_topic
topic_label_v3_1_12000_10263,"the new question is about correlation and causation, not really about what we were just doing. tbh the phrase just slides off my brain.",,,,Correlation vs Causation,explicit_topic_reference,0.98,True,v3.1 early_activity_augmented; scenario=cold_start_explicit_topic
topic_label_v3_1_12000_10264,Vector Search feels like one of those phrases I repeat without knowing what it means.,,,,Vector Search,explicit_topic_reference,0.86,True,v3.1 early_activity_augmented; scenario=cold_start_explicit_topic
topic_label_v3_1_12000_10265,javascript promises feels like one of those phrases I repeat without knowing what it means. I do not need the advanced version yet.,,,,JavaScript Promises,explicit_topic_reference,0.93,True,v3.1 early_activity_augmented; scenario=cold_start_explicit_topic
topic_label_v3_1_12000_10266,The example is fine; the concept I need is Treaty of Versailles.,,,,Treaty of Versailles,explicit_topic_reference,0.95,True,v3.1 early_activity_augmented; scenario=cold_start_explicit_topic
topic_label_v3_1_12000_10267,"the new question is about Word Order in Spanish, not really about what we were just doing.",,,,Word Order in Spanish,explicit_topic_reference,0.87,True,v3.1 early_activity_augmented; scenario=cold_start_explicit_topic
topic_label_v3_1_12000_10268,"ok, I think the better label for my confusion is JavaScript Promises. I do not need the advanced version yet.",,,,JavaScript Promises,explicit_topic_reference,0.89,True,v3.1 early_activity_augmented; scenario=cold_start_explicit_topic
topic_label_v3_1_12000_10269,"synaptic transmission? I have heard the phrase, but I do not have a mental picture yet.",,,,Synaptic Transmission,explicit_topic_reference,0.94,True,v3.1 early_activity_augmented; scenario=cold_start_explicit_topic
topic_label_v3_1_12000_10270,the actual blocker is Separation of Powers; I can name it now but I do not understand it. Start as if I have no hooks for it.,,,,Separation of Powers,explicit_topic_reference,0.88,True,v3.1 early_activity_augmented; scenario=cold_start_explicit_topic
topic_label_v3_1_12000_10271,"I thought the issue was the previous topic, but the thing I need now is Regression Lines. tbh the phrase just slides off my brain.",,,,Regression Lines,explicit_topic_reference,0.97,True,v3.1 early_activity_augmented; scenario=cold_start_explicit_topic
topic_label_v3_1_12000_10272,"I do not know the right starting point for Engines, but I want to learn it.",,,,Engines,explicit_topic_reference,0.90,True,v3.1 early_activity_augmented; scenario=cold_start_explicit_topic
topic_label_v3_1_12000_10273,"this may sound random, but where does javascript promises fit into the whole thing? I do not need the advanced version yet.",,,,JavaScript Promises,explicit_topic_reference,0.87,True,v3.1 early_activity_augmented; scenario=cold_start_explicit_topic
topic_label_v3_1_12000_10274,"Whenever Model Evaluation appears, the explanation starts feeling like another language. tbh the phrase just slides off my brain.",,,,Model Evaluation,explicit_topic_reference,0.98,True,v3.1 early_activity_augmented; scenario=cold_start_explicit_topic
topic_label_v3_1_12000_10275,quick pivot: Map Scale. I want to understand the basic shape before details.,,,,Map Scale,explicit_topic_reference,0.94,True,v3.1 early_activity_augmented; scenario=cold_start_explicit_topic
topic_label_v3_1_12000_10276,could the next topic be validity versus soundness? I need the gentle version first.,,,,Valid vs Sound Arguments,explicit_topic_reference,0.86,True,v3.1 early_activity_augmented; scenario=cold_start_explicit_topic
topic_label_v3_1_12000_10277,"Circadian Rhythm is the thing I actually want to understand, not the broader unit around it.",,,,Circadian Rhythm,explicit_topic_reference,0.89,True,v3.1 early_activity_augmented; scenario=cold_start_explicit_topic
topic_label_v3_1_12000_10278,"instead of another overview, can we zoom in on Treaty of Versailles?",,,,Treaty of Versailles,explicit_topic_reference,0.92,True,v3.1 early_activity_augmented; scenario=cold_start_explicit_topic
topic_label_v3_1_12000_10279,say the topic is Genetic Drift; what is the first thing I should actually understand?,,,,Genetic Drift,explicit_topic_reference,0.91,True,v3.1 early_activity_augmented; scenario=cold_start_explicit_topic
topic_label_v3_1_12000_10280,"No dramatic question, just: Osmosis. I want to finally get what that means.",,,,Osmosis,explicit_topic_reference,0.90,True,v3.1 early_activity_augmented; scenario=cold_start_explicit_topic
topic_label_v3_1_12000_10281,there is a way people explain mitosis vs meiosis that I am clearly missing.,,,,Mitosis vs Meiosis,explicit_topic_reference,0.87,True,v3.1 early_activity_augmented; scenario=cold_start_explicit_topic
topic_label_v3_1_12000_10282,"ok, I think the better label for my confusion is credit card interest.",,,,Credit Card Interest,explicit_topic_reference,0.97,True,v3.1 early_activity_augmented; scenario=cold_start_explicit_topic
topic_label_v3_1_12000_10283,I keep circling around meal planning; maybe that should be the actual topic.,,,,Meal Planning,explicit_topic_reference,0.97,True,v3.1 early_activity_augmented; scenario=cold_start_explicit_topic
topic_label_v3_1_12000_10284,"No dramatic question, just: memorizing vs actually understanding. I want to finally get what that means.",,,,Memorization vs Understanding,explicit_topic_reference,0.95,True,v3.1 early_activity_augmented; scenario=cold_start_explicit_topic
topic_label_v3_1_12000_10285,"this may sound random, but where does Chord Progressions fit into the whole thing?",,,,Chord Progressions,explicit_topic_reference,0.94,True,v3.1 early_activity_augmented; scenario=cold_start_explicit_topic
topic_label_v3_1_12000_10286,The example is fine; the concept I need is fight flight response. tbh the phrase just slides off my brain.,,,,Fight-or-Flight Response,explicit_topic_reference,0.87,True,v3.1 early_activity_augmented; scenario=cold_start_explicit_topic
topic_label_v3_1_12000_10287,there is a way people explain dopamine that I am clearly missing.,,,,Dopamine,explicit_topic_reference,0.93,True,v3.1 early_activity_augmented; scenario=cold_start_explicit_topic
topic_label_v3_1_12000_10288,there is a way people explain Quadratic Functions that I am clearly missing. Start as if I have no hooks for it.,,,,Quadratic Functions,explicit_topic_reference,0.87,True,v3.1 early_activity_augmented; scenario=cold_start_explicit_topic
topic_label_v3_1_12000_10289,The example is fine; the concept I need is Food Webs.,,,,Food Webs,explicit_topic_reference,0.92,True,v3.1 early_activity_augmented; scenario=cold_start_explicit_topic
topic_label_v3_1_12000_10290,Cognitive Load — that is the thing I want MyWay to put in the learning space.,,,,Cognitive Load,explicit_topic_reference,0.95,True,v3.1 early_activity_augmented; scenario=cold_start_explicit_topic
topic_label_v3_1_12000_10291,"not sure how to phrase this, but plea bargains is where my brain keeps getting stuck. I do not need the advanced version yet.",,,,Plea Bargains,explicit_topic_reference,0.97,True,v3.1 early_activity_augmented; scenario=cold_start_explicit_topic
topic_label_v3_1_12000_10292,"Supply and Demand is the thing I actually want to understand, not the broader unit around it.",,,,Supply and Demand,explicit_topic_reference,0.91,True,v3.1 early_activity_augmented; scenario=cold_start_explicit_topic
topic_label_v3_1_12000_10293,quick pivot: typescript generics. I want to understand the basic shape before details.,,,,TypeScript Generics,explicit_topic_reference,0.95,True,v3.1 early_activity_augmented; scenario=cold_start_explicit_topic
topic_label_v3_1_12000_10294,"this is probably a new topic, but reinforcement learning is what I am trying to ask about.",,,,Reinforcement Learning,explicit_topic_reference,0.93,True,v3.1 early_activity_augmented; scenario=cold_start_explicit_topic
topic_label_v3_1_12000_10295,quick pivot: dopamine. I want to understand the basic shape before details.,,,,Dopamine,explicit_topic_reference,0.97,True,v3.1 early_activity_augmented; scenario=cold_start_explicit_topic
topic_label_v3_1_12000_10296,switching gears: Reinforcement Learning is what I want to learn about next.,,,,Reinforcement Learning,explicit_topic_reference,0.88,True,v3.1 early_activity_augmented; scenario=cold_start_explicit_topic
topic_label_v3_1_12000_10297,I am not asking about the old topic anymore. The thing is when correlation is not causation.,,,,Correlation vs Causation,explicit_topic_reference,0.93,True,v3.1 early_activity_augmented; scenario=cold_start_explicit_topic
topic_label_v3_1_12000_10298,"this may sound random, but where does Civil Liberties vs Civil Rights fit into the whole thing?",,,,Civil Liberties vs Civil Rights,explicit_topic_reference,0.97,True,v3.1 early_activity_augmented; scenario=cold_start_explicit_topic
topic_label_v3_1_12000_10299,the sodium potassium pump feels like one of those phrases I repeat without knowing what it means.,,,,Sodium-Potassium Pump,explicit_topic_reference,0.87,True,v3.1 early_activity_augmented; scenario=cold_start_explicit_topic
topic_label_v3_1_12000_10300,"separation of powers is the thing I actually want to understand, not the broader unit around it.",,,,Separation of Powers,explicit_topic_reference,0.98,True,v3.1 early_activity_augmented; scenario=cold_start_explicit_topic
topic_label_v3_1_12000_10301,"Whenever neural networks appears, the explanation starts feeling like another language.",,,,Neural Networks,explicit_topic_reference,0.91,True,v3.1 early_activity_augmented; scenario=cold_start_explicit_topic
topic_label_v3_1_12000_10302,the phrase Credit Card Interest shows up and I just freeze; can we make it concrete?,,,,Credit Card Interest,explicit_topic_reference,0.87,True,v3.1 early_activity_augmented; scenario=cold_start_explicit_topic
topic_label_v3_1_12000_10303,The example is fine; the concept I need is vector search.,,,,Vector Search,explicit_topic_reference,0.91,True,v3.1 early_activity_augmented; scenario=cold_start_explicit_topic
topic_label_v3_1_12000_10304,say the topic is Typography; what is the first thing I should actually understand?,,,,Typography,explicit_topic_reference,0.92,True,v3.1 early_activity_augmented; scenario=cold_start_explicit_topic
topic_label_v3_1_12000_10305,the phrase Tire Pressure shows up and I just freeze; can we make it concrete? tbh the phrase just slides off my brain.,,,,Tire Pressure,explicit_topic_reference,0.97,True,v3.1 early_activity_augmented; scenario=cold_start_explicit_topic
topic_label_v3_1_12000_10306,"it is embarrassing, but Map Scale still feels like a magic word to me.",,,,Map Scale,explicit_topic_reference,0.94,True,v3.1 early_activity_augmented; scenario=cold_start_explicit_topic
topic_label_v3_1_12000_10307,switching gears: camera framing is what I want to learn about next. tbh the phrase just slides off my brain.,,,,Camera Framing,explicit_topic_reference,0.96,True,v3.1 early_activity_augmented; scenario=cold_start_explicit_topic
topic_label_v3_1_12000_10308,"not sure how to phrase this, but Statistical Significance is where my brain keeps getting stuck.",,,,Statistical Significance,explicit_topic_reference,0.91,True,v3.1 early_activity_augmented; scenario=cold_start_explicit_topic
topic_label_v3_1_12000_10309,"ok, I think the better label for my confusion is Map Scale.",,,,Map Scale,explicit_topic_reference,0.95,True,v3.1 early_activity_augmented; scenario=cold_start_explicit_topic
topic_label_v3_1_12000_10310,"I started somewhere else, but the confusion is landing on electoral college. Like, I can say the words but I cannot picture the mechanism.",,,,Electoral College,explicit_topic_reference,0.95,True,v3.1 early_activity_augmented; scenario=cold_start_explicit_topic
topic_label_v3_1_12000_10311,"I do not know the right starting point for preterite vs imperfect, but I want to learn it.",,,,Preterite vs Imperfect,explicit_topic_reference,0.86,True,v3.1 early_activity_augmented; scenario=cold_start_explicit_topic
topic_label_v3_1_12000_10312,"this may sound random, but where does working memory fit into the whole thing?",,,,Working Memory,explicit_topic_reference,0.90,True,v3.1 early_activity_augmented; scenario=cold_start_explicit_topic
topic_label_v3_1_12000_10313,"I do not know the right starting point for natural selection, but I want to learn it.",,,,Natural Selection,explicit_topic_reference,0.98,True,v3.1 early_activity_augmented; scenario=cold_start_explicit_topic
topic_label_v3_1_12000_10314,"I started somewhere else, but the confusion is landing on wave particle duality.",,,,Wave-Particle Duality,explicit_topic_reference,0.93,True,v3.1 early_activity_augmented; scenario=cold_start_explicit_topic
topic_label_v3_1_12000_10315,"I started somewhere else, but the confusion is landing on lifetime value.",,,,Lifetime Value,explicit_topic_reference,0.93,True,v3.1 early_activity_augmented; scenario=cold_start_explicit_topic
topic_label_v3_1_12000_10316,Chord Progressions feels like one of those phrases I repeat without knowing what it means.,,,,Chord Progressions,explicit_topic_reference,0.98,True,v3.1 early_activity_augmented; scenario=cold_start_explicit_topic
topic_label_v3_1_12000_10317,"If we were going to make lifetime value easy, what would we start with?",,,,Lifetime Value,explicit_topic_reference,0.94,True,v3.1 early_activity_augmented; scenario=cold_start_explicit_topic
topic_label_v3_1_12000_10318,Chord Progressions feels like one of those phrases I repeat without knowing what it means. tbh the phrase just slides off my brain.,,,,Chord Progressions,explicit_topic_reference,0.90,True,v3.1 early_activity_augmented; scenario=cold_start_explicit_topic
topic_label_v3_1_12000_10319,"No dramatic question, just: Lifetime Value. I want to finally get what that means.",,,,Lifetime Value,explicit_topic_reference,0.88,True,v3.1 early_activity_augmented; scenario=cold_start_explicit_topic
topic_label_v3_1_12000_10320,"this is probably a new topic, but Osmosis is what I am trying to ask about.",,,,Osmosis,explicit_topic_reference,0.93,True,v3.1 early_activity_augmented; scenario=cold_start_explicit_topic
topic_label_v3_1_12000_10321,"there is a way people explain Copyright Fair Use that I am clearly missing. Like, I can say the words but I cannot picture the mechanism.",,,,Copyright Fair Use,explicit_topic_reference,0.87,True,v3.1 early_activity_augmented; scenario=cold_start_explicit_topic
topic_label_v3_1_12000_10322,"Whenever the sign-in handoff appears, the explanation starts feeling like another language.",,,,OAuth Flow,explicit_topic_reference,0.89,True,v3.1 early_activity_augmented; scenario=cold_start_explicit_topic
topic_label_v3_1_12000_10323,The example is fine; the concept I need is air pressure systems.,,,,Air Pressure Systems,explicit_topic_reference,0.88,True,v3.1 early_activity_augmented; scenario=cold_start_explicit_topic
topic_label_v3_1_12000_10324,I am not asking about the old topic anymore. The thing is budgeting.,,,,Budgeting,explicit_topic_reference,0.92,True,v3.1 early_activity_augmented; scenario=cold_start_explicit_topic
topic_label_v3_1_12000_10325,"the new question is about free body diagrams, not really about what we were just doing. I am trying to name it before it turns into a random pile of notes.",,,,Free Body Diagrams,explicit_topic_reference,0.95,True,v3.1 early_activity_augmented; scenario=cold_start_explicit_topic
topic_label_v3_1_12000_10326,"I started somewhere else, but the confusion is landing on required vs enough conditions.",,,,Necessary vs Sufficient Conditions,explicit_topic_reference,0.93,True,v3.1 early_activity_augmented; scenario=cold_start_explicit_topic
topic_label_v3_1_12000_10327,quick pivot: Overfitting. I want to understand the basic shape before details.,,,,Overfitting,explicit_topic_reference,0.94,True,v3.1 early_activity_augmented; scenario=cold_start_explicit_topic
topic_label_v3_1_12000_10328,switching gears: supply and demand is what I want to learn about next.,,,,Supply and Demand,explicit_topic_reference,0.94,True,v3.1 early_activity_augmented; scenario=cold_start_explicit_topic
topic_label_v3_1_12000_10329,I keep circling around carbon cycle; maybe that should be the actual topic. Start as if I have no hooks for it.,,,,Carbon Cycle,explicit_topic_reference,0.93,True,v3.1 early_activity_augmented; scenario=cold_start_explicit_topic
topic_label_v3_1_12000_10330,"not sure how to phrase this, but how meiosis is different from mitosis is where my brain keeps getting stuck. Like, I can say the words but I cannot picture the mechanism.",,,,Mitosis vs Meiosis,explicit_topic_reference,0.91,True,v3.1 early_activity_augmented; scenario=cold_start_explicit_topic
topic_label_v3_1_12000_10331,What would the sign-in handoff look like in a simple example? Start as if I have no hooks for it.,,,,OAuth Flow,explicit_topic_reference,0.87,True,v3.1 early_activity_augmented; scenario=cold_start_explicit_topic
topic_label_v3_1_12000_10332,"instead of another overview, can we zoom in on Electricity?",,,,Electricity,explicit_topic_reference,0.88,True,v3.1 early_activity_augmented; scenario=cold_start_explicit_topic
topic_label_v3_1_12000_10333,What would civil liberties vs civil rights look like in a simple example? tbh the phrase just slides off my brain.,,,,Civil Liberties vs Civil Rights,explicit_topic_reference,0.91,True,v3.1 early_activity_augmented; scenario=cold_start_explicit_topic
topic_label_v3_1_12000_10334,"when people say when correlation is not causation, what should I be imagining? Start as if I have no hooks for it.",,,,Correlation vs Causation,explicit_topic_reference,0.97,True,v3.1 early_activity_augmented; scenario=cold_start_explicit_topic
topic_label_v3_1_12000_10335,switching gears: electoral college is what I want to learn about next.,Blood Pressure Regulation,Blood Pressure Regulation,,Electoral College,explicit_topic_reference,0.88,True,v3.1 early_activity_augmented; scenario=one_topic_explicit_shift
topic_label_v3_1_12000_10336,"small pivot: this may sound random, but where does Overfitting fit into the whole thing?",Product-Market Fit,Product-Market Fit,,Overfitting,explicit_topic_reference,0.86,True,v3.1 early_activity_augmented; scenario=one_topic_explicit_shift
topic_label_v3_1_12000_10337,"small pivot: it is embarrassing, but stoichiometry still feels like a magic word to me.",Magnetic Induction,Magnetic Induction,I want to know what to pay attention to first.,Stoichiometry,explicit_topic_reference,0.96,True,v3.1 early_activity_augmented; scenario=one_topic_explicit_shift
topic_label_v3_1_12000_10338,"instead of another overview, can we zoom in on food webs?",Climate Feedbacks,Climate Feedbacks,I am trying not to memorize the surface pattern.,Food Webs,explicit_topic_reference,0.92,True,v3.1 early_activity_augmented; scenario=one_topic_explicit_shift
topic_label_v3_1_12000_10339,could the next topic be Chemical Equilibrium? I need the gentle version first.,Angular Momentum,Angular Momentum,,Chemical Equilibrium,explicit_topic_reference,0.90,True,v3.1 early_activity_augmented; scenario=one_topic_explicit_shift
topic_label_v3_1_12000_10340,different thing: what would Copyright Fair Use look like in a simple example?,OAuth Flow,OAuth Flow,I do not need more facts yet; I need the shape of it.,Copyright Fair Use,explicit_topic_reference,0.88,True,v3.1 early_activity_augmented; scenario=one_topic_explicit_shift
topic_label_v3_1_12000_10341,"different thing: what I need next is surface memorization vs understanding, especially the piece that makes the example work.",Urban Heat Islands,Urban Heat Islands,,Memorization vs Understanding,explicit_topic_reference,0.86,True,v3.1 early_activity_augmented; scenario=one_topic_explicit_shift
topic_label_v3_1_12000_10342,The example is fine; the concept I need is the dual nature of light.,Executive Orders,Executive Orders,,Wave-Particle Duality,explicit_topic_reference,0.88,True,v3.1 early_activity_augmented; scenario=one_topic_explicit_shift
topic_label_v3_1_12000_10343,ok not that — the phrase cognitive load shows up and I just freeze; can we make it concrete?,Wireframes,Wireframes,,Cognitive Load,explicit_topic_reference,0.90,True,v3.1 early_activity_augmented; scenario=one_topic_explicit_shift
topic_label_v3_1_12000_10344,"Actually, reinforcement Learning is the thing I actually want to understand, not the broader unit around it.",Normal Distribution,Normal Distribution,,Reinforcement Learning,explicit_topic_reference,0.95,True,v3.1 early_activity_augmented; scenario=one_topic_explicit_shift
topic_label_v3_1_12000_10345,"Actually, can MyWay make a topic for customer segmentation? That is what I want to work on.",Knife Sharpening,Knife Sharpening,,Customer Segmentation,explicit_topic_reference,0.86,True,v3.1 early_activity_augmented; scenario=one_topic_explicit_shift
topic_label_v3_1_12000_10346,"this is probably a new topic, but map scale is what I am trying to ask about.",Model Evaluation,Model Evaluation,,Map Scale,explicit_topic_reference,0.87,True,v3.1 early_activity_augmented; scenario=one_topic_explicit_shift
topic_label_v3_1_12000_10347,"small pivot: i thought the issue was Camera Framing, but the thing I need now is Chemical Equilibrium.",Camera Framing,Camera Framing,I tried making my own example and it immediately got messy.,Chemical Equilibrium,explicit_topic_reference,0.95,True,v3.1 early_activity_augmented; scenario=one_topic_explicit_shift
topic_label_v3_1_12000_10348,"I do not know the right starting point for Attention Mechanism, but I want to learn it.",Motivation Loops,Motivation Loops,,Attention Mechanism,explicit_topic_reference,0.95,True,v3.1 early_activity_augmented; scenario=one_topic_explicit_shift
topic_label_v3_1_12000_10349,"instead of another overview, can we zoom in on voltage vs current?",Motivation Loops,Motivation Loops,,Voltage vs Current,explicit_topic_reference,0.96,True,v3.1 early_activity_augmented; scenario=one_topic_explicit_shift
topic_label_v3_1_12000_10350,could the next topic be Cell Membrane Transport? I need the gentle version first.,Caching,Caching,"The first version made sense, then the second version made me realize I did not actually get the first one.",Cell Membrane Transport,explicit_topic_reference,0.91,True,v3.1 early_activity_augmented; scenario=one_topic_explicit_shift
topic_label_v3_1_12000_10351,"it is embarrassing, but lifetime value still feels like a magic word to me.",Stoichiometry,Stoichiometry,I think I understand the words but not the mechanism.,Lifetime Value,explicit_topic_reference,0.90,True,v3.1 early_activity_augmented; scenario=one_topic_explicit_shift
topic_label_v3_1_12000_10352,different thing: quick pivot: natural selection. I want to understand the basic shape before details.,Meal Planning,Meal Planning,,Natural Selection,explicit_topic_reference,0.90,True,v3.1 early_activity_augmented; scenario=one_topic_explicit_shift
topic_label_v3_1_12000_10353,ok not that — the phrase cloud formation shows up and I just freeze; can we make it concrete?,Inflammation,Inflammation,That sounded clear for five seconds and then disappeared.,Cloud Formation,explicit_topic_reference,0.89,True,v3.1 early_activity_augmented; scenario=one_topic_explicit_shift
topic_label_v3_1_12000_10354,Can MyWay make a topic for close reading? That is what I want to work on.,Discourse Markers,Discourse Markers,,Close Reading,explicit_topic_reference,0.93,True,v3.1 early_activity_augmented; scenario=one_topic_explicit_shift
topic_label_v3_1_12000_10355,"I keep seeing Supply and Demand mentioned, and I want to know what it is actually doing.",Shading Values,Shading Values,I do not need more facts yet; I need the shape of it.,Supply and Demand,explicit_topic_reference,0.94,True,v3.1 early_activity_augmented; scenario=one_topic_explicit_shift
topic_label_v3_1_12000_10356,"Whenever vector search appears, the explanation starts feeling like another language.",Cash Flow,Cash Flow,"The example helped a little, but I still cannot transfer it.",Vector Search,explicit_topic_reference,0.92,True,v3.1 early_activity_augmented; scenario=one_topic_explicit_shift
topic_label_v3_1_12000_10357,"Actually, if we were going to make copyright fair use easy, what would we start with?",Hydration Errors,Hydration Errors,,Copyright Fair Use,explicit_topic_reference,0.96,True,v3.1 early_activity_augmented; scenario=one_topic_explicit_shift
topic_label_v3_1_12000_10358,small pivot: the example is fine; the concept I need is training data bias.,Laundry Symbols,Laundry Symbols,"The first version made sense, then the second version made me realize I did not actually get the first one.",Training Data Bias,explicit_topic_reference,0.91,True,v3.1 early_activity_augmented; scenario=one_topic_explicit_shift
topic_label_v3_1_12000_10359,"different thing: if we were going to make Separation of Powers easy, what would we start with?",Resonance,Resonance,I am trying not to memorize the surface pattern.,Separation of Powers,explicit_topic_reference,0.93,True,v3.1 early_activity_augmented; scenario=one_topic_explicit_shift
topic_label_v3_1_12000_10360,correlation and causation — that is the thing I want MyWay to put in the learning space.,Simple Harmonic Motion,Simple Harmonic Motion,I think I understand the words but not the mechanism.,Correlation vs Causation,explicit_topic_reference,0.87,True,v3.1 early_activity_augmented; scenario=one_topic_explicit_shift
topic_label_v3_1_12000_10361,"wait — whenever air pressure systems appears, the explanation starts feeling like another language.",Pay Stubs,Pay Stubs,"I can recognize it after I see it, but I cannot produce it myself.",Air Pressure Systems,explicit_topic_reference,0.92,True,v3.1 early_activity_augmented; scenario=one_topic_explicit_shift
topic_label_v3_1_12000_10362,small pivot: what would Meal Planning look like in a simple example?,Le Chatelier's Principle,Le Chatelier's Principle,,Meal Planning,explicit_topic_reference,0.94,True,v3.1 early_activity_augmented; scenario=one_topic_explicit_shift
topic_label_v3_1_12000_10363,Can MyWay make a topic for REST APIs? That is what I want to work on.,Room Acoustics,Room Acoustics,,REST APIs,explicit_topic_reference,0.93,True,v3.1 early_activity_augmented; scenario=one_topic_explicit_shift
topic_label_v3_1_12000_10364,say the topic is visual hierarchy; what is the first thing I should actually understand?,Blind Spot Checks,Blind Spot Checks,,Visual Hierarchy,explicit_topic_reference,0.97,True,v3.1 early_activity_augmented; scenario=one_topic_explicit_shift
topic_label_v3_1_12000_10365,"What I need next is Model Evaluation, especially the piece that makes the example work.",Word Order in Spanish,Word Order in Spanish,,Model Evaluation,explicit_topic_reference,0.93,True,v3.1 early_activity_augmented; scenario=one_topic_explicit_shift
topic_label_v3_1_12000_10366,I am not asking about Action Potentials anymore. The thing is spanish pronouns.,Action Potentials,Action Potentials,,Spanish Pronouns,explicit_topic_reference,0.93,True,v3.1 early_activity_augmented; scenario=one_topic_explicit_shift
topic_label_v3_1_12000_10367,"ok not that — i do not know the right starting point for vector search, but I want to learn it.",Circuit Breakers,Circuit Breakers,I might be missing the middle step.,Vector Search,explicit_topic_reference,0.94,True,v3.1 early_activity_augmented; scenario=one_topic_explicit_shift
topic_label_v3_1_12000_10368,the part that keeps slipping is free body diagrams; everything else around it is kind of noise right now.,Pain Signals,Pain Signals,,Free Body Diagrams,explicit_topic_reference,0.94,True,v3.1 early_activity_augmented; scenario=one_topic_explicit_shift
topic_label_v3_1_12000_10369,there is a way people explain Working Memory that I am clearly missing.,Geothermal Energy,Geothermal Energy,,Working Memory,explicit_topic_reference,0.93,True,v3.1 early_activity_augmented; scenario=one_topic_explicit_shift
topic_label_v3_1_12000_10370,What would API Routes look like in a simple example?,Treaty of Versailles,Treaty of Versailles,,API Routes,explicit_topic_reference,0.90,True,v3.1 early_activity_augmented; scenario=one_topic_explicit_shift
topic_label_v3_1_12000_10371,quick pivot: Quadratic Functions. I want to understand the basic shape before details.,Burden of Proof,Burden of Proof,,Quadratic Functions,explicit_topic_reference,0.95,True,v3.1 early_activity_augmented; scenario=one_topic_explicit_shift
topic_label_v3_1_12000_10372,"ok not that — ok, I think the better label for my confusion is wave-particle duality.",Historical Significance,Historical Significance,,Wave-Particle Duality,explicit_topic_reference,0.92,True,v3.1 early_activity_augmented; scenario=one_topic_explicit_shift
topic_label_v3_1_12000_10373,"ok, I think the better label for my confusion is Training Data Bias.",One-Point Perspective,One-Point Perspective,I want to know what to pay attention to first.,Training Data Bias,explicit_topic_reference,0.96,True,v3.1 early_activity_augmented; scenario=one_topic_explicit_shift
topic_label_v3_1_12000_10374,Can MyWay make a topic for air pressure systems? That is what I want to work on.,Word Order in Spanish,Word Order in Spanish,,Air Pressure Systems,explicit_topic_reference,0.95,True,v3.1 early_activity_augmented; scenario=one_topic_explicit_shift
topic_label_v3_1_12000_10375,"profit margin? I have heard the phrase, but I do not have a mental picture yet.",Laundry Symbols,Laundry Symbols,,Profit Margin,explicit_topic_reference,0.98,True,v3.1 early_activity_augmented; scenario=one_topic_explicit_shift
topic_label_v3_1_12000_10376,the part that keeps slipping is Natural Selection; everything else around it is kind of noise right now.,Gas Laws,Gas Laws,I tried making my own example and it immediately got messy.,Natural Selection,explicit_topic_reference,0.92,True,v3.1 early_activity_augmented; scenario=one_topic_explicit_shift
topic_label_v3_1_12000_10377,"I can tell Genetic Drift matters, but I cannot tell what job it is doing.",Digestive Enzymes,Digestive Enzymes,"The example helped a little, but I still cannot transfer it.",Genetic Drift,explicit_topic_reference,0.89,True,v3.1 early_activity_augmented; scenario=one_topic_explicit_shift
topic_label_v3_1_12000_10378,"Whenever lifetime value appears, the explanation starts feeling like another language.",REST APIs,REST APIs,"I can recognize it after I see it, but I cannot produce it myself.",Lifetime Value,explicit_topic_reference,0.86,True,v3.1 early_activity_augmented; scenario=one_topic_explicit_shift
topic_label_v3_1_12000_10379,"I can tell Spanish Pronouns matters, but I cannot tell what job it is doing.",SQL Joins,SQL Joins,"The example helped a little, but I still cannot transfer it.",Spanish Pronouns,explicit_topic_reference,0.87,True,v3.1 early_activity_augmented; scenario=one_topic_explicit_shift
topic_label_v3_1_12000_10380,"wait — what I need next is caching, especially the piece that makes the example work.",Customer Segmentation,Customer Segmentation,,Caching,explicit_topic_reference,0.88,True,v3.1 early_activity_augmented; scenario=one_topic_explicit_shift
topic_label_v3_1_12000_10381,switching gears: Measuring Ingredients is what I want to learn about next.,Cloud Formation,Cloud Formation,I do not need more facts yet; I need the shape of it.,Measuring Ingredients,explicit_topic_reference,0.93,True,v3.1 early_activity_augmented; scenario=one_topic_explicit_shift
topic_label_v3_1_12000_10382,"different thing: i thought the issue was Dependency Conflicts, but the thing I need now is stoichiometry.",Dependency Conflicts,Dependency Conflicts,I keep mixing this up with the nearby idea.,Stoichiometry,explicit_topic_reference,0.92,True,v3.1 early_activity_augmented; scenario=one_topic_explicit_shift
topic_label_v3_1_12000_10383,"when people say Tire Pressure, what should I be imagining?",Circuit Breakers,Circuit Breakers,I might be missing the middle step.,Tire Pressure,explicit_topic_reference,0.89,True,v3.1 early_activity_augmented; scenario=one_topic_explicit_shift
topic_label_v3_1_12000_10384,"the new question is about OAuth flow, not really about Free Body Diagrams.",Free Body Diagrams,Free Body Diagrams,I do not need more facts yet; I need the shape of it.,OAuth Flow,explicit_topic_reference,0.87,True,v3.1 early_activity_augmented; scenario=one_topic_explicit_shift
topic_label_v3_1_12000_10385,different thing: switching gears: Statistical Significance is what I want to learn about next.,Organic Functional Groups,Organic Functional Groups,,Statistical Significance,explicit_topic_reference,0.88,True,v3.1 early_activity_augmented; scenario=one_topic_explicit_shift
topic_label_v3_1_12000_10386,"small pivot: no dramatic question, just: circuit breakers. I want to finally get what that means.",Latitude vs Longitude,Latitude vs Longitude,I do not need more facts yet; I need the shape of it.,Circuit Breakers,explicit_topic_reference,0.92,True,v3.1 early_activity_augmented; scenario=one_topic_explicit_shift
topic_label_v3_1_12000_10387,switching gears: rest apis is what I want to learn about next.,Moral Luck,Moral Luck,,REST APIs,explicit_topic_reference,0.93,True,v3.1 early_activity_augmented; scenario=one_topic_explicit_shift
topic_label_v3_1_12000_10388,wait — can MyWay make a topic for Photosynthesis? That is what I want to work on.,Free Body Diagrams,Free Body Diagrams,Can we make it less abstract?,Photosynthesis,explicit_topic_reference,0.90,True,v3.1 early_activity_augmented; scenario=one_topic_explicit_shift
topic_label_v3_1_12000_10389,"small pivot: this is probably a new topic, but Photosynthesis is what I am trying to ask about.",Synaptic Transmission,Synaptic Transmission,,Photosynthesis,explicit_topic_reference,0.97,True,v3.1 early_activity_augmented; scenario=one_topic_explicit_shift
topic_label_v3_1_12000_10390,"ok not that — instead of another overview, can we zoom in on Camera Framing?",Immune Memory,Immune Memory,I keep mixing this up with the nearby idea.,Camera Framing,explicit_topic_reference,0.92,True,v3.1 early_activity_augmented; scenario=one_topic_explicit_shift
topic_label_v3_1_12000_10391,the actual blocker is photosynthesis; I can name it now but I do not understand it.,Environment Variables,Environment Variables,,Photosynthesis,explicit_topic_reference,0.95,True,v3.1 early_activity_augmented; scenario=one_topic_explicit_shift
topic_label_v3_1_12000_10392,What would circadian rhythm look like in a simple example?,Natural Selection,Natural Selection,"I can recognize it after I see it, but I cannot produce it myself.",Circadian Rhythm,explicit_topic_reference,0.86,True,v3.1 early_activity_augmented; scenario=one_topic_explicit_shift
topic_label_v3_1_12000_10393,I am not asking about Deductive Reasoning anymore. The thing is Profit Margin.,Deductive Reasoning,Deductive Reasoning,,Profit Margin,explicit_topic_reference,0.91,True,v3.1 early_activity_augmented; scenario=one_topic_explicit_shift
topic_label_v3_1_12000_10394,"trigonometry? I have heard the phrase, but I do not have a mental picture yet.",Direct Objects in Spanish,Direct Objects in Spanish,,Trigonometry,explicit_topic_reference,0.93,True,v3.1 early_activity_augmented; scenario=one_topic_explicit_shift
topic_label_v3_1_12000_10395,"Before we go further, I need a cleaner explanation of carbon cycle.",Defamation,Defamation,"I can recognize it after I see it, but I cannot produce it myself.",Carbon Cycle,explicit_topic_reference,0.98,True,v3.1 early_activity_augmented; scenario=one_topic_explicit_shift
topic_label_v3_1_12000_10396,"small pivot: confidence Intervals? I have heard the phrase, but I do not have a mental picture yet.",Tax Forms,Tax Forms,,Confidence Intervals,explicit_topic_reference,0.91,True,v3.1 early_activity_augmented; scenario=one_topic_explicit_shift
topic_label_v3_1_12000_10397,"it is embarrassing, but Photosynthesis still feels like a magic word to me.",Pain Signals,Pain Signals,I keep mixing this up with the nearby idea.,Photosynthesis,explicit_topic_reference,0.92,True,v3.1 early_activity_augmented; scenario=one_topic_explicit_shift
topic_label_v3_1_12000_10398,"when people say Treaty of Versailles, what should I be imagining?",Battery Chemistry,Battery Chemistry,I do not need more facts yet; I need the shape of it.,Treaty of Versailles,explicit_topic_reference,0.90,True,v3.1 early_activity_augmented; scenario=one_topic_explicit_shift
topic_label_v3_1_12000_10399,the part that keeps slipping is Genetic Drift; everything else around it is kind of noise right now.,Tire Pressure,Tire Pressure,,Genetic Drift,explicit_topic_reference,0.86,True,v3.1 early_activity_augmented; scenario=one_topic_explicit_shift
topic_label_v3_1_12000_10400,I am not asking about Circuit Breakers anymore. The thing is air pressure systems.,Circuit Breakers,Circuit Breakers,"The example helped a little, but I still cannot transfer it.",Air Pressure Systems,explicit_topic_reference,0.89,True,v3.1 early_activity_augmented; scenario=one_topic_explicit_shift
topic_label_v3_1_12000_10401,"small pivot: i do not know the right starting point for Caching, but I want to learn it.",Action Potentials,Action Potentials,,Caching,explicit_topic_reference,0.88,True,v3.1 early_activity_augmented; scenario=one_topic_explicit_shift
topic_label_v3_1_12000_10402,"not sure how to phrase this, but copyright fair use is where my brain keeps getting stuck.",Overfitting,Overfitting,,Copyright Fair Use,explicit_topic_reference,0.92,True,v3.1 early_activity_augmented; scenario=one_topic_explicit_shift
topic_label_v3_1_12000_10403,"instead of another overview, can we zoom in on camera framing?",Defamation,Defamation,,Camera Framing,explicit_topic_reference,0.97,True,v3.1 early_activity_augmented; scenario=one_topic_explicit_shift
topic_label_v3_1_12000_10404,"wait — not sure how to phrase this, but electricity is where my brain keeps getting stuck.",Encryption,Encryption,I want to know what to pay attention to first.,Electricity,explicit_topic_reference,0.89,True,v3.1 early_activity_augmented; scenario=one_topic_explicit_shift
topic_label_v3_1_12000_10405,What would the dual nature of light look like in a simple example?,Hormone Regulation,Hormone Regulation,,Wave-Particle Duality,explicit_topic_reference,0.87,True,v3.1 early_activity_augmented; scenario=one_topic_explicit_shift
topic_label_v3_1_12000_10406,"I do not know the right starting point for fight flight response, but I want to learn it.",Rate Limits,Rate Limits,,Fight-or-Flight Response,explicit_topic_reference,0.91,True,v3.1 early_activity_augmented; scenario=one_topic_explicit_shift
topic_label_v3_1_12000_10407,"Actually, it is embarrassing, but camera framing still feels like a magic word to me.",Defamation,Defamation,,Camera Framing,explicit_topic_reference,0.95,True,v3.1 early_activity_augmented; scenario=one_topic_explicit_shift
topic_label_v3_1_12000_10408,carbon cycle feels like one of those phrases I repeat without knowing what it means.,Reading Comprehension,Reading Comprehension,I might be missing the middle step.,Carbon Cycle,explicit_topic_reference,0.98,True,v3.1 early_activity_augmented; scenario=one_topic_explicit_shift
topic_label_v3_1_12000_10409,"wait — i started somewhere else, but the confusion is landing on neural networks.",Kidney Filtration,Kidney Filtration,I want to know what to pay attention to first.,Neural Networks,explicit_topic_reference,0.88,True,v3.1 early_activity_augmented; scenario=one_topic_explicit_shift
topic_label_v3_1_12000_10410,"Free Body Diagrams? I have heard the phrase, but I do not have a mental picture yet.",Laundry Symbols,Laundry Symbols,,Free Body Diagrams,explicit_topic_reference,0.86,True,v3.1 early_activity_augmented; scenario=one_topic_explicit_shift
topic_label_v3_1_12000_10411,small pivot: the part that keeps slipping is Environment Variables; everything else around it is kind of noise right now.,Conversion Funnel,Conversion Funnel,I think I understand the words but not the mechanism.,Environment Variables,explicit_topic_reference,0.95,True,v3.1 early_activity_augmented; scenario=one_topic_explicit_shift
topic_label_v3_1_12000_10412,quick pivot: lifetime value. I want to understand the basic shape before details.,Pay Stubs,Pay Stubs,,Lifetime Value,explicit_topic_reference,0.89,True,v3.1 early_activity_augmented; scenario=one_topic_explicit_shift
topic_label_v3_1_12000_10413,could the next topic be Meal Planning? I need the gentle version first.,API Routes,API Routes,I keep mixing this up with the nearby idea.,Meal Planning,explicit_topic_reference,0.90,True,v3.1 early_activity_augmented; scenario=one_topic_explicit_shift
topic_label_v3_1_12000_10414,"Actually, the example is fine; the concept I need is stoichiometry.",Test Anxiety,Test Anxiety,"The answer is there, but I do not know why it is the answer.",Stoichiometry,explicit_topic_reference,0.88,True,v3.1 early_activity_augmented; scenario=one_topic_explicit_shift
topic_label_v3_1_12000_10415,quick pivot: Confidence Intervals. I want to understand the basic shape before details.,Mole Concept,Mole Concept,"I can recognize it after I see it, but I cannot produce it myself.",Confidence Intervals,explicit_topic_reference,0.92,True,v3.1 early_activity_augmented; scenario=one_topic_explicit_shift
topic_label_v3_1_12000_10416,"wait — no dramatic question, just: Torque. I want to finally get what that means.",Lifetime Value,Lifetime Value,,Torque,explicit_topic_reference,0.94,True,v3.1 early_activity_augmented; scenario=one_topic_explicit_shift
topic_label_v3_1_12000_10417,"derivatives? I have heard the phrase, but I do not have a mental picture yet.",Shading Values,Shading Values,,Derivatives,explicit_topic_reference,0.86,True,v3.1 early_activity_augmented; scenario=one_topic_explicit_shift
topic_label_v3_1_12000_10418,"when people say Close Reading, what should I be imagining?",Emotional Regulation,Emotional Regulation,,Close Reading,explicit_topic_reference,0.95,True,v3.1 early_activity_augmented; scenario=one_topic_explicit_shift
topic_label_v3_1_12000_10419,could the next topic be le chatelier's principle? I need the gentle version first.,Visual Hierarchy,Visual Hierarchy,,Le Chatelier's Principle,explicit_topic_reference,0.90,True,v3.1 early_activity_augmented; scenario=one_topic_explicit_shift
topic_label_v3_1_12000_10420,switching gears: neural networks is what I want to learn about next.,Training Data Bias,Training Data Bias,,Neural Networks,explicit_topic_reference,0.95,True,v3.1 early_activity_augmented; scenario=one_topic_explicit_shift
topic_label_v3_1_12000_10421,"wait — this may sound random, but where does Function Notation fit into the whole thing?",Inventory Turnover,Inventory Turnover,,Function Notation,explicit_topic_reference,0.92,True,v3.1 early_activity_augmented; scenario=one_topic_explicit_shift
topic_label_v3_1_12000_10422,Food Webs feels like one of those phrases I repeat without knowing what it means.,Map Scale,Map Scale,"The answer is there, but I do not know why it is the answer.",Food Webs,explicit_topic_reference,0.86,True,v3.1 early_activity_augmented; scenario=one_topic_explicit_shift
topic_label_v3_1_12000_10423,I keep circling around caching; maybe that should be the actual topic.,Derivatives,Derivatives,I want to know what to pay attention to first.,Caching,explicit_topic_reference,0.87,True,v3.1 early_activity_augmented; scenario=one_topic_explicit_shift
topic_label_v3_1_12000_10424,"wait — not sure how to phrase this, but fight-or-flight response is where my brain keeps getting stuck.",Chain Rule,Chain Rule,I might be missing the middle step.,Fight-or-Flight Response,explicit_topic_reference,0.94,True,v3.1 early_activity_augmented; scenario=one_topic_explicit_shift
topic_label_v3_1_12000_10425,"What I need next is correlation and causation, especially the piece that makes the example work.",Air Pressure Systems,Air Pressure Systems,That sounded clear for five seconds and then disappeared.,Correlation vs Causation,explicit_topic_reference,0.88,True,v3.1 early_activity_augmented; scenario=one_topic_explicit_shift
topic_label_v3_1_12000_10426,chord progressions feels like one of those phrases I repeat without knowing what it means.,Memorization vs Understanding,Memorization vs Understanding,"The example helped a little, but I still cannot transfer it.",Chord Progressions,explicit_topic_reference,0.98,True,v3.1 early_activity_augmented; scenario=one_topic_explicit_shift
topic_label_v3_1_12000_10427,Meal Planning feels like one of those phrases I repeat without knowing what it means.,Geothermal Energy,Geothermal Energy,"The answer is there, but I do not know why it is the answer.",Meal Planning,explicit_topic_reference,0.96,True,v3.1 early_activity_augmented; scenario=one_topic_explicit_shift
topic_label_v3_1_12000_10428,"wait — this may sound random, but where does trigonometry fit into the whole thing?",Systems of Equations,Systems of Equations,I might be missing the middle step.,Trigonometry,explicit_topic_reference,0.91,True,v3.1 early_activity_augmented; scenario=one_topic_explicit_shift
topic_label_v3_1_12000_10429,switching gears: Circadian Rhythm is what I want to learn about next.,Digestive Enzymes,Digestive Enzymes,,Circadian Rhythm,explicit_topic_reference,0.95,True,v3.1 early_activity_augmented; scenario=one_topic_explicit_shift
topic_label_v3_1_12000_10430,"wait — i can tell synaptic transmission matters, but I cannot tell what job it is doing.",Hormone Regulation,Hormone Regulation,I might be missing the middle step.,Synaptic Transmission,explicit_topic_reference,0.90,True,v3.1 early_activity_augmented; scenario=one_topic_explicit_shift
topic_label_v3_1_12000_10431,The example is fine; the concept I need is JavaScript Promises.,Preterite vs Imperfect,Preterite vs Imperfect,,JavaScript Promises,explicit_topic_reference,0.92,True,v3.1 early_activity_augmented; scenario=one_topic_explicit_shift
topic_label_v3_1_12000_10432,"Actually, i can tell Torque matters, but I cannot tell what job it is doing.",Tidal Energy,Tidal Energy,I tried making my own example and it immediately got messy.,Torque,explicit_topic_reference,0.97,True,v3.1 early_activity_augmented; scenario=one_topic_explicit_shift
topic_label_v3_1_12000_10433,"Actually, stoichiometry is the thing I actually want to understand, not the broader unit around it.",Rate Limits,Rate Limits,,Stoichiometry,explicit_topic_reference,0.92,True,v3.1 early_activity_augmented; scenario=one_topic_explicit_shift
topic_label_v3_1_12000_10434,could we park the other topic for a second and get into mitosis versus meiosis?,Overfitting,Overfitting,"The example helped a little, but I still cannot transfer it.",Mitosis vs Meiosis,explicit_topic_reference,0.97,True,v3.1 early_activity_augmented; scenario=one_topic_explicit_shift
topic_label_v3_1_12000_10435,"ok, I think the better label for my confusion is Copyright Fair Use.",Angular Momentum,Angular Momentum,,Copyright Fair Use,explicit_topic_reference,0.89,True,v3.1 early_activity_augmented; scenario=one_topic_explicit_shift
topic_label_v3_1_12000_10436,"wait — this may sound random, but where does Profit Margin fit into the whole thing?",Moral Luck,Moral Luck,,Profit Margin,explicit_topic_reference,0.89,True,v3.1 early_activity_augmented; scenario=one_topic_explicit_shift
topic_label_v3_1_12000_10437,"this is probably a new topic, but circadian rhythm is what I am trying to ask about.",Food Webs,Food Webs,I want to know what to pay attention to first.,Circadian Rhythm,explicit_topic_reference,0.96,True,v3.1 early_activity_augmented; scenario=one_topic_explicit_shift
topic_label_v3_1_12000_10438,"If we were going to make copyright fair use easy, what would we start with?",Industrial Revolution,Industrial Revolution,"The example helped a little, but I still cannot transfer it.",Copyright Fair Use,explicit_topic_reference,0.91,True,v3.1 early_activity_augmented; scenario=one_topic_explicit_shift
topic_label_v3_1_12000_10439,small pivot: the example is fine; the concept I need is TypeScript Generics.,Copyright Fair Use,Copyright Fair Use,I am trying not to memorize the surface pattern.,TypeScript Generics,explicit_topic_reference,0.93,True,v3.1 early_activity_augmented; scenario=one_topic_explicit_shift
topic_label_v3_1_12000_10440,different thing: dopamine — that is the thing I want MyWay to put in the learning space.,Function Notation,Function Notation,I keep mixing this up with the nearby idea.,Dopamine,explicit_topic_reference,0.98,True,v3.1 early_activity_augmented; scenario=one_topic_explicit_shift
topic_label_v3_1_12000_10441,"ok, I think the better label for my confusion is natural selection.",Attention Mechanism,Attention Mechanism,,Natural Selection,explicit_topic_reference,0.91,True,v3.1 early_activity_augmented; scenario=one_topic_explicit_shift
topic_label_v3_1_12000_10442,motivation loops feels like one of those phrases I repeat without knowing what it means.,Paragraph Transitions,Paragraph Transitions,,Motivation Loops,explicit_topic_reference,0.90,True,v3.1 early_activity_augmented; scenario=one_topic_explicit_shift
topic_label_v3_1_12000_10443,small pivot: the actual blocker is action potentials; I can name it now but I do not understand it.,Engines,Engines,,Action Potentials,explicit_topic_reference,0.87,True,v3.1 early_activity_augmented; scenario=one_topic_explicit_shift
topic_label_v3_1_12000_10444,the actual blocker is Regression Lines; I can name it now but I do not understand it.,Mitosis vs Meiosis,Mitosis vs Meiosis,I might be missing the middle step.,Regression Lines,explicit_topic_reference,0.94,True,v3.1 early_activity_augmented; scenario=one_topic_explicit_shift
topic_label_v3_1_12000_10445,"What I need next is Torque, especially the piece that makes the example work.",Unit Economics,Unit Economics,,Torque,explicit_topic_reference,0.94,True,v3.1 early_activity_augmented; scenario=one_topic_explicit_shift
topic_label_v3_1_12000_10446,"I started somewhere else, but the confusion is landing on Statistical Significance.",Decision Fatigue,Decision Fatigue,What would make this obvious if I saw it somewhere else?,Statistical Significance,explicit_topic_reference,0.91,True,v3.1 early_activity_augmented; scenario=one_topic_explicit_shift
topic_label_v3_1_12000_10447,"Action Potentials? I have heard the phrase, but I do not have a mental picture yet.",Photosynthesis,Photosynthesis,"I can recognize it after I see it, but I cannot produce it myself.",Action Potentials,explicit_topic_reference,0.91,True,v3.1 early_activity_augmented; scenario=one_topic_explicit_shift
topic_label_v3_1_12000_10448,quick pivot: customer segmentation. I want to understand the basic shape before details.,Photosynthesis,Photosynthesis,,Customer Segmentation,explicit_topic_reference,0.98,True,v3.1 early_activity_augmented; scenario=one_topic_explicit_shift
topic_label_v3_1_12000_10449,switching gears: Voltage vs Current is what I want to learn about next.,Problem of Induction,Problem of Induction,I tried making my own example and it immediately got messy.,Voltage vs Current,explicit_topic_reference,0.96,True,v3.1 early_activity_augmented; scenario=one_topic_explicit_shift
topic_label_v3_1_12000_10450,"Customer Segmentation is the thing I actually want to understand, not the broader unit around it.",Renewable Energy Grid,Renewable Energy Grid,,Customer Segmentation,explicit_topic_reference,0.91,True,v3.1 early_activity_augmented; scenario=one_topic_explicit_shift
topic_label_v3_1_12000_10451,the part that keeps slipping is OAuth flow; everything else around it is kind of noise right now.,Procrastination,Procrastination,,OAuth Flow,explicit_topic_reference,0.96,True,v3.1 early_activity_augmented; scenario=one_topic_explicit_shift
topic_label_v3_1_12000_10452,"ok, I think the better label for my confusion is osmosis.",Paragraph Transitions,Paragraph Transitions,"The answer is there, but I do not know why it is the answer.",Osmosis,explicit_topic_reference,0.88,True,v3.1 early_activity_augmented; scenario=one_topic_explicit_shift
topic_label_v3_1_12000_10453,I keep circling around natural selection; maybe that should be the actual topic.,Procrastination,Procrastination,I do not need more facts yet; I need the shape of it.,Natural Selection,explicit_topic_reference,0.92,True,v3.1 early_activity_augmented; scenario=one_topic_explicit_shift
topic_label_v3_1_12000_10454,"Actually, could we park the other topic for a second and get into bayes theorem?",Pay Stubs,Pay Stubs,,Bayes Theorem,explicit_topic_reference,0.93,True,v3.1 early_activity_augmented; scenario=one_topic_explicit_shift
topic_label_v3_1_12000_10455,"different thing: i can tell electricity matters, but I cannot tell what job it is doing.",Liability,Liability,,Electricity,explicit_topic_reference,0.91,True,v3.1 early_activity_augmented; scenario=one_topic_explicit_shift
topic_label_v3_1_12000_10456,wait — could we park the other topic for a second and get into Word Order in Spanish?,Procrastination,Procrastination,I keep mixing this up with the nearby idea.,Word Order in Spanish,explicit_topic_reference,0.87,True,v3.1 early_activity_augmented; scenario=one_topic_explicit_shift
topic_label_v3_1_12000_10457,"I thought the issue was Function Notation, but the thing I need now is Le Chatelier's Principle.",Function Notation,Function Notation,What would make this obvious if I saw it somewhere else?,Le Chatelier's Principle,explicit_topic_reference,0.95,True,v3.1 early_activity_augmented; scenario=one_topic_explicit_shift
topic_label_v3_1_12000_10458,I keep circling around vector search; maybe that should be the actual topic.,Biodiversity,Biodiversity,,Vector Search,explicit_topic_reference,0.86,True,v3.1 early_activity_augmented; scenario=one_topic_explicit_shift
topic_label_v3_1_12000_10459,switching gears: derivatives is what I want to learn about next.,Camera Framing,Camera Framing,Can we make it less abstract?,Derivatives,explicit_topic_reference,0.95,True,v3.1 early_activity_augmented; scenario=one_topic_explicit_shift
topic_label_v3_1_12000_10460,"small pivot: i do not know the right starting point for typography, but I want to learn it.",Electricity,Electricity,What would make this obvious if I saw it somewhere else?,Typography,explicit_topic_reference,0.95,True,v3.1 early_activity_augmented; scenario=one_topic_explicit_shift
topic_label_v3_1_12000_10461,"it is embarrassing, but Engines still feels like a magic word to me.",Immune Memory,Immune Memory,,Engines,explicit_topic_reference,0.95,True,v3.1 early_activity_augmented; scenario=one_topic_explicit_shift
topic_label_v3_1_12000_10462,different thing: could the next topic be wave-particle duality? I need the gentle version first.,Cognitive Load,Cognitive Load,,Wave-Particle Duality,explicit_topic_reference,0.97,True,v3.1 early_activity_augmented; scenario=one_topic_explicit_shift
topic_label_v3_1_12000_10463,"wait — when people say Camera Framing, what should I be imagining?",Emergency Fund,Emergency Fund,,Camera Framing,explicit_topic_reference,0.93,True,v3.1 early_activity_augmented; scenario=one_topic_explicit_shift
topic_label_v3_1_12000_10464,"it is embarrassing, but free body diagrams still feels like a magic word to me.",Covalent Bonding,Covalent Bonding,,Free Body Diagrams,explicit_topic_reference,0.88,True,v3.1 early_activity_augmented; scenario=one_topic_explicit_shift
topic_label_v3_1_12000_10465,"when people say valid and sound arguments, what should I be imagining?",Ocean Currents,Ocean Currents,,Valid vs Sound Arguments,explicit_topic_reference,0.93,True,v3.1 early_activity_augmented; scenario=one_topic_explicit_shift
topic_label_v3_1_12000_10466,the phrase Statistical Significance shows up and I just freeze; can we make it concrete?,Working Memory,Working Memory,I want to know what to pay attention to first.,Statistical Significance,explicit_topic_reference,0.95,True,v3.1 early_activity_augmented; scenario=one_topic_explicit_shift
topic_label_v3_1_12000_10467,the phrase environment variables shows up and I just freeze; can we make it concrete?,Contract Law Basics,Contract Law Basics,I tried making my own example and it immediately got messy.,Environment Variables,explicit_topic_reference,0.88,True,v3.1 early_activity_augmented; scenario=one_topic_explicit_shift
topic_label_v3_1_12000_10468,the actual blocker is Trigonometry; I can name it now but I do not understand it.,Meal Planning,Meal Planning,,Trigonometry,explicit_topic_reference,0.98,True,v3.1 early_activity_augmented; scenario=one_topic_explicit_shift
topic_label_v3_1_12000_10469,"the new question is about voltage vs current, not really about Photosynthesis.",Photosynthesis,Photosynthesis,Can we make it less abstract?,Voltage vs Current,explicit_topic_reference,0.87,True,v3.1 early_activity_augmented; scenario=one_topic_explicit_shift
topic_label_v3_1_12000_10470,plea bargains feels like one of those phrases I repeat without knowing what it means.,Utilitarianism,Utilitarianism,,Plea Bargains,explicit_topic_reference,0.88,True,v3.1 early_activity_augmented; scenario=one_topic_explicit_shift
topic_label_v3_1_12000_10471,I keep circling around air pressure systems; maybe that should be the actual topic.,Circuit Breakers,Circuit Breakers,,Air Pressure Systems,explicit_topic_reference,0.87,True,v3.1 early_activity_augmented; scenario=one_topic_explicit_shift
topic_label_v3_1_12000_10472,could the next topic be derivatives? I need the gentle version first.,Executive Function,Executive Function,"The first version made sense, then the second version made me realize I did not actually get the first one.",Derivatives,explicit_topic_reference,0.96,True,v3.1 early_activity_augmented; scenario=one_topic_explicit_shift
topic_label_v3_1_12000_10473,"I keep seeing the sign-in handoff mentioned, and I want to know what it is actually doing.",Conceptual Analysis,Conceptual Analysis,What would make this obvious if I saw it somewhere else?,OAuth Flow,explicit_topic_reference,0.95,True,v3.1 early_activity_augmented; scenario=one_topic_explicit_shift
topic_label_v3_1_12000_10474,could the next topic be electoral college? I need the gentle version first.,Treaty of Versailles,Treaty of Versailles,,Electoral College,explicit_topic_reference,0.97,True,v3.1 early_activity_augmented; scenario=one_topic_explicit_shift
topic_label_v3_1_12000_10475,ok not that — what would Civil Liberties vs Civil Rights look like in a simple example?,Typography,Typography,,Civil Liberties vs Civil Rights,explicit_topic_reference,0.88,True,v3.1 early_activity_augmented; scenario=one_topic_explicit_shift
topic_label_v3_1_12000_10476,What would preterite vs imperfect look like in a simple example?,Motivation Loops,Motivation Loops,"The first version made sense, then the second version made me realize I did not actually get the first one.",Preterite vs Imperfect,explicit_topic_reference,0.94,True,v3.1 early_activity_augmented; scenario=one_topic_explicit_shift
topic_label_v3_1_12000_10477,"this is probably a new topic, but natural selection is what I am trying to ask about.",Model Evaluation,Model Evaluation,I do not need more facts yet; I need the shape of it.,Natural Selection,explicit_topic_reference,0.92,True,v3.1 early_activity_augmented; scenario=one_topic_explicit_shift
topic_label_v3_1_12000_10478,"No dramatic question, just: credit card interest. I want to finally get what that means.",Acids vs Bases,Acids vs Bases,,Credit Card Interest,explicit_topic_reference,0.89,True,v3.1 early_activity_augmented; scenario=one_topic_explicit_shift
topic_label_v3_1_12000_10479,"small pivot: i can tell quadratic functions matters, but I cannot tell what job it is doing.",Copyright Fair Use,Copyright Fair Use,,Quadratic Functions,explicit_topic_reference,0.92,True,v3.1 early_activity_augmented; scenario=one_topic_explicit_shift
topic_label_v3_1_12000_10480,"Before we go further, I need a cleaner explanation of reinforcement learning.",Storyboarding,Storyboarding,I want to know what to pay attention to first.,Reinforcement Learning,explicit_topic_reference,0.96,True,v3.1 early_activity_augmented; scenario=one_topic_explicit_shift
topic_label_v3_1_12000_10481,"ok not that — when people say stoichiometry, what should I be imagining?",Mole Concept,Mole Concept,,Stoichiometry,explicit_topic_reference,0.93,True,v3.1 early_activity_augmented; scenario=one_topic_explicit_shift
topic_label_v3_1_12000_10482,"What I need next is Model Evaluation, especially the piece that makes the example work.",Amortization,Amortization,,Model Evaluation,explicit_topic_reference,0.91,True,v3.1 early_activity_augmented; scenario=one_topic_explicit_shift
topic_label_v3_1_12000_10483,"I thought the issue was Spanish Pronouns, but the thing I need now is separation of powers.",Spanish Pronouns,Spanish Pronouns,,Separation of Powers,explicit_topic_reference,0.96,True,v3.1 early_activity_augmented; scenario=one_topic_explicit_shift
topic_label_v3_1_12000_10484,say the topic is Meal Planning; what is the first thing I should actually understand?,Confidence Intervals,Confidence Intervals,,Meal Planning,explicit_topic_reference,0.94,True,v3.1 early_activity_augmented; scenario=one_topic_explicit_shift
topic_label_v3_1_12000_10485,I am not asking about Copyright Fair Use anymore. The thing is overfitting.,Copyright Fair Use,Copyright Fair Use,,Overfitting,explicit_topic_reference,0.96,True,v3.1 early_activity_augmented; scenario=one_topic_explicit_shift
topic_label_v3_1_12000_10486,"ok not that — whenever light being both a wave and a particle appears, the explanation starts feeling like another language.",Pragmatics,Pragmatics,I think I understand the words but not the mechanism.,Light as a Wave and Particle,explicit_topic_reference,0.87,True,v3.1 early_activity_augmented; scenario=one_topic_explicit_shift
topic_label_v3_1_12000_10487,"If we were going to make Genetic Drift easy, what would we start with?",Topic Sentences,Topic Sentences,,Genetic Drift,explicit_topic_reference,0.96,True,v3.1 early_activity_augmented; scenario=one_topic_explicit_shift
topic_label_v3_1_12000_10488,ok not that — the part that keeps slipping is regression lines; everything else around it is kind of noise right now.,Industrial Revolution,Industrial Revolution,,Regression Lines,explicit_topic_reference,0.92,True,v3.1 early_activity_augmented; scenario=one_topic_explicit_shift
topic_label_v3_1_12000_10489,"I started somewhere else, but the confusion is landing on Quadratic Functions.",Rate Limits,Rate Limits,What would make this obvious if I saw it somewhere else?,Quadratic Functions,explicit_topic_reference,0.98,True,v3.1 early_activity_augmented; scenario=one_topic_explicit_shift
topic_label_v3_1_12000_10490,"Before we go further, I need a cleaner explanation of Copyright Fair Use.",Enzyme Specificity,Enzyme Specificity,"The example helped a little, but I still cannot transfer it.",Copyright Fair Use,explicit_topic_reference,0.98,True,v3.1 early_activity_augmented; scenario=one_topic_explicit_shift
topic_label_v3_1_12000_10491,"I keep seeing why light can act like a wave and a particle mentioned, and I want to know what it is actually doing.",Test Anxiety,Test Anxiety,,Light as a Wave and Particle,explicit_topic_reference,0.94,True,v3.1 early_activity_augmented; scenario=one_topic_explicit_shift
topic_label_v3_1_12000_10492,I am not asking about Conceptual Analysis anymore. The thing is cell membrane transport.,Conceptual Analysis,Conceptual Analysis,I keep mixing this up with the nearby idea.,Cell Membrane Transport,explicit_topic_reference,0.94,True,v3.1 early_activity_augmented; scenario=one_topic_explicit_shift
topic_label_v3_1_12000_10493,"I thought the issue was Circle of Fifths, but the thing I need now is torque.",Circle of Fifths,Circle of Fifths,What would make this obvious if I saw it somewhere else?,Torque,explicit_topic_reference,0.91,True,v3.1 early_activity_augmented; scenario=one_topic_explicit_shift
topic_label_v3_1_12000_10494,the actual blocker is Spanish Pronouns; I can name it now but I do not understand it.,Mitosis vs Meiosis,Mitosis vs Meiosis,,Spanish Pronouns,explicit_topic_reference,0.96,True,v3.1 early_activity_augmented; scenario=one_topic_explicit_shift
topic_label_v3_1_12000_10495,"Whenever Trigonometry appears, the explanation starts feeling like another language.",Credit Card Interest,Credit Card Interest,I might be missing the middle step.,Trigonometry,explicit_topic_reference,0.93,True,v3.1 early_activity_augmented; scenario=one_topic_explicit_shift
topic_label_v3_1_12000_10496,I keep circling around Working Memory; maybe that should be the actual topic.,Confidence Intervals,Confidence Intervals,,Working Memory,explicit_topic_reference,0.96,True,v3.1 early_activity_augmented; scenario=one_topic_explicit_shift
topic_label_v3_1_12000_10497,"If we were going to make training data bias easy, what would we start with?",Laundry Symbols,Laundry Symbols,Can we make it less abstract?,Training Data Bias,explicit_topic_reference,0.94,True,v3.1 early_activity_augmented; scenario=one_topic_explicit_shift
topic_label_v3_1_12000_10498,"wait — this is probably a new topic, but OAuth flow is what I am trying to ask about.",Reinforcement Learning,Reinforcement Learning,"I can follow it while looking at the example, but I lose it when the wording changes.",OAuth Flow,explicit_topic_reference,0.93,True,v3.1 early_activity_augmented; scenario=one_topic_explicit_shift
topic_label_v3_1_12000_10499,there is a way people explain JavaScript Promises that I am clearly missing.,Passive Voice,Passive Voice,,JavaScript Promises,explicit_topic_reference,0.97,True,v3.1 early_activity_augmented; scenario=one_topic_explicit_shift
topic_label_v3_1_12000_10500,"wait — not sure how to phrase this, but mitosis vs meiosis is where my brain keeps getting stuck.",Blood Pressure Regulation,Blood Pressure Regulation,I want to know what to pay attention to first.,Mitosis vs Meiosis,explicit_topic_reference,0.94,True,v3.1 early_activity_augmented; scenario=one_topic_explicit_shift
topic_label_v3_1_12000_10501,"Actually, whenever plea bargains appears, the explanation starts feeling like another language.",Electron Configuration,Electron Configuration,,Plea Bargains,explicit_topic_reference,0.92,True,v3.1 early_activity_augmented; scenario=one_topic_explicit_shift
topic_label_v3_1_12000_10502,small pivot: the actual blocker is close reading; I can name it now but I do not understand it.,Overfitting,Overfitting,,Close Reading,explicit_topic_reference,0.93,True,v3.1 early_activity_augmented; scenario=one_topic_explicit_shift
topic_label_v3_1_12000_10503,"What I need next is cognitive load, especially the piece that makes the example work.",Dependency Conflicts,Dependency Conflicts,Can we make it less abstract?,Cognitive Load,explicit_topic_reference,0.92,True,v3.1 early_activity_augmented; scenario=one_topic_explicit_shift
topic_label_v3_1_12000_10504,"I do not know the right starting point for Attention Mechanism, but I want to learn it.",Ecological Succession,Ecological Succession,What would make this obvious if I saw it somewhere else?,Attention Mechanism,explicit_topic_reference,0.88,True,v3.1 early_activity_augmented; scenario=one_topic_explicit_shift
topic_label_v3_1_12000_10505,"What I need next is circadian rhythm, especially the piece that makes the example work.",Cell Membrane Transport,Cell Membrane Transport,,Circadian Rhythm,explicit_topic_reference,0.98,True,v3.1 early_activity_augmented; scenario=one_topic_explicit_shift
topic_label_v3_1_12000_10506,"the new question is about motivation loops, not really about Memorization vs Understanding.",Memorization vs Understanding,Memorization vs Understanding,"The answer is there, but I do not know why it is the answer.",Motivation Loops,explicit_topic_reference,0.95,True,v3.1 early_activity_augmented; scenario=one_topic_explicit_shift
topic_label_v3_1_12000_10507,wait — could we park the other topic for a second and get into Air Pressure Systems?,Potential Energy,Potential Energy,"The answer is there, but I do not know why it is the answer.",Air Pressure Systems,explicit_topic_reference,0.90,True,v3.1 early_activity_augmented; scenario=one_topic_explicit_shift
topic_label_v3_1_12000_10508,"Profit Margin? I have heard the phrase, but I do not have a mental picture yet.",Laundry Symbols,Laundry Symbols,I might be missing the middle step.,Profit Margin,explicit_topic_reference,0.91,True,v3.1 early_activity_augmented; scenario=one_topic_explicit_shift
topic_label_v3_1_12000_10509,"small pivot: i thought the issue was Watersheds, but the thing I need now is camera framing.",Watersheds,Watersheds,"The answer is there, but I do not know why it is the answer.",Camera Framing,explicit_topic_reference,0.90,True,v3.1 early_activity_augmented; scenario=one_topic_explicit_shift
topic_label_v3_1_12000_10510,"Before we go further, I need a cleaner explanation of genetic drift.",Conversion Funnel,Conversion Funnel,,Genetic Drift,explicit_topic_reference,0.94,True,v3.1 early_activity_augmented; scenario=one_topic_explicit_shift
topic_label_v3_1_12000_10511,"Photosynthesis? I have heard the phrase, but I do not have a mental picture yet.",Battery Chemistry,Battery Chemistry,I tried making my own example and it immediately got messy.,Photosynthesis,explicit_topic_reference,0.88,True,v3.1 early_activity_augmented; scenario=one_topic_explicit_shift
topic_label_v3_1_12000_10512,"I can tell synaptic transmission matters, but I cannot tell what job it is doing.",Derivatives,Derivatives,"I can follow it while looking at the example, but I lose it when the wording changes.",Synaptic Transmission,explicit_topic_reference,0.92,True,v3.1 early_activity_augmented; scenario=one_topic_explicit_shift
topic_label_v3_1_12000_10513,I keep circling around chord progressions; maybe that should be the actual topic.,Emotional Regulation,Emotional Regulation,I think I understand the words but not the mechanism.,Chord Progressions,explicit_topic_reference,0.91,True,v3.1 early_activity_augmented; scenario=one_topic_explicit_shift
topic_label_v3_1_12000_10514,"it is embarrassing, but civil liberties vs civil rights still feels like a magic word to me.",Emotional Regulation,Emotional Regulation,,Civil Liberties vs Civil Rights,explicit_topic_reference,0.90,True,v3.1 early_activity_augmented; scenario=one_topic_explicit_shift
topic_label_v3_1_12000_10515,"I do not know the right starting point for electoral college, but I want to learn it.",Laundry Symbols,Laundry Symbols,,Electoral College,explicit_topic_reference,0.98,True,v3.1 early_activity_augmented; scenario=one_topic_explicit_shift
topic_label_v3_1_12000_10516,"Actually, the new question is about measuring ingredients, not really about Resonance.",Resonance,Resonance,,Measuring Ingredients,explicit_topic_reference,0.87,True,v3.1 early_activity_augmented; scenario=one_topic_explicit_shift
topic_label_v3_1_12000_10517,"wait — i thought the issue was Inductive Reasoning, but the thing I need now is le chatelier's principle.",Inductive Reasoning,Inductive Reasoning,I am trying not to memorize the surface pattern.,Le Chatelier's Principle,explicit_topic_reference,0.96,True,v3.1 early_activity_augmented; scenario=one_topic_explicit_shift
topic_label_v3_1_12000_10518,"instead of another overview, can we zoom in on Engines?",Statistical Significance,Statistical Significance,,Engines,explicit_topic_reference,0.96,True,v3.1 early_activity_augmented; scenario=one_topic_explicit_shift
topic_label_v3_1_12000_10519,"wait — air Pressure Systems is the thing I actually want to understand, not the broader unit around it.",Circadian Rhythm,Circadian Rhythm,"The example helped a little, but I still cannot transfer it.",Air Pressure Systems,explicit_topic_reference,0.96,True,v3.1 early_activity_augmented; scenario=one_topic_explicit_shift
topic_label_v3_1_12000_10520,"Actually, i am not asking about Spanish Pronouns anymore. The thing is training data bias.",Spanish Pronouns,Spanish Pronouns,,Training Data Bias,explicit_topic_reference,0.90,True,v3.1 early_activity_augmented; scenario=one_topic_explicit_shift
topic_label_v3_1_12000_10521,there is a way people explain carbon cycle that I am clearly missing.,Colonialism,Colonialism,,Carbon Cycle,explicit_topic_reference,0.90,True,v3.1 early_activity_augmented; scenario=one_topic_explicit_shift
topic_label_v3_1_12000_10522,"fight flight response? I have heard the phrase, but I do not have a mental picture yet.",Chain Rule,Chain Rule,I do not need more facts yet; I need the shape of it.,Fight-or-Flight Response,explicit_topic_reference,0.93,True,v3.1 early_activity_augmented; scenario=one_topic_explicit_shift
topic_label_v3_1_12000_10523,I keep circling around circadian rhythm; maybe that should be the actual topic.,Electron Configuration,Electron Configuration,"The answer is there, but I do not know why it is the answer.",Circadian Rhythm,explicit_topic_reference,0.88,True,v3.1 early_activity_augmented; scenario=one_topic_explicit_shift
topic_label_v3_1_12000_10524,small pivot: could we park the other topic for a second and get into Electoral College?,Room Acoustics,Room Acoustics,,Electoral College,explicit_topic_reference,0.87,True,v3.1 early_activity_augmented; scenario=one_topic_explicit_shift
topic_label_v3_1_12000_10525,which Spanish past tense to use feels like one of those phrases I repeat without knowing what it means.,Paragraph Transitions,Paragraph Transitions,,Preterite vs Imperfect,explicit_topic_reference,0.89,True,v3.1 early_activity_augmented; scenario=one_topic_explicit_shift
topic_label_v3_1_12000_10526,Caching — that is the thing I want MyWay to put in the learning space.,Register in Language,Register in Language,,Caching,explicit_topic_reference,0.95,True,v3.1 early_activity_augmented; scenario=one_topic_explicit_shift
topic_label_v3_1_12000_10527,What would Supply and Demand look like in a simple example?,Chemical Equilibrium,Chemical Equilibrium,,Supply and Demand,explicit_topic_reference,0.88,True,v3.1 early_activity_augmented; scenario=one_topic_explicit_shift
topic_label_v3_1_12000_10528,could the next topic be visual hierarchy? I need the gentle version first.,Residuals,Residuals,"The answer is there, but I do not know why it is the answer.",Visual Hierarchy,explicit_topic_reference,0.88,True,v3.1 early_activity_augmented; scenario=one_topic_explicit_shift
topic_label_v3_1_12000_10529,"ok not that — when people say Chemical Equilibrium, what should I be imagining?",Laundry Symbols,Laundry Symbols,"The answer is there, but I do not know why it is the answer.",Chemical Equilibrium,explicit_topic_reference,0.95,True,v3.1 early_activity_augmented; scenario=one_topic_explicit_shift
topic_label_v3_1_12000_10530,"instead of another overview, can we zoom in on wave-particle duality?",Procrastination,Procrastination,,Wave-Particle Duality,explicit_topic_reference,0.89,True,v3.1 early_activity_augmented; scenario=one_topic_explicit_shift
topic_label_v3_1_12000_10531,"ok, I think the better label for my confusion is typography.",Battery Chemistry,Battery Chemistry,,Typography,explicit_topic_reference,0.89,True,v3.1 early_activity_augmented; scenario=one_topic_explicit_shift
topic_label_v3_1_12000_10532,The example is fine; the concept I need is API Routes.,Measuring Ingredients,Measuring Ingredients,,API Routes,explicit_topic_reference,0.92,True,v3.1 early_activity_augmented; scenario=one_topic_explicit_shift
topic_label_v3_1_12000_10533,"ok not that — it is embarrassing, but Statistical Significance still feels like a magic word to me.",Action Potentials,Action Potentials,"I can recognize it after I see it, but I cannot produce it myself.",Statistical Significance,explicit_topic_reference,0.90,True,v3.1 early_activity_augmented; scenario=one_topic_explicit_shift
topic_label_v3_1_12000_10534,the actual blocker is Model Evaluation; I can name it now but I do not understand it.,Photosynthesis,Photosynthesis,,Model Evaluation,explicit_topic_reference,0.90,True,v3.1 early_activity_augmented; scenario=one_topic_explicit_shift
topic_label_v3_1_12000_10535,could the next topic be Model Evaluation? I need the gentle version first.,Industrial Revolution,Industrial Revolution,,Model Evaluation,explicit_topic_reference,0.93,True,v3.1 early_activity_augmented; scenario=one_topic_explicit_shift
topic_label_v3_1_12000_10536,"instead of another overview, can we zoom in on dopamine?",Industrial Revolution,Industrial Revolution,I might be missing the middle step.,Dopamine,explicit_topic_reference,0.96,True,v3.1 early_activity_augmented; scenario=one_topic_explicit_shift
topic_label_v3_1_12000_10537,the part that keeps slipping is genetic drift; everything else around it is kind of noise right now.,Hormone Regulation,Hormone Regulation,That sounded clear for five seconds and then disappeared.,Genetic Drift,explicit_topic_reference,0.87,True,v3.1 early_activity_augmented; scenario=one_topic_explicit_shift
topic_label_v3_1_12000_10538,"No dramatic question, just: javascript promises. I want to finally get what that means.",Derivatives,Derivatives,,JavaScript Promises,explicit_topic_reference,0.98,True,v3.1 early_activity_augmented; scenario=one_topic_explicit_shift
topic_label_v3_1_12000_10539,"wait — it is embarrassing, but circuit breakers still feels like a magic word to me.",Defamation,Defamation,I think I understand the words but not the mechanism.,Circuit Breakers,explicit_topic_reference,0.97,True,v3.1 early_activity_augmented; scenario=one_topic_explicit_shift
topic_label_v3_1_12000_10540,"different thing: if we were going to make stoichiometry easy, what would we start with?",Circuit Breakers,Circuit Breakers,,Stoichiometry,explicit_topic_reference,0.91,True,v3.1 early_activity_augmented; scenario=one_topic_explicit_shift
topic_label_v3_1_12000_10541,"No dramatic question, just: customer segmentation. I want to finally get what that means.",Rate Limits,Laundry Symbols | Rate Limits | Camera Framing,Can we make it less abstract? | I think I understand the words but not the mechanism.,Customer Segmentation,explicit_topic_reference,0.97,True,v3.1 early_activity_augmented; scenario=few_topic_explicit_shift
topic_label_v3_1_12000_10542,"I do not know the right starting point for derivatives, but I want to learn it.",Chain Rule,Oil Changes | Synaptic Transmission | Chain Rule | Chemical Equilibrium | Typography,"I can recognize it after I see it, but I cannot produce it myself. | What would make this obvious if I saw it somewhere else?",Derivatives,explicit_topic_reference,0.88,True,v3.1 early_activity_augmented; scenario=few_topic_explicit_shift
topic_label_v3_1_12000_10543,"What I need next is circadian rhythm, especially the piece that makes the example work.",Close Reading,Word Order in Spanish | Close Reading | Electoral College,Can we make it less abstract?,Circadian Rhythm,explicit_topic_reference,0.94,True,v3.1 early_activity_augmented; scenario=few_topic_explicit_shift
topic_label_v3_1_12000_10544,The example is fine; the concept I need is working memory.,Chemical Equilibrium,Profit Margin | Fight-or-Flight Response | Camera Framing | Chemical Equilibrium | Measuring Ingredients,,Working Memory,explicit_topic_reference,0.92,True,v3.1 early_activity_augmented; scenario=few_topic_explicit_shift
topic_label_v3_1_12000_10545,"Whenever map scale appears, the explanation starts feeling like another language. I know that might be a switch.",Cognitive Load,Training Data Bias | Cognitive Load,I want to know what to pay attention to first.,Map Scale,explicit_topic_reference,0.93,True,v3.1 early_activity_augmented; scenario=few_topic_explicit_shift
topic_label_v3_1_12000_10546,"Whenever fight-or-flight response appears, the explanation starts feeling like another language. Please do not attach it to the old label if it should be separate.",Camera Framing,Meal Planning | Camera Framing,,Fight-or-Flight Response,explicit_topic_reference,0.90,True,v3.1 early_activity_augmented; scenario=few_topic_explicit_shift
topic_label_v3_1_12000_10547,"this is probably a new topic, but Air Pressure Systems is what I am trying to ask about.",Propaganda,Straw Man Arguments | Propaganda,"What would make this obvious if I saw it somewhere else? | The first version made sense, then the second version made me realize I did not actually get the first one. | I can recognize it after I see it, but I cannot produce it myself.",Air Pressure Systems,explicit_topic_reference,0.96,True,v3.1 early_activity_augmented; scenario=few_topic_explicit_shift
topic_label_v3_1_12000_10548,the phrase trigonometry shows up and I just freeze; can we make it concrete?,Pay Stubs,Blood Pressure Regulation | Pay Stubs | Historical Significance | Correlation vs Causation | JavaScript Promises,,Trigonometry,explicit_topic_reference,0.91,True,v3.1 early_activity_augmented; scenario=few_topic_explicit_shift
topic_label_v3_1_12000_10549,say the topic is tire pressure; what is the first thing I should actually understand? I know that might be a switch.,Natural Selection,Natural Selection | Copyright Fair Use | Cold War Proxy Wars,"The answer is there, but I do not know why it is the answer. | That sounded clear for five seconds and then disappeared.",Tire Pressure,explicit_topic_reference,0.94,True,v3.1 early_activity_augmented; scenario=few_topic_explicit_shift
topic_label_v3_1_12000_10550,the part that keeps slipping is environment variables; everything else around it is kind of noise right now.,Direct Objects in Spanish,Direct Objects in Spanish | Civil Liberties vs Civil Rights,"I think I understand the words but not the mechanism. | I can recognize it after I see it, but I cannot produce it myself.",Environment Variables,explicit_topic_reference,0.93,True,v3.1 early_activity_augmented; scenario=few_topic_explicit_shift
topic_label_v3_1_12000_10551,quick pivot: required vs enough conditions. I want to understand the basic shape before details.,Enzyme Specificity,Enzyme Specificity | Conversion Funnel | Working Memory,,Necessary vs Sufficient Conditions,explicit_topic_reference,0.97,True,v3.1 early_activity_augmented; scenario=few_topic_explicit_shift
topic_label_v3_1_12000_10552,"I do not know the right starting point for reinforcement learning, but I want to learn it. Please do not attach it to the old label if it should be separate.",Tidal Energy,Treaty of Versailles | Panic Response | Cloud Formation | Blind Spot Checks | Tidal Energy,I might be missing the middle step.,Reinforcement Learning,explicit_topic_reference,0.89,True,v3.1 early_activity_augmented; scenario=few_topic_explicit_shift
topic_label_v3_1_12000_10553,lifetime value feels like one of those phrases I repeat without knowing what it means.,Osmosis,Fluid Pressure | Osmosis | Engines | Liability,That sounded clear for five seconds and then disappeared.,Lifetime Value,explicit_topic_reference,0.87,True,v3.1 early_activity_augmented; scenario=few_topic_explicit_shift
topic_label_v3_1_12000_10554,could the next topic be genetic drift? I need the gentle version first. Please do not attach it to the old label if it should be separate.,One-Point Perspective,One-Point Perspective | Transcription and Translation | Product-Market Fit | Photosynthesis | Action Potentials,"The first version made sense, then the second version made me realize I did not actually get the first one. | I keep mixing this up with the nearby idea.",Genetic Drift,explicit_topic_reference,0.87,True,v3.1 early_activity_augmented; scenario=few_topic_explicit_shift
topic_label_v3_1_12000_10555,say the topic is treaty of versailles; what is the first thing I should actually understand?,DNA Replication,Rate Limits | Lighting Ratios | DNA Replication | Immune Memory | Potential Energy,"The example helped a little, but I still cannot transfer it.",Treaty of Versailles,explicit_topic_reference,0.92,True,v3.1 early_activity_augmented; scenario=few_topic_explicit_shift
topic_label_v3_1_12000_10556,"I can tell Cloud Formation matters, but I cannot tell what job it is doing. It is not just a tiny follow-up.",Renewable Energy Grid,Renewable Energy Grid | Circadian Rhythm,Can we make it less abstract? | That sounded clear for five seconds and then disappeared.,Cloud Formation,explicit_topic_reference,0.95,True,v3.1 early_activity_augmented; scenario=few_topic_explicit_shift
topic_label_v3_1_12000_10557,the phrase Voltage vs Current shows up and I just freeze; can we make it concrete?,Virtue Ethics,Virtue Ethics | Trigonometry | Dependency Conflicts | Covalent Bonding,"I can recognize it after I see it, but I cannot produce it myself. | I do not need more facts yet; I need the shape of it. | I tried making my own example and it immediately got messy.",Voltage vs Current,explicit_topic_reference,0.90,True,v3.1 early_activity_augmented; scenario=few_topic_explicit_shift
topic_label_v3_1_12000_10558,could the next topic be Working Memory? I need the gentle version first. I know that might be a switch.,Fight-or-Flight Response,Fight-or-Flight Response | Idioms | JavaScript Promises,"The answer is there, but I do not know why it is the answer. | I do not need more facts yet; I need the shape of it. | That sounded clear for five seconds and then disappeared.",Working Memory,explicit_topic_reference,0.96,True,v3.1 early_activity_augmented; scenario=few_topic_explicit_shift
topic_label_v3_1_12000_10559,"Circadian Rhythm is the thing I actually want to understand, not the broader unit around it. Please do not attach it to the old label if it should be separate.",Dependency Conflicts,Dependency Conflicts | Light as a Wave and Particle,What would make this obvious if I saw it somewhere else? | I might be missing the middle step.,Circadian Rhythm,explicit_topic_reference,0.88,True,v3.1 early_activity_augmented; scenario=few_topic_explicit_shift
topic_label_v3_1_12000_10560,"this is probably a new topic, but vector search is what I am trying to ask about. It is not just a tiny follow-up.",Statistical Significance,Wave-Particle Duality | Hormone Regulation | Typography | Statistical Significance,,Vector Search,explicit_topic_reference,0.86,True,v3.1 early_activity_augmented; scenario=few_topic_explicit_shift
topic_label_v3_1_12000_10561,"Whenever plea bargains appears, the explanation starts feeling like another language. Please do not attach it to the old label if it should be separate.",Organic Functional Groups,Category Errors | Reading Comprehension | Chord Progressions | Organic Functional Groups,I tried making my own example and it immediately got messy. | What would make this obvious if I saw it somewhere else?,Plea Bargains,explicit_topic_reference,0.87,True,v3.1 early_activity_augmented; scenario=few_topic_explicit_shift
topic_label_v3_1_12000_10562,"I started somewhere else, but the confusion is landing on wave particle duality. I know that might be a switch.",Measuring Ingredients,Stoichiometry | Measuring Ingredients | Cash Flow,I am trying not to memorize the surface pattern. | I keep mixing this up with the nearby idea.,Wave-Particle Duality,explicit_topic_reference,0.93,True,v3.1 early_activity_augmented; scenario=few_topic_explicit_shift
topic_label_v3_1_12000_10563,"If we were going to make sodium-potassium pump easy, what would we start with? It is not just a tiny follow-up.",Deductive Reasoning,Deductive Reasoning | Chain Rule,Can we make it less abstract?,Sodium-Potassium Pump,explicit_topic_reference,0.96,True,v3.1 early_activity_augmented; scenario=few_topic_explicit_shift
topic_label_v3_1_12000_10564,"I can tell Caching matters, but I cannot tell what job it is doing.",Test Anxiety,Integrals | Test Anxiety | Enzyme Specificity,I keep mixing this up with the nearby idea.,Caching,explicit_topic_reference,0.95,True,v3.1 early_activity_augmented; scenario=few_topic_explicit_shift
topic_label_v3_1_12000_10565,"it is embarrassing, but Typography still feels like a magic word to me.",Biodiversity,REST APIs | Electricity | Working Memory | Biodiversity,What would make this obvious if I saw it somewhere else?,Typography,explicit_topic_reference,0.89,True,v3.1 early_activity_augmented; scenario=few_topic_explicit_shift
topic_label_v3_1_12000_10566,"ok, I think the better label for my confusion is civil liberties vs civil rights. I know that might be a switch.",Pragmatics,Pragmatics | Torque | TypeScript Generics | Copyright Fair Use,I keep mixing this up with the nearby idea.,Civil Liberties vs Civil Rights,explicit_topic_reference,0.92,True,v3.1 early_activity_augmented; scenario=few_topic_explicit_shift
topic_label_v3_1_12000_10567,"instead of another overview, can we zoom in on electricity? It is not just a tiny follow-up.",Neural Networks,Colonialism | Magnetic Induction | Neural Networks,That sounded clear for five seconds and then disappeared.,Electricity,explicit_topic_reference,0.92,True,v3.1 early_activity_augmented; scenario=few_topic_explicit_shift
topic_label_v3_1_12000_10568,"I started somewhere else, but the confusion is landing on Camera Framing.",Organic Functional Groups,Visual Hierarchy | Immune Memory | Dependency Conflicts | Organic Functional Groups,,Camera Framing,explicit_topic_reference,0.94,True,v3.1 early_activity_augmented; scenario=few_topic_explicit_shift
topic_label_v3_1_12000_10569,"ok, I think the better label for my confusion is Caching. Please do not attach it to the old label if it should be separate.",Circular Reasoning,Circular Reasoning | Paragraph Transitions,,Caching,explicit_topic_reference,0.88,True,v3.1 early_activity_augmented; scenario=few_topic_explicit_shift
topic_label_v3_1_12000_10570,could the next topic be Stoichiometry? I need the gentle version first.,Straw Man Arguments,Kidney Filtration | Straw Man Arguments | Test Anxiety | Resonance,"The answer is there, but I do not know why it is the answer. | I can follow it while looking at the example, but I lose it when the wording changes. | I can recognize it after I see it, but I cannot produce it myself.",Stoichiometry,explicit_topic_reference,0.91,True,v3.1 early_activity_augmented; scenario=few_topic_explicit_shift
topic_label_v3_1_12000_10571,"ok, I think the better label for my confusion is Circuit Breakers.",Cloud Formation,Cloud Formation | DNA Replication | Discourse Markers,"The answer is there, but I do not know why it is the answer. | I might be missing the middle step.",Circuit Breakers,explicit_topic_reference,0.87,True,v3.1 early_activity_augmented; scenario=few_topic_explicit_shift
topic_label_v3_1_12000_10572,"If we were going to make circuit breakers easy, what would we start with?",Magnetic Induction,Model Evaluation | Decision Fatigue | Magnetic Induction | Procrastination,,Circuit Breakers,explicit_topic_reference,0.97,True,v3.1 early_activity_augmented; scenario=few_topic_explicit_shift
topic_label_v3_1_12000_10573,quick pivot: Reinforcement Learning. I want to understand the basic shape before details.,Propaganda,Propaganda | Gesture Drawing | Password Hashing | Emotional Regulation | Civil Liberties vs Civil Rights,"I want to know what to pay attention to first. | The answer is there, but I do not know why it is the answer. | That sounded clear for five seconds and then disappeared.",Reinforcement Learning,explicit_topic_reference,0.97,True,v3.1 early_activity_augmented; scenario=few_topic_explicit_shift
topic_label_v3_1_12000_10574,"the new question is about function notation, not really about Deductive Reasoning.",Deductive Reasoning,Profit Margin | Deductive Reasoning,I keep mixing this up with the nearby idea.,Function Notation,explicit_topic_reference,0.90,True,v3.1 early_activity_augmented; scenario=few_topic_explicit_shift
topic_label_v3_1_12000_10575,"profit margin is the thing I actually want to understand, not the broader unit around it.",Pragmatics,Hormone Regulation | Doppler Effect | Pragmatics,Can we make it less abstract?,Profit Margin,explicit_topic_reference,0.88,True,v3.1 early_activity_augmented; scenario=few_topic_explicit_shift
topic_label_v3_1_12000_10576,I keep circling around fight flight response; maybe that should be the actual topic.,Panic Response,Blind Spot Checks | Panic Response | Copyright Fair Use | Electricity,"I can follow it while looking at the example, but I lose it when the wording changes.",Fight-or-Flight Response,explicit_topic_reference,0.88,True,v3.1 early_activity_augmented; scenario=few_topic_explicit_shift
topic_label_v3_1_12000_10577,"it is embarrassing, but trigonometry still feels like a magic word to me.",Reinforcement Learning,Residuals | Reinforcement Learning,"I can recognize it after I see it, but I cannot produce it myself. | I keep mixing this up with the nearby idea.",Trigonometry,explicit_topic_reference,0.87,True,v3.1 early_activity_augmented; scenario=few_topic_explicit_shift
topic_label_v3_1_12000_10578,I am not asking about Camera Framing anymore. The thing is Food Webs.,Camera Framing,Genetic Drift | Utilitarianism | Camera Framing,I might be missing the middle step. | I keep mixing this up with the nearby idea. | I think I understand the words but not the mechanism.,Food Webs,explicit_topic_reference,0.97,True,v3.1 early_activity_augmented; scenario=few_topic_explicit_shift
topic_label_v3_1_12000_10579,The example is fine; the concept I need is supply and demand.,Emotional Regulation,Fight-or-Flight Response | Integrals | Map Scale | Emotional Regulation,I tried making my own example and it immediately got messy.,Supply and Demand,explicit_topic_reference,0.89,True,v3.1 early_activity_augmented; scenario=few_topic_explicit_shift
topic_label_v3_1_12000_10580,"it is embarrassing, but meal planning still feels like a magic word to me.",Statistical Significance,Mole Concept | French Revolution Causes | Emotional Regulation | Statistical Significance,What would make this obvious if I saw it somewhere else?,Meal Planning,explicit_topic_reference,0.93,True,v3.1 early_activity_augmented; scenario=few_topic_explicit_shift
topic_label_v3_1_12000_10581,I am not asking about Tax Forms anymore. The thing is Attention Mechanism.,Tax Forms,Cloud Formation | Battery Chemistry | API Routes | Tax Forms | Confidence Intervals,I am trying not to memorize the surface pattern.,Attention Mechanism,explicit_topic_reference,0.97,True,v3.1 early_activity_augmented; scenario=few_topic_explicit_shift
topic_label_v3_1_12000_10582,"the new question is about statistical significance, not really about Plea Bargains. Please do not attach it to the old label if it should be separate.",Plea Bargains,Cell Membrane Transport | Plea Bargains | Confidence Intervals | Topic Sentences,,Statistical Significance,explicit_topic_reference,0.98,True,v3.1 early_activity_augmented; scenario=few_topic_explicit_shift
topic_label_v3_1_12000_10583,could the next topic be bayes theorem? I need the gentle version first. Please do not attach it to the old label if it should be separate.,Natural Selection,Natural Selection | Doppler Effect | False Cognates | Pragmatics,,Bayes Theorem,explicit_topic_reference,0.96,True,v3.1 early_activity_augmented; scenario=few_topic_explicit_shift
topic_label_v3_1_12000_10584,Can MyWay make a topic for Statistical Significance? That is what I want to work on.,Direct Objects in Spanish,Direct Objects in Spanish | Correlation vs Causation,I tried making my own example and it immediately got messy.,Statistical Significance,explicit_topic_reference,0.87,True,v3.1 early_activity_augmented; scenario=few_topic_explicit_shift
topic_label_v3_1_12000_10585,API Routes feels like one of those phrases I repeat without knowing what it means.,Civil Liberties vs Civil Rights,Civil Liberties vs Civil Rights | Systems of Equations | Voltage vs Current | Inventory Turnover | SQL Joins,"The example helped a little, but I still cannot transfer it. | The first version made sense, then the second version made me realize I did not actually get the first one.",API Routes,explicit_topic_reference,0.88,True,v3.1 early_activity_augmented; scenario=few_topic_explicit_shift
topic_label_v3_1_12000_10586,"Before we go further, I need a cleaner explanation of word order in spanish.",React Props,React Props | Customer Segmentation,I tried making my own example and it immediately got messy. | Can we make it less abstract?,Word Order in Spanish,explicit_topic_reference,0.95,True,v3.1 early_activity_augmented; scenario=few_topic_explicit_shift
topic_label_v3_1_12000_10587,Can MyWay make a topic for Treaty of Versailles? That is what I want to work on. It is not just a tiny follow-up.,Measuring Ingredients,Measuring Ingredients | React Props,"The answer is there, but I do not know why it is the answer. | The example helped a little, but I still cannot transfer it. | I think I understand the words but not the mechanism.",Treaty of Versailles,explicit_topic_reference,0.93,True,v3.1 early_activity_augmented; scenario=few_topic_explicit_shift
topic_label_v3_1_12000_10588,"What I need next is Dopamine, especially the piece that makes the example work. I know that might be a switch.",Pronoun Reference,Battery Chemistry | Tokenization | OAuth Flow | Pronoun Reference,I think I understand the words but not the mechanism. | What would make this obvious if I saw it somewhere else?,Dopamine,explicit_topic_reference,0.93,True,v3.1 early_activity_augmented; scenario=few_topic_explicit_shift
topic_label_v3_1_12000_10589,"typescript generics? I have heard the phrase, but I do not have a mental picture yet.",React Props,Map Scale | React Props | Unit Economics,,TypeScript Generics,explicit_topic_reference,0.89,True,v3.1 early_activity_augmented; scenario=few_topic_explicit_shift
topic_label_v3_1_12000_10590,the actual blocker is surface memorization vs understanding; I can name it now but I do not understand it. I know that might be a switch.,Chain Rule,Chain Rule | Reinforcement Learning,"I can follow it while looking at the example, but I lose it when the wording changes.",Memorization vs Understanding,explicit_topic_reference,0.95,True,v3.1 early_activity_augmented; scenario=few_topic_explicit_shift
topic_label_v3_1_12000_10591,"I thought the issue was Color Contrast, but the thing I need now is javascript promises.",Color Contrast,Organic Functional Groups | Color Contrast | Trigonometry | Market Positioning,I tried making my own example and it immediately got messy. | That sounded clear for five seconds and then disappeared.,JavaScript Promises,explicit_topic_reference,0.88,True,v3.1 early_activity_augmented; scenario=few_topic_explicit_shift
topic_label_v3_1_12000_10592,"I do not know the right starting point for motivation loops, but I want to learn it.",Regression Lines,Regression Lines | Topic Sentences,That sounded clear for five seconds and then disappeared. | I think I understand the words but not the mechanism.,Motivation Loops,explicit_topic_reference,0.88,True,v3.1 early_activity_augmented; scenario=few_topic_explicit_shift
topic_label_v3_1_12000_10593,What would separation of powers look like in a simple example?,Terminal Velocity,Terminal Velocity | Transcription and Translation | Working Memory | Insurance Deductible,"That sounded clear for five seconds and then disappeared. | I can recognize it after I see it, but I cannot produce it myself.",Separation of Powers,explicit_topic_reference,0.93,True,v3.1 early_activity_augmented; scenario=few_topic_explicit_shift
topic_label_v3_1_12000_10594,"I started somewhere else, but the confusion is landing on food webs. Please do not attach it to the old label if it should be separate.",Pragmatics,Churn Rate | Budgeting | Pragmatics | Circuit Breakers | World War I Causes,,Food Webs,explicit_topic_reference,0.97,True,v3.1 early_activity_augmented; scenario=few_topic_explicit_shift
topic_label_v3_1_12000_10595,"What I need next is genetic drift, especially the piece that makes the example work.",Civil Liberties vs Civil Rights,Civil Liberties vs Civil Rights | Quadratic Functions | Pragmatics | Attention Switching | Emergency Fund,"The example helped a little, but I still cannot transfer it. | What would make this obvious if I saw it somewhere else? | Can we make it less abstract?",Genetic Drift,explicit_topic_reference,0.91,True,v3.1 early_activity_augmented; scenario=few_topic_explicit_shift
topic_label_v3_1_12000_10596,"I can tell Camera Framing matters, but I cannot tell what job it is doing.",API Routes,API Routes | Natural Selection | Hormone Regulation | Discourse Markers,,Camera Framing,explicit_topic_reference,0.93,True,v3.1 early_activity_augmented; scenario=few_topic_explicit_shift
topic_label_v3_1_12000_10597,"cognitive load is the thing I actually want to understand, not the broader unit around it.",Cell Membrane Transport,Normal Distribution | Word Order in Spanish | Cell Membrane Transport | OAuth Flow,,Cognitive Load,explicit_topic_reference,0.94,True,v3.1 early_activity_augmented; scenario=few_topic_explicit_shift
topic_label_v3_1_12000_10598,the actual blocker is Tire Pressure; I can name it now but I do not understand it.,Problem of Induction,Problem of Induction | Pain Signals | Privacy Rights,,Tire Pressure,explicit_topic_reference,0.92,True,v3.1 early_activity_augmented; scenario=few_topic_explicit_shift
topic_label_v3_1_12000_10599,"reinforcement learning is the thing I actually want to understand, not the broader unit around it.",Gas Laws,Gas Laws | Doppler Effect | Tax Forms | Civil Liberties vs Civil Rights,,Reinforcement Learning,explicit_topic_reference,0.86,True,v3.1 early_activity_augmented; scenario=few_topic_explicit_shift
topic_label_v3_1_12000_10600,"when people say JavaScript Promises, what should I be imagining?",Tokenization,Pronoun Reference | Burden of Proof | Model Evaluation | Tokenization | OAuth Flow,"I might be missing the middle step. | The answer is there, but I do not know why it is the answer. | That sounded clear for five seconds and then disappeared.",JavaScript Promises,explicit_topic_reference,0.92,True,v3.1 early_activity_augmented; scenario=few_topic_explicit_shift
topic_label_v3_1_12000_10601,Electoral College feels like one of those phrases I repeat without knowing what it means.,Correlation vs Causation,Fluid Pressure | Organic Functional Groups | Correlation vs Causation | Fractions,,Electoral College,explicit_topic_reference,0.94,True,v3.1 early_activity_augmented; scenario=few_topic_explicit_shift
topic_label_v3_1_12000_10602,could the next topic be copyright fair use? I need the gentle version first.,Primary Source Analysis,World War I Causes | Le Chatelier's Principle | Sodium-Potassium Pump | Chord Progressions | Primary Source Analysis,,Copyright Fair Use,explicit_topic_reference,0.95,True,v3.1 early_activity_augmented; scenario=few_topic_explicit_shift
topic_label_v3_1_12000_10603,there is a way people explain Carbon Cycle that I am clearly missing.,Procrastination,Supply and Demand | Encryption | Plea Bargains | Procrastination | Cold War Proxy Wars,"What would make this obvious if I saw it somewhere else? | I can follow it while looking at the example, but I lose it when the wording changes.",Carbon Cycle,explicit_topic_reference,0.91,True,v3.1 early_activity_augmented; scenario=few_topic_explicit_shift
topic_label_v3_1_12000_10604,"it is embarrassing, but Derivatives still feels like a magic word to me.",Tire Pressure,Potential Energy | Le Chatelier's Principle | Tire Pressure | Necessary vs Sufficient Conditions,"That sounded clear for five seconds and then disappeared. | Can we make it less abstract? | The answer is there, but I do not know why it is the answer.",Derivatives,explicit_topic_reference,0.90,True,v3.1 early_activity_augmented; scenario=few_topic_explicit_shift
topic_label_v3_1_12000_10605,"when people say Action Potentials, what should I be imagining?",Burden of Proof,Burden of Proof | Motivation Loops | Correlation vs Causation | Reinforcement Learning | Attention Mechanism,"The answer is there, but I do not know why it is the answer. | I do not need more facts yet; I need the shape of it.",Action Potentials,explicit_topic_reference,0.97,True,v3.1 early_activity_augmented; scenario=few_topic_explicit_shift
topic_label_v3_1_12000_10606,"I do not know the right starting point for Bayes Theorem, but I want to learn it.",Direct Objects in Spanish,Direct Objects in Spanish | Electoral College | Dopamine,I might be missing the middle step. | I keep mixing this up with the nearby idea.,Bayes Theorem,explicit_topic_reference,0.89,True,v3.1 early_activity_augmented; scenario=few_topic_explicit_shift
topic_label_v3_1_12000_10607,"I thought the issue was Category Errors, but the thing I need now is derivatives.",Category Errors,Blind Spot Checks | Immune Memory | Category Errors | Light as a Wave and Particle,I do not need more facts yet; I need the shape of it. | What would make this obvious if I saw it somewhere else? | I am trying not to memorize the surface pattern.,Derivatives,explicit_topic_reference,0.97,True,v3.1 early_activity_augmented; scenario=few_topic_explicit_shift
topic_label_v3_1_12000_10608,"I do not know the right starting point for torque, but I want to learn it. It is not just a tiny follow-up.",Civil Liberties vs Civil Rights,Rate Limits | Civil Liberties vs Civil Rights | Osmosis | Measuring Ingredients,"The answer is there, but I do not know why it is the answer. | The example helped a little, but I still cannot transfer it.",Torque,explicit_topic_reference,0.86,True,v3.1 early_activity_augmented; scenario=few_topic_explicit_shift
topic_label_v3_1_12000_10609,"I started somewhere else, but the confusion is landing on rest apis.",Logical Fallacies,Hydration Errors | Logical Fallacies | Sodium-Potassium Pump,,REST APIs,explicit_topic_reference,0.92,True,v3.1 early_activity_augmented; scenario=few_topic_explicit_shift
topic_label_v3_1_12000_10610,the part that keeps slipping is needed versus enough; everything else around it is kind of noise right now.,Gas Laws,Oil Changes | Gas Laws | Logical Fallacies,That sounded clear for five seconds and then disappeared. | I might be missing the middle step.,Necessary vs Sufficient Conditions,explicit_topic_reference,0.96,True,v3.1 early_activity_augmented; scenario=few_topic_explicit_shift
topic_label_v3_1_12000_10611,"it is embarrassing, but wave-particle duality still feels like a magic word to me. It is not just a tiny follow-up.",Geothermal Energy,Historical Significance | Geothermal Energy | Straw Man Arguments | Watersheds | Trigonometry,I keep mixing this up with the nearby idea.,Wave-Particle Duality,explicit_topic_reference,0.92,True,v3.1 early_activity_augmented; scenario=few_topic_explicit_shift
topic_label_v3_1_12000_10612,"when people say Chemical Equilibrium, what should I be imagining?",JavaScript Promises,JavaScript Promises | SQL Joins | Shading Values,"The first version made sense, then the second version made me realize I did not actually get the first one. | Can we make it less abstract?",Chemical Equilibrium,explicit_topic_reference,0.90,True,v3.1 early_activity_augmented; scenario=few_topic_explicit_shift
topic_label_v3_1_12000_10613,"ok, I think the better label for my confusion is meal planning.",Map Scale,Necessary vs Sufficient Conditions | Map Scale | Kidney Filtration | Normal Distribution | Churn Rate,"I can follow it while looking at the example, but I lose it when the wording changes.",Meal Planning,explicit_topic_reference,0.88,True,v3.1 early_activity_augmented; scenario=few_topic_explicit_shift
topic_label_v3_1_12000_10614,Synaptic Transmission feels like one of those phrases I repeat without knowing what it means. It is not just a tiny follow-up.,One-Point Perspective,Ocean Currents | One-Point Perspective | Torque | Electric Fields,I keep mixing this up with the nearby idea. | I am trying not to memorize the surface pattern.,Synaptic Transmission,explicit_topic_reference,0.88,True,v3.1 early_activity_augmented; scenario=few_topic_explicit_shift
topic_label_v3_1_12000_10615,What would Neural Networks look like in a simple example? It is not just a tiny follow-up.,Statistical Significance,Laundry Symbols | Statistical Significance,"The first version made sense, then the second version made me realize I did not actually get the first one. | I might be missing the middle step.",Neural Networks,explicit_topic_reference,0.93,True,v3.1 early_activity_augmented; scenario=few_topic_explicit_shift
topic_label_v3_1_12000_10616,quick pivot: how meiosis is different from mitosis. I want to understand the basic shape before details. I know that might be a switch.,Insurance Deductible,Employment Standards | Insurance Deductible | Privacy Rights,That sounded clear for five seconds and then disappeared.,Mitosis vs Meiosis,explicit_topic_reference,0.96,True,v3.1 early_activity_augmented; scenario=few_topic_explicit_shift
topic_label_v3_1_12000_10617,"Before we go further, I need a cleaner explanation of regression lines. Please do not attach it to the old label if it should be separate.",Amortization,Amortization | Electron Configuration | Systems of Equations | Angular Momentum | Le Chatelier's Principle,"The answer is there, but I do not know why it is the answer.",Regression Lines,explicit_topic_reference,0.90,True,v3.1 early_activity_augmented; scenario=few_topic_explicit_shift
topic_label_v3_1_12000_10618,"this may sound random, but where does panic body response fit into the whole thing? I know that might be a switch.",Light as a Wave and Particle,Overfitting | Idioms | Cash Flow | Light as a Wave and Particle,,Fight-or-Flight Response,explicit_topic_reference,0.97,True,v3.1 early_activity_augmented; scenario=few_topic_explicit_shift
topic_label_v3_1_12000_10619,the actual blocker is Cognitive Load; I can name it now but I do not understand it.,Gas Laws,Gas Laws | Natural Selection | Product-Market Fit | Camera Framing | Insurance Deductible,Can we make it less abstract?,Cognitive Load,explicit_topic_reference,0.93,True,v3.1 early_activity_augmented; scenario=few_topic_explicit_shift
topic_label_v3_1_12000_10620,Stoichiometry — that is the thing I want MyWay to put in the learning space. Please do not attach it to the old label if it should be separate.,Straw Man Arguments,Circuit Breakers | Photosynthesis | Straw Man Arguments,,Stoichiometry,explicit_topic_reference,0.86,True,v3.1 early_activity_augmented; scenario=few_topic_explicit_shift
topic_label_v3_1_12000_10621,"I do not know the right starting point for Confidence Intervals, but I want to learn it. Please do not attach it to the old label if it should be separate.",Conceptual Analysis,Chemical Equilibrium | Food Webs | Preterite vs Imperfect | Working Memory | Conceptual Analysis,What would make this obvious if I saw it somewhere else? | I might be missing the middle step.,Confidence Intervals,explicit_topic_reference,0.87,True,v3.1 early_activity_augmented; scenario=few_topic_explicit_shift
topic_label_v3_1_12000_10622,"I started somewhere else, but the confusion is landing on trigonometry.",Systems of Equations,Systems of Equations | Colonialism | Bayes Theorem | Free Body Diagrams,Can we make it less abstract? | I think I understand the words but not the mechanism. | I tried making my own example and it immediately got messy.,Trigonometry,explicit_topic_reference,0.90,True,v3.1 early_activity_augmented; scenario=few_topic_explicit_shift
topic_label_v3_1_12000_10623,"I do not know the right starting point for the sodium potassium pump, but I want to learn it.",Ecological Succession,Ecological Succession | Doppler Effect,"The first version made sense, then the second version made me realize I did not actually get the first one. | That sounded clear for five seconds and then disappeared.",Sodium-Potassium Pump,explicit_topic_reference,0.89,True,v3.1 early_activity_augmented; scenario=few_topic_explicit_shift
topic_label_v3_1_12000_10624,the phrase TypeScript Generics shows up and I just freeze; can we make it concrete?,Preterite vs Imperfect,Inflammation | Preterite vs Imperfect,"That sounded clear for five seconds and then disappeared. | I can follow it while looking at the example, but I lose it when the wording changes.",TypeScript Generics,explicit_topic_reference,0.87,True,v3.1 early_activity_augmented; scenario=few_topic_explicit_shift
topic_label_v3_1_12000_10625,I keep circling around circuit breakers; maybe that should be the actual topic.,Overfitting,Overfitting | Product-Market Fit,I might be missing the middle step.,Circuit Breakers,explicit_topic_reference,0.86,True,v3.1 early_activity_augmented; scenario=few_topic_explicit_shift
topic_label_v3_1_12000_10626,the phrase voltage vs current shows up and I just freeze; can we make it concrete?,Lifetime Value,Cell Membrane Transport | Watersheds | Fight-or-Flight Response | Valid vs Sound Arguments | Lifetime Value,I want to know what to pay attention to first. | I am trying not to memorize the surface pattern.,Voltage vs Current,explicit_topic_reference,0.97,True,v3.1 early_activity_augmented; scenario=few_topic_explicit_shift
topic_label_v3_1_12000_10627,Function Notation — that is the thing I want MyWay to put in the learning space.,Digestive Enzymes,Digestive Enzymes | Amortization | Covalent Bonding | Market Positioning,"I want to know what to pay attention to first. | The first version made sense, then the second version made me realize I did not actually get the first one.",Function Notation,explicit_topic_reference,0.86,True,v3.1 early_activity_augmented; scenario=few_topic_explicit_shift
topic_label_v3_1_12000_10628,could the next topic be TypeScript Generics? I need the gentle version first.,Room Acoustics,Osmosis | Room Acoustics | French Pronunciation | Hydration Errors | Executive Orders,,TypeScript Generics,explicit_topic_reference,0.91,True,v3.1 early_activity_augmented; scenario=few_topic_explicit_shift
topic_label_v3_1_12000_10629,"Whenever close reading appears, the explanation starts feeling like another language.",Customer Segmentation,Customer Segmentation | JavaScript Promises,"The first version made sense, then the second version made me realize I did not actually get the first one. | I want to know what to pay attention to first.",Close Reading,explicit_topic_reference,0.93,True,v3.1 early_activity_augmented; scenario=few_topic_explicit_shift
topic_label_v3_1_12000_10630,"I keep seeing Cognitive Load mentioned, and I want to know what it is actually doing.",Circle of Fifths,Environment Variables | Circle of Fifths | React Props | Discourse Markers,,Cognitive Load,explicit_topic_reference,0.94,True,v3.1 early_activity_augmented; scenario=few_topic_explicit_shift
topic_label_v3_1_12000_10631,the part that keeps slipping is necessary vs sufficient conditions; everything else around it is kind of noise right now.,Tax Forms,Password Hashing | Tax Forms,"The first version made sense, then the second version made me realize I did not actually get the first one. | I am trying not to memorize the surface pattern.",Necessary vs Sufficient Conditions,explicit_topic_reference,0.93,True,v3.1 early_activity_augmented; scenario=few_topic_explicit_shift
topic_label_v3_1_12000_10632,the actual blocker is Trigonometry; I can name it now but I do not understand it.,Budgeting,Budgeting | Webhooks,I tried making my own example and it immediately got messy.,Trigonometry,explicit_topic_reference,0.94,True,v3.1 early_activity_augmented; scenario=few_topic_explicit_shift
topic_label_v3_1_12000_10633,"ok, I think the better label for my confusion is close reading.",Covalent Bonding,Covalent Bonding | Electricity,"What would make this obvious if I saw it somewhere else? | The example helped a little, but I still cannot transfer it.",Close Reading,explicit_topic_reference,0.88,True,v3.1 early_activity_augmented; scenario=few_topic_explicit_shift
topic_label_v3_1_12000_10634,"I do not know the right starting point for torque, but I want to learn it.",Air Pressure Systems,Electric Fields | Correlation vs Causation | Air Pressure Systems | Allergies | Password Hashing,"I can follow it while looking at the example, but I lose it when the wording changes. | The answer is there, but I do not know why it is the answer.",Torque,explicit_topic_reference,0.86,True,v3.1 early_activity_augmented; scenario=few_topic_explicit_shift
topic_label_v3_1_12000_10635,I keep circling around Regression Lines; maybe that should be the actual topic. Please do not attach it to the old label if it should be separate.,Le Chatelier's Principle,Supply and Demand | Photosynthesis | Natural Selection | Le Chatelier's Principle,"The example helped a little, but I still cannot transfer it. | That sounded clear for five seconds and then disappeared.",Regression Lines,explicit_topic_reference,0.97,True,v3.1 early_activity_augmented; scenario=few_topic_explicit_shift
topic_label_v3_1_12000_10636,I keep circling around Food Webs; maybe that should be the actual topic.,Passive Voice,Room Acoustics | Passive Voice | Engines | Pain Signals,,Food Webs,explicit_topic_reference,0.91,True,v3.1 early_activity_augmented; scenario=few_topic_explicit_shift
topic_label_v3_1_12000_10637,the phrase Attention Mechanism shows up and I just freeze; can we make it concrete?,Map Scale,Map Scale | Le Chatelier's Principle | Motivation Loops,"I can follow it while looking at the example, but I lose it when the wording changes. | I tried making my own example and it immediately got messy. | The answer is there, but I do not know why it is the answer.",Attention Mechanism,explicit_topic_reference,0.88,True,v3.1 early_activity_augmented; scenario=few_topic_explicit_shift
topic_label_v3_1_12000_10638,the actual blocker is Air Pressure Systems; I can name it now but I do not understand it. I know that might be a switch.,Plea Bargains,Plea Bargains | Password Hashing | Bayes Theorem,"I can recognize it after I see it, but I cannot produce it myself.",Air Pressure Systems,explicit_topic_reference,0.95,True,v3.1 early_activity_augmented; scenario=few_topic_explicit_shift
topic_label_v3_1_12000_10639,switching gears: Dopamine is what I want to learn about next.,Laundry Symbols,Laundry Symbols | TypeScript Generics | Wireframes | Oil Changes,,Dopamine,explicit_topic_reference,0.94,True,v3.1 early_activity_augmented; scenario=few_topic_explicit_shift
topic_label_v3_1_12000_10640,could we park the other topic for a second and get into separation of powers?,Liability,Electoral College | Systems of Equations | Contract Law Basics | Liability,"The example helped a little, but I still cannot transfer it. | I want to know what to pay attention to first. | I am trying not to memorize the surface pattern.",Separation of Powers,explicit_topic_reference,0.90,True,v3.1 early_activity_augmented; scenario=few_topic_explicit_shift
topic_label_v3_1_12000_10641,"it is embarrassing, but overfitting still feels like a magic word to me.",Knife Sharpening,Burden of Proof | Knife Sharpening,I want to know what to pay attention to first.,Overfitting,explicit_topic_reference,0.90,True,v3.1 early_activity_augmented; scenario=few_topic_explicit_shift
topic_label_v3_1_12000_10642,"I keep seeing Model Evaluation mentioned, and I want to know what it is actually doing.",Credit Card Interest,Burden of Proof | Historical Significance | Acids vs Bases | Normal Distribution | Credit Card Interest,"I am trying not to memorize the surface pattern. | The first version made sense, then the second version made me realize I did not actually get the first one.",Model Evaluation,explicit_topic_reference,0.87,True,v3.1 early_activity_augmented; scenario=few_topic_explicit_shift
topic_label_v3_1_12000_10643,"the new question is about function notation, not really about Watersheds.",Watersheds,Lifetime Value | Watersheds | Environment Variables | Tidal Energy,,Function Notation,explicit_topic_reference,0.92,True,v3.1 early_activity_augmented; scenario=few_topic_explicit_shift
topic_label_v3_1_12000_10644,budgeting feels like one of those phrases I repeat without knowing what it means. I know that might be a switch.,Electron Configuration,Electron Configuration | Oil Changes | Knife Skills,"I can follow it while looking at the example, but I lose it when the wording changes.",Budgeting,explicit_topic_reference,0.88,True,v3.1 early_activity_augmented; scenario=few_topic_explicit_shift
topic_label_v3_1_12000_10645,"the new question is about food webs, not really about Idioms. It is not just a tiny follow-up.",Idioms,Idioms | Food Safety | Churn Rate,I tried making my own example and it immediately got messy. | Can we make it less abstract?,Food Webs,explicit_topic_reference,0.92,True,v3.1 early_activity_augmented; scenario=few_topic_explicit_shift
topic_label_v3_1_12000_10646,Can MyWay make a topic for Natural Selection? That is what I want to work on. It is not just a tiny follow-up.,Attention Switching,Circadian Rhythm | Credit Card Interest | Attention Switching | Angular Momentum,"I want to know what to pay attention to first. | The answer is there, but I do not know why it is the answer.",Natural Selection,explicit_topic_reference,0.97,True,v3.1 early_activity_augmented; scenario=few_topic_explicit_shift
topic_label_v3_1_12000_10647,could the next topic be regression lines? I need the gentle version first.,SQL Joins,Confidence Intervals | SQL Joins | Natural Selection | Digestive Enzymes,"What would make this obvious if I saw it somewhere else? | I can recognize it after I see it, but I cannot produce it myself.",Regression Lines,explicit_topic_reference,0.89,True,v3.1 early_activity_augmented; scenario=few_topic_explicit_shift
topic_label_v3_1_12000_10648,"instead of another overview, can we zoom in on engines?",Paragraph Transitions,Paragraph Transitions | Passive Voice,That sounded clear for five seconds and then disappeared.,Engines,explicit_topic_reference,0.95,True,v3.1 early_activity_augmented; scenario=few_topic_explicit_shift
topic_label_v3_1_12000_10649,"Whenever why light can act like a wave and a particle appears, the explanation starts feeling like another language.",Cash Flow,Reading Comprehension | Emotional Regulation | Cash Flow | Executive Orders,"The example helped a little, but I still cannot transfer it. | I am trying not to memorize the surface pattern. | That sounded clear for five seconds and then disappeared.",Light as a Wave and Particle,explicit_topic_reference,0.91,True,v3.1 early_activity_augmented; scenario=few_topic_explicit_shift
topic_label_v3_1_12000_10650,say the topic is Quadratic Functions; what is the first thing I should actually understand?,Transcription and Translation,Tax Forms | Circular Reasoning | One-Point Perspective | Statistical Significance | Transcription and Translation,What would make this obvious if I saw it somewhere else? | I keep mixing this up with the nearby idea.,Quadratic Functions,explicit_topic_reference,0.95,True,v3.1 early_activity_augmented; scenario=few_topic_explicit_shift
topic_label_v3_1_12000_10651,"this may sound random, but where does fight-or-flight response fit into the whole thing?",Treaty of Versailles,Motivation Loops | REST APIs | Treaty of Versailles | Conceptual Analysis,,Fight-or-Flight Response,explicit_topic_reference,0.87,True,v3.1 early_activity_augmented; scenario=few_topic_explicit_shift
topic_label_v3_1_12000_10652,the part that keeps slipping is environment variables; everything else around it is kind of noise right now. Please do not attach it to the old label if it should be separate.,Product-Market Fit,Executive Function | Oil Changes | Product-Market Fit | Executive Orders | Password Hashing,I keep mixing this up with the nearby idea. | I might be missing the middle step. | I want to know what to pay attention to first.,Environment Variables,explicit_topic_reference,0.88,True,v3.1 early_activity_augmented; scenario=few_topic_explicit_shift
topic_label_v3_1_12000_10653,"when people say React Props, what should I be imagining?",Market Positioning,Market Positioning | Wave-Particle Duality | Le Chatelier's Principle | Integrals,I tried making my own example and it immediately got messy.,React Props,explicit_topic_reference,0.94,True,v3.1 early_activity_augmented; scenario=few_topic_explicit_shift
topic_label_v3_1_12000_10654,"when people say react props, what should I be imagining? I know that might be a switch.",Profit Margin,Profit Margin | Pronoun Reference | Carbon Cycle | Propaganda,I keep mixing this up with the nearby idea.,React Props,explicit_topic_reference,0.93,True,v3.1 early_activity_augmented; scenario=few_topic_explicit_shift
topic_label_v3_1_12000_10655,"I started somewhere else, but the confusion is landing on Free Body Diagrams.",Linear Equations,Linear Equations | Engines,I am trying not to memorize the surface pattern.,Free Body Diagrams,explicit_topic_reference,0.91,True,v3.1 early_activity_augmented; scenario=few_topic_explicit_shift
topic_label_v3_1_12000_10656,Vector Search feels like one of those phrases I repeat without knowing what it means.,Fractions,Climate Feedbacks | Fractions | Genetic Drift | Executive Orders | Measuring Ingredients,"The example helped a little, but I still cannot transfer it.",Vector Search,explicit_topic_reference,0.94,True,v3.1 early_activity_augmented; scenario=few_topic_explicit_shift
topic_label_v3_1_12000_10657,switching gears: copyright fair use is what I want to learn about next.,Encryption,Market Positioning | Pronoun Reference | Measuring Ingredients | Doppler Effect | Encryption,I might be missing the middle step. | I am trying not to memorize the surface pattern. | I want to know what to pay attention to first.,Copyright Fair Use,explicit_topic_reference,0.87,True,v3.1 early_activity_augmented; scenario=few_topic_explicit_shift
topic_label_v3_1_12000_10658,could the next topic be supply and demand? I need the gentle version first.,Gas Laws,Gas Laws | Dopamine,"I can follow it while looking at the example, but I lose it when the wording changes.",Supply and Demand,explicit_topic_reference,0.98,True,v3.1 early_activity_augmented; scenario=few_topic_explicit_shift
topic_label_v3_1_12000_10659,could the next topic be bayes theorem? I need the gentle version first.,Acids vs Bases,Acids vs Bases | Map Scale | Customer Segmentation | Propaganda,"I can recognize it after I see it, but I cannot produce it myself. | I can follow it while looking at the example, but I lose it when the wording changes.",Bayes Theorem,explicit_topic_reference,0.96,True,v3.1 early_activity_augmented; scenario=few_topic_explicit_shift
topic_label_v3_1_12000_10660,copyright fair use — that is the thing I want MyWay to put in the learning space.,Ocean Currents,One-Point Perspective | Ocean Currents | Privacy Rights,"The first version made sense, then the second version made me realize I did not actually get the first one.",Copyright Fair Use,explicit_topic_reference,0.89,True,v3.1 early_activity_augmented; scenario=few_topic_explicit_shift
topic_label_v3_1_12000_10661,which Spanish past tense to use feels like one of those phrases I repeat without knowing what it means.,SQL Joins,Checks and Balances | Primary Source Analysis | Circuit Breakers | SQL Joins,,Preterite vs Imperfect,explicit_topic_reference,0.93,True,v3.1 early_activity_augmented; scenario=few_topic_explicit_shift
topic_label_v3_1_12000_10662,REST APIs feels like one of those phrases I repeat without knowing what it means.,Electron Configuration,Regression Lines | Paragraph Transitions | Trigonometry | Electron Configuration,"The answer is there, but I do not know why it is the answer. | The first version made sense, then the second version made me realize I did not actually get the first one.",REST APIs,explicit_topic_reference,0.93,True,v3.1 early_activity_augmented; scenario=few_topic_explicit_shift
topic_label_v3_1_12000_10663,food webs feels like one of those phrases I repeat without knowing what it means.,Measuring Ingredients,Measuring Ingredients | Lifetime Value | French Pronunciation,"The answer is there, but I do not know why it is the answer. | I do not need more facts yet; I need the shape of it. | The first version made sense, then the second version made me realize I did not actually get the first one.",Food Webs,explicit_topic_reference,0.95,True,v3.1 early_activity_augmented; scenario=few_topic_explicit_shift
topic_label_v3_1_12000_10664,"when people say chord progressions, what should I be imagining?",Panic Response,Panic Response | Separation of Powers | Blind Spot Checks | Tenant Rights,"The answer is there, but I do not know why it is the answer. | I can recognize it after I see it, but I cannot produce it myself.",Chord Progressions,explicit_topic_reference,0.94,True,v3.1 early_activity_augmented; scenario=few_topic_explicit_shift
topic_label_v3_1_12000_10665,Can MyWay make a topic for Budgeting? That is what I want to work on. It is not just a tiny follow-up.,Contract Law Basics,Contract Law Basics | TypeScript Generics | DNA Replication | Executive Orders,"I can follow it while looking at the example, but I lose it when the wording changes. | I think I understand the words but not the mechanism.",Budgeting,explicit_topic_reference,0.90,True,v3.1 early_activity_augmented; scenario=few_topic_explicit_shift
topic_label_v3_1_12000_10666,air pressure systems — that is the thing I want MyWay to put in the learning space.,Circular Reasoning,Memorization vs Understanding | Circular Reasoning | Map Scale,"I tried making my own example and it immediately got messy. | The first version made sense, then the second version made me realize I did not actually get the first one.",Air Pressure Systems,explicit_topic_reference,0.98,True,v3.1 early_activity_augmented; scenario=few_topic_explicit_shift
topic_label_v3_1_12000_10667,"I can tell Na/K pump matters, but I cannot tell what job it is doing.",Hormone Regulation,Hormone Regulation | Defamation,,Sodium-Potassium Pump,explicit_topic_reference,0.89,True,v3.1 early_activity_augmented; scenario=few_topic_explicit_shift
topic_label_v3_1_12000_10668,The example is fine; the concept I need is chord progressions.,Utilitarianism,Doppler Effect | Utilitarianism | Defamation | Magnetic Induction,"I can follow it while looking at the example, but I lose it when the wording changes.",Chord Progressions,explicit_topic_reference,0.92,True,v3.1 early_activity_augmented; scenario=few_topic_explicit_shift
topic_label_v3_1_12000_10669,the part that keeps slipping is valid and sound arguments; everything else around it is kind of noise right now.,Reading Comprehension,Linear Equations | Free Will | Budgeting | Reading Comprehension | Privacy Rights,I tried making my own example and it immediately got messy. | I am trying not to memorize the surface pattern. | What would make this obvious if I saw it somewhere else?,Valid vs Sound Arguments,explicit_topic_reference,0.86,True,v3.1 early_activity_augmented; scenario=few_topic_explicit_shift
topic_label_v3_1_12000_10670,say the topic is reinforcement learning; what is the first thing I should actually understand?,Shading Values,Colonialism | Virtue Ethics | Shading Values,"I can recognize it after I see it, but I cannot produce it myself.",Reinforcement Learning,explicit_topic_reference,0.88,True,v3.1 early_activity_augmented; scenario=few_topic_explicit_shift
topic_label_v3_1_12000_10671,"not sure how to phrase this, but Quadratic Functions is where my brain keeps getting stuck.",Unit Economics,Latitude vs Longitude | Market Positioning | Tenant Rights | Unit Economics | Moral Luck,"The answer is there, but I do not know why it is the answer. | I tried making my own example and it immediately got messy.",Quadratic Functions,explicit_topic_reference,0.97,True,v3.1 early_activity_augmented; scenario=few_topic_explicit_shift
topic_label_v3_1_12000_10672,the actual blocker is the dual nature of light; I can name it now but I do not understand it.,React Props,React Props | Logical Fallacies,,Wave-Particle Duality,explicit_topic_reference,0.88,True,v3.1 early_activity_augmented; scenario=few_topic_explicit_shift
topic_label_v3_1_12000_10673,What would spanish pronouns look like in a simple example? I know that might be a switch.,SQL Joins,Air Pressure Systems | Model Evaluation | SQL Joins | Burden of Proof,"The first version made sense, then the second version made me realize I did not actually get the first one. | I am trying not to memorize the surface pattern.",Spanish Pronouns,explicit_topic_reference,0.92,True,v3.1 early_activity_augmented; scenario=few_topic_explicit_shift
topic_label_v3_1_12000_10674,quick pivot: statistical significance. I want to understand the basic shape before details.,Necessary vs Sufficient Conditions,Pragmatics | Fight-or-Flight Response | Necessary vs Sufficient Conditions | Tenant Rights | JavaScript Promises,,Statistical Significance,explicit_topic_reference,0.95,True,v3.1 early_activity_augmented; scenario=few_topic_explicit_shift
topic_label_v3_1_12000_10675,"it is embarrassing, but neural networks still feels like a magic word to me.",Procrastination,Procrastination | Burden of Proof,,Neural Networks,explicit_topic_reference,0.90,True,v3.1 early_activity_augmented; scenario=few_topic_explicit_shift
topic_label_v3_1_12000_10676,"I do not know the right starting point for synaptic transmission, but I want to learn it.",Motivation Loops,Circular Reasoning | Motivation Loops,,Synaptic Transmission,explicit_topic_reference,0.87,True,v3.1 early_activity_augmented; scenario=few_topic_explicit_shift
topic_label_v3_1_12000_10677,could the next topic be supply and demand? I need the gentle version first. Please do not attach it to the old label if it should be separate.,Camera Framing,Electricity | Bayes Theorem | Camera Framing,,Supply and Demand,explicit_topic_reference,0.89,True,v3.1 early_activity_augmented; scenario=few_topic_explicit_shift
topic_label_v3_1_12000_10678,could the next topic be REST APIs? I need the gentle version first.,Action Potentials,Food Webs | Cash Flow | DNA Replication | Action Potentials,"The example helped a little, but I still cannot transfer it.",REST APIs,explicit_topic_reference,0.90,True,v3.1 early_activity_augmented; scenario=few_topic_explicit_shift
topic_label_v3_1_12000_10679,Confidence Intervals — that is the thing I want MyWay to put in the learning space.,Tidal Energy,Tidal Energy | Fight-or-Flight Response | Virtue Ethics,,Confidence Intervals,explicit_topic_reference,0.86,True,v3.1 early_activity_augmented; scenario=few_topic_explicit_shift
topic_label_v3_1_12000_10680,there is a way people explain Circadian Rhythm that I am clearly missing.,Panic Response,Panic Response | Deductive Reasoning | Utilitarianism | Procrastination | Color Contrast,,Circadian Rhythm,explicit_topic_reference,0.97,True,v3.1 early_activity_augmented; scenario=few_topic_explicit_shift
topic_label_v3_1_12000_10681,The example is fine; the concept I need is mitosis versus meiosis.,Torque,Utilitarianism | Torque,"The example helped a little, but I still cannot transfer it. | The answer is there, but I do not know why it is the answer. | Can we make it less abstract?",Mitosis vs Meiosis,explicit_topic_reference,0.90,True,v3.1 early_activity_augmented; scenario=few_topic_explicit_shift
topic_label_v3_1_12000_10682,"Whenever how meiosis is different from mitosis appears, the explanation starts feeling like another language.",Allergies,Deductive Reasoning | Allergies,I am trying not to memorize the surface pattern.,Mitosis vs Meiosis,explicit_topic_reference,0.97,True,v3.1 early_activity_augmented; scenario=few_topic_explicit_shift
topic_label_v3_1_12000_10683,quick pivot: bayes theorem. I want to understand the basic shape before details.,Word Order in Spanish,Fluid Pressure | Word Order in Spanish | Deductive Reasoning | Natural Selection,,Bayes Theorem,explicit_topic_reference,0.90,True,v3.1 early_activity_augmented; scenario=few_topic_explicit_shift
topic_label_v3_1_12000_10684,"I do not know the right starting point for Civil Liberties vs Civil Rights, but I want to learn it. I know that might be a switch.",Contract Law Basics,Contract Law Basics | SQL Joins | Industrial Revolution | Immune Memory,Can we make it less abstract? | That sounded clear for five seconds and then disappeared. | I do not need more facts yet; I need the shape of it.,Civil Liberties vs Civil Rights,explicit_topic_reference,0.97,True,v3.1 early_activity_augmented; scenario=few_topic_explicit_shift
topic_label_v3_1_12000_10685,I am not asking about Derivatives anymore. The thing is REST APIs.,Derivatives,Conceptual Analysis | Circular Reasoning | Derivatives,"The first version made sense, then the second version made me realize I did not actually get the first one.",REST APIs,explicit_topic_reference,0.96,True,v3.1 early_activity_augmented; scenario=few_topic_explicit_shift
topic_label_v3_1_12000_10686,"No dramatic question, just: mitosis vs meiosis. I want to finally get what that means.",World War I Causes,Overfitting | World War I Causes,"The first version made sense, then the second version made me realize I did not actually get the first one. | I tried making my own example and it immediately got messy. | I think I understand the words but not the mechanism.",Mitosis vs Meiosis,explicit_topic_reference,0.89,True,v3.1 early_activity_augmented; scenario=few_topic_explicit_shift
topic_label_v3_1_12000_10687,Chord Progressions feels like one of those phrases I repeat without knowing what it means.,Bayes Theorem,Bayes Theorem | French Revolution Causes,Can we make it less abstract? | I do not need more facts yet; I need the shape of it.,Chord Progressions,explicit_topic_reference,0.96,True,v3.1 early_activity_augmented; scenario=few_topic_explicit_shift
topic_label_v3_1_12000_10688,What would Vector Search look like in a simple example? Please do not attach it to the old label if it should be separate.,Straw Man Arguments,Straw Man Arguments | Topic Sentences,I tried making my own example and it immediately got messy.,Vector Search,explicit_topic_reference,0.90,True,v3.1 early_activity_augmented; scenario=few_topic_explicit_shift
topic_label_v3_1_12000_10689,"I thought the issue was Light as a Wave and Particle, but the thing I need now is Plea Bargains.",Light as a Wave and Particle,Food Webs | Light as a Wave and Particle,,Plea Bargains,explicit_topic_reference,0.97,True,v3.1 early_activity_augmented; scenario=few_topic_explicit_shift
topic_label_v3_1_12000_10690,"not sure how to phrase this, but the login redirect flow is where my brain keeps getting stuck. I know that might be a switch.",Customer Segmentation,Tidal Energy | Customer Segmentation | Carbon Cycle | Deontology | Colonialism,,OAuth Flow,explicit_topic_reference,0.89,True,v3.1 early_activity_augmented; scenario=few_topic_explicit_shift
topic_label_v3_1_12000_10691,sodium-potassium pump feels like one of those phrases I repeat without knowing what it means.,Propaganda,Propaganda | Deontology | Shading Values | Tokenization,What would make this obvious if I saw it somewhere else?,Sodium-Potassium Pump,explicit_topic_reference,0.87,True,v3.1 early_activity_augmented; scenario=few_topic_explicit_shift
topic_label_v3_1_12000_10692,dopamine feels like one of those phrases I repeat without knowing what it means.,Webhooks,Battery Chemistry | Webhooks,I keep mixing this up with the nearby idea.,Dopamine,explicit_topic_reference,0.89,True,v3.1 early_activity_augmented; scenario=few_topic_explicit_shift
topic_label_v3_1_12000_10693,The example is fine; the concept I need is derivatives.,Mole Concept,Executive Function | Mole Concept | Photosynthesis | Logical Fallacies,"I might be missing the middle step. | The answer is there, but I do not know why it is the answer.",Derivatives,explicit_topic_reference,0.95,True,v3.1 early_activity_augmented; scenario=few_topic_explicit_shift
topic_label_v3_1_12000_10694,"instead of another overview, can we zoom in on Training Data Bias?",Decision Fatigue,Deductive Reasoning | Decision Fatigue,,Training Data Bias,explicit_topic_reference,0.89,True,v3.1 early_activity_augmented; scenario=few_topic_explicit_shift
topic_label_v3_1_12000_10695,"I keep seeing stoichiometry mentioned, and I want to know what it is actually doing.",Kidney Filtration,Category Errors | Kidney Filtration | Unit Economics,"The answer is there, but I do not know why it is the answer.",Stoichiometry,explicit_topic_reference,0.96,True,v3.1 early_activity_augmented; scenario=few_topic_explicit_shift
topic_label_v3_1_12000_10696,the part that keeps slipping is meal planning; everything else around it is kind of noise right now.,Working Memory,Supply and Demand | Treaty of Versailles | Working Memory | Residuals,"I tried making my own example and it immediately got messy. | I can recognize it after I see it, but I cannot produce it myself.",Meal Planning,explicit_topic_reference,0.87,True,v3.1 early_activity_augmented; scenario=few_topic_explicit_shift
topic_label_v3_1_12000_10697,switching gears: photosynthesis is what I want to learn about next.,Acids vs Bases,Stoichiometry | Acids vs Bases | Wireframes | OAuth Flow,"That sounded clear for five seconds and then disappeared. | The first version made sense, then the second version made me realize I did not actually get the first one.",Photosynthesis,explicit_topic_reference,0.95,True,v3.1 early_activity_augmented; scenario=few_topic_explicit_shift
topic_label_v3_1_12000_10698,"I keep seeing Cognitive Load mentioned, and I want to know what it is actually doing.",Trigonometry,OAuth Flow | Circle of Fifths | Correlation vs Causation | Trigonometry | Cold War Proxy Wars,"The first version made sense, then the second version made me realize I did not actually get the first one. | I tried making my own example and it immediately got messy. | I am trying not to memorize the surface pattern.",Cognitive Load,explicit_topic_reference,0.95,True,v3.1 early_activity_augmented; scenario=few_topic_explicit_shift
topic_label_v3_1_12000_10699,"instead of another overview, can we zoom in on engines? Please do not attach it to the old label if it should be separate.",Cloud Formation,Cloud Formation | Action Potentials,I might be missing the middle step. | I want to know what to pay attention to first.,Engines,explicit_topic_reference,0.92,True,v3.1 early_activity_augmented; scenario=few_topic_explicit_shift
topic_label_v3_1_12000_10700,could we park the other topic for a second and get into Bayes Theorem?,Potential Energy,Environment Variables | Potential Energy,I am trying not to memorize the surface pattern. | I tried making my own example and it immediately got messy.,Bayes Theorem,explicit_topic_reference,0.87,True,v3.1 early_activity_augmented; scenario=few_topic_explicit_shift
topic_label_v3_1_12000_10701,"the new question is about Circuit Breakers, not really about Encryption.",Encryption,Topic Sentences | Contract Law Basics | Encryption | Fractions,I want to know what to pay attention to first. | I keep mixing this up with the nearby idea.,Circuit Breakers,explicit_topic_reference,0.94,True,v3.1 early_activity_augmented; scenario=few_topic_explicit_shift
topic_label_v3_1_12000_10702,there is a way people explain javascript promises that I am clearly missing.,Supply and Demand,Function Notation | Supply and Demand,,JavaScript Promises,explicit_topic_reference,0.90,True,v3.1 early_activity_augmented; scenario=few_topic_explicit_shift
topic_label_v3_1_12000_10703,"Quadratic Functions? I have heard the phrase, but I do not have a mental picture yet.",Utilitarianism,Moral Luck | Model Evaluation | Defamation | Tire Pressure | Utilitarianism,"I might be missing the middle step. | The example helped a little, but I still cannot transfer it.",Quadratic Functions,explicit_topic_reference,0.97,True,v3.1 early_activity_augmented; scenario=few_topic_explicit_shift
topic_label_v3_1_12000_10704,I am not asking about Free Body Diagrams anymore. The thing is Cell Membrane Transport.,Free Body Diagrams,Free Body Diagrams | Register in Language,I am trying not to memorize the surface pattern. | That sounded clear for five seconds and then disappeared.,Cell Membrane Transport,explicit_topic_reference,0.97,True,v3.1 early_activity_augmented; scenario=few_topic_explicit_shift
topic_label_v3_1_12000_10705,quick pivot: Quadratic Functions. I want to understand the basic shape before details.,Market Positioning,Market Positioning | Neural Networks,,Quadratic Functions,explicit_topic_reference,0.87,True,v3.1 early_activity_augmented; scenario=few_topic_explicit_shift
topic_label_v3_1_12000_10706,"What I need next is Working Memory, especially the piece that makes the example work.",Conceptual Analysis,Conceptual Analysis | Quadratic Functions | Memorization vs Understanding | Executive Orders,I think I understand the words but not the mechanism.,Working Memory,explicit_topic_reference,0.87,True,v3.1 early_activity_augmented; scenario=few_topic_explicit_shift
topic_label_v3_1_12000_10707,"not sure how to phrase this, but circadian rhythm is where my brain keeps getting stuck.",Executive Function,Linear Equations | Executive Function | Preterite vs Imperfect | Fluid Pressure | Lifetime Value,,Circadian Rhythm,explicit_topic_reference,0.88,True,v3.1 early_activity_augmented; scenario=few_topic_explicit_shift
topic_label_v3_1_12000_10708,could we park the other topic for a second and get into training data bias? Please do not attach it to the old label if it should be separate.,Procrastination,Watersheds | Procrastination,I keep mixing this up with the nearby idea. | I might be missing the middle step. | I do not need more facts yet; I need the shape of it.,Training Data Bias,explicit_topic_reference,0.95,True,v3.1 early_activity_augmented; scenario=few_topic_explicit_shift
topic_label_v3_1_12000_10709,"I thought the issue was Blood Pressure Regulation, but the thing I need now is cell membrane transport.",Blood Pressure Regulation,Fractions | Idioms | Blood Pressure Regulation | Vector Search | Lighting Ratios,"The first version made sense, then the second version made me realize I did not actually get the first one.",Cell Membrane Transport,explicit_topic_reference,0.94,True,v3.1 early_activity_augmented; scenario=few_topic_explicit_shift
topic_label_v3_1_12000_10710,"visual hierarchy is the thing I actually want to understand, not the broader unit around it.",Topic Sentences,Topic Sentences | Terminal Velocity | Market Positioning | Hydration Errors | Immune Memory,"I can recognize it after I see it, but I cannot produce it myself.",Visual Hierarchy,explicit_topic_reference,0.97,True,v3.1 early_activity_augmented; scenario=few_topic_explicit_shift
topic_label_v3_1_12000_10711,"close reading? I have heard the phrase, but I do not have a mental picture yet.",Stoichiometry,Preterite vs Imperfect | Stoichiometry,"The first version made sense, then the second version made me realize I did not actually get the first one. | I keep mixing this up with the nearby idea.",Close Reading,explicit_topic_reference,0.92,True,v3.1 early_activity_augmented; scenario=few_topic_explicit_shift
topic_label_v3_1_12000_10712,the phrase synaptic transmission shows up and I just freeze; can we make it concrete?,Genetic Drift,Genetic Drift | Normal Distribution,I am trying not to memorize the surface pattern. | Can we make it less abstract?,Synaptic Transmission,explicit_topic_reference,0.91,True,v3.1 early_activity_augmented; scenario=few_topic_explicit_shift
topic_label_v3_1_12000_10713,the phrase Overfitting shows up and I just freeze; can we make it concrete?,Camera Framing,Chain Rule | Camera Framing | Hydration Errors | Pain Signals | Defamation,I want to know what to pay attention to first.,Overfitting,explicit_topic_reference,0.94,True,v3.1 early_activity_augmented; scenario=few_topic_explicit_shift
topic_label_v3_1_12000_10714,Caching feels like one of those phrases I repeat without knowing what it means. Please do not attach it to the old label if it should be separate.,Tax Forms,Moral Luck | Tax Forms | Oil Changes,"I can recognize it after I see it, but I cannot produce it myself.",Caching,explicit_topic_reference,0.87,True,v3.1 early_activity_augmented; scenario=few_topic_explicit_shift
topic_label_v3_1_12000_10715,"If we were going to make Treaty of Versailles easy, what would we start with?",Conversion Funnel,Conversion Funnel | Light as a Wave and Particle,What would make this obvious if I saw it somewhere else?,Treaty of Versailles,explicit_topic_reference,0.96,True,v3.1 early_activity_augmented; scenario=few_topic_explicit_shift
topic_label_v3_1_12000_10716,"If we were going to make typescript generics easy, what would we start with?",Gesture Drawing,Close Reading | Gesture Drawing | Civil Liberties vs Civil Rights | Necessary vs Sufficient Conditions,"What would make this obvious if I saw it somewhere else? | I can recognize it after I see it, but I cannot produce it myself. | I am trying not to memorize the surface pattern.",TypeScript Generics,explicit_topic_reference,0.95,True,v3.1 early_activity_augmented; scenario=few_topic_explicit_shift
topic_label_v3_1_12000_10717,"I thought the issue was Checks and Balances, but the thing I need now is reinforcement learning.",Checks and Balances,Circle of Fifths | Map Scale | Checks and Balances,"The answer is there, but I do not know why it is the answer.",Reinforcement Learning,explicit_topic_reference,0.94,True,v3.1 early_activity_augmented; scenario=few_topic_explicit_shift
topic_label_v3_1_12000_10718,could the next topic be Le Chatelier's Principle? I need the gentle version first.,Customer Segmentation,Customer Segmentation | Ecological Succession | Statistical Significance | Blood Pressure Regulation | Genetic Drift,,Le Chatelier's Principle,explicit_topic_reference,0.92,True,v3.1 early_activity_augmented; scenario=few_topic_explicit_shift
topic_label_v3_1_12000_10719,react props feels like one of those phrases I repeat without knowing what it means.,Circle of Fifths,Industrial Revolution | Circle of Fifths | Ocean Currents,"The example helped a little, but I still cannot transfer it. | Can we make it less abstract?",React Props,explicit_topic_reference,0.87,True,v3.1 early_activity_augmented; scenario=few_topic_explicit_shift
topic_label_v3_1_12000_10720,there is a way people explain Chemical Equilibrium that I am clearly missing. I know that might be a switch.,Derivatives,Gas Laws | Conceptual Analysis | Derivatives | Transcription and Translation,"The answer is there, but I do not know why it is the answer. | What would make this obvious if I saw it somewhere else?",Chemical Equilibrium,explicit_topic_reference,0.88,True,v3.1 early_activity_augmented; scenario=few_topic_explicit_shift
topic_label_v3_1_12000_10721,"this is probably a new topic, but Copyright Fair Use is what I am trying to ask about.",Deductive Reasoning,Deductive Reasoning | Inventory Turnover,What would make this obvious if I saw it somewhere else?,Copyright Fair Use,explicit_topic_reference,0.86,True,v3.1 early_activity_augmented; scenario=few_topic_explicit_shift
topic_label_v3_1_12000_10722,switching gears: caching is what I want to learn about next. Please do not attach it to the old label if it should be separate.,False Cognates,Natural Selection | False Cognates | One-Point Perspective | Circular Reasoning | SQL Joins,What would make this obvious if I saw it somewhere else? | I want to know what to pay attention to first.,Caching,explicit_topic_reference,0.91,True,v3.1 early_activity_augmented; scenario=few_topic_explicit_shift
topic_label_v3_1_12000_10723,say the topic is surface memorization vs understanding; what is the first thing I should actually understand? I know that might be a switch.,Discourse Markers,Circadian Rhythm | Air Pressure Systems | Discourse Markers | Natural Selection,"I am trying not to memorize the surface pattern. | The first version made sense, then the second version made me realize I did not actually get the first one.",Memorization vs Understanding,explicit_topic_reference,0.95,True,v3.1 early_activity_augmented; scenario=few_topic_explicit_shift
topic_label_v3_1_12000_10724,"I started somewhere else, but the confusion is landing on circuit breakers. I know that might be a switch.",Historical Significance,Historical Significance | Burden of Proof | Lifetime Value,,Circuit Breakers,explicit_topic_reference,0.95,True,v3.1 early_activity_augmented; scenario=few_topic_explicit_shift
topic_label_v3_1_12000_10725,the phrase REST APIs shows up and I just freeze; can we make it concrete?,Colonialism,Memorization vs Understanding | Colonialism | Climate Feedbacks | Free Body Diagrams,I am trying not to memorize the surface pattern.,REST APIs,explicit_topic_reference,0.88,True,v3.1 early_activity_augmented; scenario=few_topic_explicit_shift
topic_label_v3_1_12000_10726,"I thought the issue was Cognitive Load, but the thing I need now is chemical equilibrium.",Cognitive Load,Cognitive Load | Food Webs,That sounded clear for five seconds and then disappeared. | I am trying not to memorize the surface pattern. | I might be missing the middle step.,Chemical Equilibrium,explicit_topic_reference,0.89,True,v3.1 early_activity_augmented; scenario=few_topic_explicit_shift
topic_label_v3_1_12000_10727,say the topic is customer segmentation; what is the first thing I should actually understand?,SQL Joins,Magnetic Induction | Industrial Revolution | SQL Joins | Pain Signals | Overfitting,I might be missing the middle step. | I tried making my own example and it immediately got messy.,Customer Segmentation,explicit_topic_reference,0.92,True,v3.1 early_activity_augmented; scenario=few_topic_explicit_shift
topic_label_v3_1_12000_10728,"Electricity is the thing I actually want to understand, not the broader unit around it.",Latitude vs Longitude,Dopamine | Circle of Fifths | Latitude vs Longitude | Contract Law Basics,"I can follow it while looking at the example, but I lose it when the wording changes. | I tried making my own example and it immediately got messy.",Electricity,explicit_topic_reference,0.95,True,v3.1 early_activity_augmented; scenario=few_topic_explicit_shift
topic_label_v3_1_12000_10729,"sodium-potassium pump? I have heard the phrase, but I do not have a mental picture yet.",Insurance Deductible,Copyright Fair Use | Insurance Deductible,,Sodium-Potassium Pump,explicit_topic_reference,0.92,True,v3.1 early_activity_augmented; scenario=few_topic_explicit_shift
topic_label_v3_1_12000_10730,"ok, I think the better label for my confusion is Motivation Loops.",SQL Joins,JavaScript Promises | Problem of Induction | SQL Joins | Chain Rule | Fractions,"I might be missing the middle step. | The first version made sense, then the second version made me realize I did not actually get the first one. | Can we make it less abstract?",Motivation Loops,explicit_topic_reference,0.90,True,v3.1 early_activity_augmented; scenario=few_topic_explicit_shift
topic_label_v3_1_12000_10731,quick pivot: model evaluation. I want to understand the basic shape before details.,Doppler Effect,Synaptic Transmission | Doppler Effect | Food Webs | Typography,,Model Evaluation,explicit_topic_reference,0.88,True,v3.1 early_activity_augmented; scenario=few_topic_explicit_shift
topic_label_v3_1_12000_10732,Quadratic Functions feels like one of those phrases I repeat without knowing what it means.,Deductive Reasoning,Inventory Turnover | Deductive Reasoning | Terminal Velocity,,Quadratic Functions,explicit_topic_reference,0.95,True,v3.1 early_activity_augmented; scenario=few_topic_explicit_shift
topic_label_v3_1_12000_10733,"instead of another overview, can we zoom in on javascript promises? I know that might be a switch.",Amortization,Pay Stubs | Amortization | Map Scale,,JavaScript Promises,explicit_topic_reference,0.87,True,v3.1 early_activity_augmented; scenario=few_topic_explicit_shift
topic_label_v3_1_12000_10734,"this may sound random, but where does environment variables fit into the whole thing?",Lifetime Value,French Revolution Causes | Tokenization | Lifetime Value | Register in Language,I keep mixing this up with the nearby idea. | I think I understand the words but not the mechanism.,Environment Variables,explicit_topic_reference,0.97,True,v3.1 early_activity_augmented; scenario=few_topic_explicit_shift
topic_label_v3_1_12000_10735,the phrase chemical equilibrium shows up and I just freeze; can we make it concrete?,Spanish Pronouns,Virtue Ethics | Attention Switching | API Routes | Spanish Pronouns | Simple Harmonic Motion,,Chemical Equilibrium,explicit_topic_reference,0.97,True,v3.1 early_activity_augmented; scenario=few_topic_explicit_shift
topic_label_v3_1_12000_10736,"not sure how to phrase this, but Cloud Formation is where my brain keeps getting stuck.",Lifetime Value,Lifetime Value | Conceptual Analysis,"I am trying not to memorize the surface pattern. | The answer is there, but I do not know why it is the answer.",Cloud Formation,explicit_topic_reference,0.95,True,v3.1 early_activity_augmented; scenario=few_topic_explicit_shift
topic_label_v3_1_12000_10737,"I started somewhere else, but the confusion is landing on why light can act like a wave and a particle.",Covalent Bonding,Industrial Revolution | Covalent Bonding,"That sounded clear for five seconds and then disappeared. | The first version made sense, then the second version made me realize I did not actually get the first one. | I do not need more facts yet; I need the shape of it.",Light as a Wave and Particle,explicit_topic_reference,0.95,True,v3.1 early_activity_augmented; scenario=few_topic_explicit_shift
topic_label_v3_1_12000_10738,"this is probably a new topic, but why light can act like a wave and a particle is what I am trying to ask about. It is not just a tiny follow-up.",Straw Man Arguments,Straw Man Arguments | Simple Harmonic Motion | Working Memory,What would make this obvious if I saw it somewhere else?,Light as a Wave and Particle,explicit_topic_reference,0.90,True,v3.1 early_activity_augmented; scenario=few_topic_explicit_shift
topic_label_v3_1_12000_10739,the phrase Spanish Pronouns shows up and I just freeze; can we make it concrete? I know that might be a switch.,Circle of Fifths,Organic Functional Groups | Transcription and Translation | Circle of Fifths,,Spanish Pronouns,explicit_topic_reference,0.98,True,v3.1 early_activity_augmented; scenario=few_topic_explicit_shift
topic_label_v3_1_12000_10740,the part that keeps slipping is Bayes Theorem; everything else around it is kind of noise right now.,Vector Search,Direct Objects in Spanish | Caching | Vector Search,,Bayes Theorem,explicit_topic_reference,0.90,True,v3.1 early_activity_augmented; scenario=few_topic_explicit_shift
topic_label_v3_1_12000_10741,there is a way people explain natural selection that I am clearly missing.,World War I Causes,World War I Causes | Renewable Energy Grid | Primary Source Analysis | Virtue Ethics | Integrals,I think I understand the words but not the mechanism.,Natural Selection,explicit_topic_reference,0.90,True,v3.1 early_activity_augmented; scenario=few_topic_explicit_shift
topic_label_v3_1_12000_10742,the actual blocker is Overfitting; I can name it now but I do not understand it.,Passive Voice,Chord Progressions | Passive Voice | Pragmatics,,Overfitting,explicit_topic_reference,0.92,True,v3.1 early_activity_augmented; scenario=few_topic_explicit_shift
topic_label_v3_1_12000_10743,What would Civil Liberties vs Civil Rights look like in a simple example?,Reinforcement Learning,Circadian Rhythm | Privacy Rights | Inductive Reasoning | Reinforcement Learning | World War I Causes,That sounded clear for five seconds and then disappeared. | Can we make it less abstract? | I keep mixing this up with the nearby idea.,Civil Liberties vs Civil Rights,explicit_topic_reference,0.86,True,v3.1 early_activity_augmented; scenario=few_topic_explicit_shift
topic_label_v3_1_12000_10744,Can MyWay make a topic for React Props? That is what I want to work on.,Lifetime Value,Lifetime Value | Laundry Symbols | Break-Even Point,,React Props,explicit_topic_reference,0.98,True,v3.1 early_activity_augmented; scenario=few_topic_explicit_shift
topic_label_v3_1_12000_10745,"customer segmentation is the thing I actually want to understand, not the broader unit around it.",Topic Sentences,Caching | Topic Sentences | Food Safety | Lifetime Value | Propaganda,I do not need more facts yet; I need the shape of it. | I might be missing the middle step.,Customer Segmentation,explicit_topic_reference,0.92,True,v3.1 early_activity_augmented; scenario=few_topic_explicit_shift
topic_label_v3_1_12000_10746,switching gears: camera framing is what I want to learn about next.,Normal Distribution,Normal Distribution | French Pronunciation | Employment Standards | Problem of Induction | Cognitive Load,I keep mixing this up with the nearby idea. | I might be missing the middle step. | Can we make it less abstract?,Camera Framing,explicit_topic_reference,0.93,True,v3.1 early_activity_augmented; scenario=few_topic_explicit_shift
topic_label_v3_1_12000_10747,supply and demand feels like one of those phrases I repeat without knowing what it means. I know that might be a switch.,Air Pressure Systems,Emotional Regulation | Air Pressure Systems,,Supply and Demand,explicit_topic_reference,0.90,True,v3.1 early_activity_augmented; scenario=few_topic_explicit_shift
topic_label_v3_1_12000_10748,the actual blocker is Electricity; I can name it now but I do not understand it.,Blood Pressure Regulation,Synaptic Transmission | Dopamine | Blood Pressure Regulation | Amortization,"I want to know what to pay attention to first. | The example helped a little, but I still cannot transfer it.",Electricity,explicit_topic_reference,0.92,True,v3.1 early_activity_augmented; scenario=few_topic_explicit_shift
topic_label_v3_1_12000_10749,"What I need next is Separation of Powers, especially the piece that makes the example work.",Electric Fields,Industrial Revolution | Electric Fields | Executive Orders | Blood Pressure Regulation | Biodiversity,"The answer is there, but I do not know why it is the answer.",Separation of Powers,explicit_topic_reference,0.86,True,v3.1 early_activity_augmented; scenario=few_topic_explicit_shift
topic_label_v3_1_12000_10750,meal planning feels like one of those phrases I repeat without knowing what it means. It is not just a tiny follow-up.,Liability,Renewable Energy Grid | Liability | Natural Selection,"The example helped a little, but I still cannot transfer it.",Meal Planning,explicit_topic_reference,0.90,True,v3.1 early_activity_augmented; scenario=few_topic_explicit_shift
topic_label_v3_1_12000_10751,"I can tell Meal Planning matters, but I cannot tell what job it is doing.",Ocean Currents,Ocean Currents | Visual Hierarchy | Executive Function | Cold War Proxy Wars | Direct Objects in Spanish | Propaganda | Word Order in Spanish | Simple Harmonic Motion | OAuth Flow | Cell Membrane Transport | Utilitarianism | Dependency Conflicts | Acids vs Bases | Kidney Filtration | Chain Rule | Circle of Fifths | Motivation Loops | Circular Reasoning,That sounded clear for five seconds and then disappeared.,Meal Planning,explicit_topic_reference,0.97,True,v3.1 early_activity_augmented; scenario=many_topic_explicit_shift_or_return
topic_label_v3_1_12000_10752,say the topic is cell membrane transport; what is the first thing I should actually understand?,Geothermal Energy,Propaganda | OAuth Flow | Natural Selection | Voltage vs Current | Colonialism | Electoral College | Logical Fallacies | Moral Luck | Correlation vs Causation | Valid vs Sound Arguments | Laundry Symbols | Map Scale | Acids vs Bases | Engines | Geothermal Energy | Derivatives | Knife Skills | Potential Energy,That sounded clear for five seconds and then disappeared.,Cell Membrane Transport,explicit_topic_reference,0.88,True,v3.1 early_activity_augmented; scenario=many_topic_explicit_shift_or_return
topic_label_v3_1_12000_10753,"What I need next is neural networks, especially the piece that makes the example work.",JavaScript Promises,Environment Variables | Market Positioning | Tenant Rights | JavaScript Promises | Supply and Demand | Latitude vs Longitude | Burden of Proof | Pay Stubs | Voltage vs Current | Training Data Bias | Regression Lines | Gas Laws,,Neural Networks,explicit_topic_reference,0.92,True,v3.1 early_activity_augmented; scenario=many_topic_explicit_shift_or_return
topic_label_v3_1_12000_10754,"I keep seeing javascript promises mentioned, and I want to know what it is actually doing.",Camera Framing,Paragraph Transitions | Latitude vs Longitude | Wireframes | Amortization | Unit Economics | Ecological Succession | Panic Response | Conversion Funnel | TypeScript Generics | Cold War Proxy Wars | JavaScript Promises | Rate Limits | Executive Orders | Dopamine | Camera Framing | Caching | Light as a Wave and Particle | Supply and Demand | Cell Membrane Transport | Word Order in Spanish | Regression Lines | Systems of Equations | Free Body Diagrams | Executive Function | Test Anxiety,"I want to know what to pay attention to first. | Can we make it less abstract? | I can follow it while looking at the example, but I lose it when the wording changes.",JavaScript Promises,explicit_topic_reference,0.96,True,v3.1 early_activity_augmented; scenario=many_topic_explicit_shift_or_return
topic_label_v3_1_12000_10755,"I keep seeing when correlation is not causation mentioned, and I want to know what it is actually doing.",Meal Planning,Profit Margin | Measuring Ingredients | Electricity | Meal Planning | Webhooks | Enzyme Specificity | JavaScript Promises | Organic Functional Groups | Correlation vs Causation | Circular Reasoning | Virtue Ethics | Circle of Fifths | Straw Man Arguments | Blind Spot Checks | Separation of Powers | Executive Function | Climate Feedbacks | Electoral College | Inductive Reasoning | Quadratic Functions | Map Scale | Electric Fields | Latitude vs Longitude | Plea Bargains | REST APIs | Deontology | Valid vs Sound Arguments | Cognitive Load | Camera Framing | Topic Sentences,,Correlation vs Causation,explicit_topic_reference,0.97,True,v3.1 early_activity_augmented; scenario=many_topic_explicit_shift_or_return
topic_label_v3_1_12000_10756,Returning to electoral college: I finally know what bothered me.,Cash Flow,Discourse Markers | Caching | Chain Rule | Cash Flow | Function Notation | Attention Switching | Food Webs | Electoral College | SQL Joins | Executive Function | Integrals | Copyright Fair Use,I am trying not to memorize the surface pattern.,Electoral College,explicit_topic_reference,0.93,True,v3.1 early_activity_augmented; scenario=many_topic_explicit_shift_or_return
topic_label_v3_1_12000_10757,there is a way people explain Cloud Formation that I am clearly missing.,Liability,Liability | Conversion Funnel | Logical Fallacies | Quadratic Functions | Tenant Rights | Fractions | Utilitarianism | Rate Limits | Knife Sharpening | Statistical Significance | Correlation vs Causation | Break-Even Point,"The answer is there, but I do not know why it is the answer.",Cloud Formation,explicit_topic_reference,0.87,True,v3.1 early_activity_augmented; scenario=many_topic_explicit_shift_or_return
topic_label_v3_1_12000_10758,"If we were going to make needed versus enough easy, what would we start with?",Gas Laws,Hormone Regulation | Battery Chemistry | Angular Momentum | Industrial Revolution | Enzyme Specificity | Direct Objects in Spanish | World War I Causes | Gas Laws | Primary Source Analysis | Air Pressure Systems | Circle of Fifths | Pay Stubs | Customer Segmentation | Light as a Wave and Particle | Panic Response | Wireframes | Statistical Significance | Necessary vs Sufficient Conditions | Inductive Reasoning | Doppler Effect | Tax Forms | Sodium-Potassium Pump | OAuth Flow | Procrastination | SQL Joins,,Necessary vs Sufficient Conditions,explicit_topic_reference,0.89,True,v3.1 early_activity_augmented; scenario=many_topic_explicit_shift_or_return
topic_label_v3_1_12000_10759,"I thought the issue was Room Acoustics, but the thing I need now is Civil Liberties vs Civil Rights.",Room Acoustics,Passive Voice | Tokenization | Profit Margin | Room Acoustics | Resonance | Caching | Privacy Rights | Geothermal Energy | Direct Objects in Spanish | Vector Search | Function Notation | Latitude vs Longitude,That sounded clear for five seconds and then disappeared. | I am trying not to memorize the surface pattern. | I think I understand the words but not the mechanism.,Civil Liberties vs Civil Rights,explicit_topic_reference,0.93,True,v3.1 early_activity_augmented; scenario=many_topic_explicit_shift_or_return
topic_label_v3_1_12000_10760,"not sure how to phrase this, but when correlation is not causation is where my brain keeps getting stuck.",Circle of Fifths,Ocean Currents | Electoral College | Lighting Ratios | Camera Framing | Test Anxiety | Laundry Symbols | Checks and Balances | Civil Liberties vs Civil Rights | Room Acoustics | Blood Pressure Regulation | Kidney Filtration | Kinetic Energy | Food Webs | Attention Mechanism | Circle of Fifths | Doppler Effect | Plea Bargains | Shading Values | Cold War Proxy Wars | Preterite vs Imperfect | Synaptic Transmission | Direct Objects in Spanish | Churn Rate | Cognitive Load | Transcription and Translation,"I think I understand the words but not the mechanism. | I might be missing the middle step. | I can follow it while looking at the example, but I lose it when the wording changes.",Correlation vs Causation,explicit_topic_reference,0.95,True,v3.1 early_activity_augmented; scenario=many_topic_explicit_shift_or_return
topic_label_v3_1_12000_10761,Can we go back to panic body response? I think I left that one too early.,Shading Values,Torque | Circadian Rhythm | Employment Standards | Oil Changes | Measuring Ingredients | Overfitting | Contract Law Basics | False Cognates | Straw Man Arguments | Knife Skills | Gesture Drawing | Chemical Equilibrium | Transcription and Translation | Category Errors | Plea Bargains | Fight-or-Flight Response | Discourse Markers | Action Potentials | Shading Values | Pragmatics | Natural Selection | Webhooks | Electricity | Executive Orders | Electron Configuration,I am trying not to memorize the surface pattern.,Fight-or-Flight Response,explicit_topic_reference,0.96,True,v3.1 early_activity_augmented; scenario=many_topic_explicit_shift_or_return
topic_label_v3_1_12000_10762,the part that keeps slipping is Model Evaluation; everything else around it is kind of noise right now.,Utilitarianism,Market Positioning | Employment Standards | Visual Hierarchy | Regression Lines | Electricity | Training Data Bias | Rate Limits | Model Evaluation | Knife Sharpening | Covalent Bonding | Voltage vs Current | Statistical Significance | Electric Fields | Mole Concept | Camera Framing | Measuring Ingredients | Civil Liberties vs Civil Rights | Storyboarding | Procrastination | Le Chatelier's Principle | Utilitarianism | Unit Economics | Colonialism | Normal Distribution | Color Contrast | Webhooks | Food Safety | Food Webs | Doppler Effect | Fluid Pressure,,Model Evaluation,explicit_topic_reference,0.92,True,v3.1 early_activity_augmented; scenario=many_topic_explicit_shift_or_return
topic_label_v3_1_12000_10763,say the topic is bayes theorem; what is the first thing I should actually understand?,Dopamine,Employment Standards | Bayes Theorem | Liability | Problem of Induction | Moral Luck | Circadian Rhythm | Cash Flow | Conversion Funnel | Food Webs | Ocean Currents | Latitude vs Longitude | Topic Sentences | Deontology | Idioms | Dopamine | Overfitting | REST APIs | Cloud Formation | OAuth Flow | Lighting Ratios | Laundry Symbols | Dependency Conflicts | Industrial Revolution | Product-Market Fit | Motivation Loops,Can we make it less abstract?,Bayes Theorem,explicit_topic_reference,0.90,True,v3.1 early_activity_augmented; scenario=many_topic_explicit_shift_or_return
topic_label_v3_1_12000_10764,Can we go back to the sodium potassium pump? I think I left that one too early.,Budgeting,French Revolution Causes | Register in Language | Pragmatics | Allergies | Memorization vs Understanding | Budgeting | Enzyme Specificity | Food Safety | Necessary vs Sufficient Conditions | Reading Comprehension | Emotional Regulation | Encryption | Simple Harmonic Motion | Sodium-Potassium Pump | API Routes | Employment Standards | Burden of Proof | Circuit Breakers,"That sounded clear for five seconds and then disappeared. | The first version made sense, then the second version made me realize I did not actually get the first one.",Sodium-Potassium Pump,explicit_topic_reference,0.88,True,v3.1 early_activity_augmented; scenario=many_topic_explicit_shift_or_return
topic_label_v3_1_12000_10765,"it is embarrassing, but Voltage vs Current still feels like a magic word to me.",Typography,Fight-or-Flight Response | Light as a Wave and Particle | Preterite vs Imperfect | Necessary vs Sufficient Conditions | Contract Law Basics | Trigonometry | Terminal Velocity | Map Scale | Pay Stubs | Derivatives | Potential Energy | Laundry Symbols | Typography | Electricity | Stoichiometry | Profit Margin | Free Body Diagrams | Conceptual Analysis,,Voltage vs Current,explicit_topic_reference,0.97,True,v3.1 early_activity_augmented; scenario=many_topic_explicit_shift_or_return
topic_label_v3_1_12000_10766,Returning to Function Notation: I finally know what bothered me.,Training Data Bias,Wireframes | Fluid Pressure | Profit Margin | Inductive Reasoning | Training Data Bias | Direct Objects in Spanish | Chain Rule | Free Body Diagrams | Valid vs Sound Arguments | Renewable Energy Grid | Emergency Fund | Tenant Rights | Function Notation | Preterite vs Imperfect | REST APIs | Environment Variables | Pronoun Reference | Contract Law Basics,I want to know what to pay attention to first.,Function Notation,explicit_topic_reference,0.92,True,v3.1 early_activity_augmented; scenario=many_topic_explicit_shift_or_return
topic_label_v3_1_12000_10767,quick pivot: Budgeting. I want to understand the basic shape before details.,Regression Lines,Natural Selection | Sodium-Potassium Pump | Plea Bargains | Camera Framing | Circular Reasoning | Supply and Demand | Cash Flow | Quadratic Functions | Regression Lines | Latitude vs Longitude | Word Order in Spanish | Engines,Can we make it less abstract? | I think I understand the words but not the mechanism.,Budgeting,explicit_topic_reference,0.89,True,v3.1 early_activity_augmented; scenario=many_topic_explicit_shift_or_return
topic_label_v3_1_12000_10768,Returning to surface memorization vs understanding: I finally know what bothered me.,World War I Causes,Wireframes | Pay Stubs | French Revolution Causes | Executive Orders | Memorization vs Understanding | World War I Causes | Inventory Turnover | Encryption | Oil Changes | Inflammation | Integrals | Deontology | Synaptic Transmission | Amortization | Photosynthesis | Immune Memory | Reinforcement Learning | Gas Laws,I do not need more facts yet; I need the shape of it.,Memorization vs Understanding,explicit_topic_reference,0.96,True,v3.1 early_activity_augmented; scenario=many_topic_explicit_shift_or_return
topic_label_v3_1_12000_10769,I see Quadratic Functions in the list; can we use that topic again?,Integrals,Cash Flow | One-Point Perspective | Cloud Formation | Chain Rule | Working Memory | Civil Liberties vs Civil Rights | Reinforcement Learning | Biodiversity | Meal Planning | Insurance Deductible | Electron Configuration | TypeScript Generics | Magnetic Induction | Integrals | Circular Reasoning | Chord Progressions | Free Body Diagrams | Moral Luck | French Revolution Causes | API Routes | Tenant Rights | Liability | Quadratic Functions | Plea Bargains | Amortization,,Quadratic Functions,explicit_topic_reference,0.89,True,v3.1 early_activity_augmented; scenario=many_topic_explicit_shift_or_return
topic_label_v3_1_12000_10770,the phrase treaty of versailles shows up and I just freeze; can we make it concrete?,Insurance Deductible,Photosynthesis | Circadian Rhythm | World War I Causes | French Revolution Causes | Insurance Deductible | Wireframes | Integrals | Torque | Simple Harmonic Motion | Storyboarding | Valid vs Sound Arguments | Separation of Powers | Pragmatics | Urban Heat Islands | Mole Concept | Model Evaluation | Employment Standards | Civil Liberties vs Civil Rights,,Treaty of Versailles,explicit_topic_reference,0.92,True,v3.1 early_activity_augmented; scenario=many_topic_explicit_shift_or_return
topic_label_v3_1_12000_10771,The example is fine; the concept I need is Le Chatelier's Principle.,Colonialism,Reinforcement Learning | Pragmatics | Executive Function | Test Anxiety | Product-Market Fit | Geothermal Energy | Colonialism | Kinetic Energy | Wave-Particle Duality | Deontology | Inductive Reasoning | Fluid Pressure | Urban Heat Islands | Webhooks | Credit Card Interest | Magnetic Induction | Utilitarianism | Caching | Le Chatelier's Principle | Password Hashing | Integrals | Action Potentials | Working Memory | False Cognates | Watersheds,,Le Chatelier's Principle,explicit_topic_reference,0.90,True,v3.1 early_activity_augmented; scenario=many_topic_explicit_shift_or_return
topic_label_v3_1_12000_10772,Returning to function notation: I finally know what bothered me.,Acids vs Bases,Chord Progressions | Shading Values | Neural Networks | Procrastination | Kinetic Energy | Reinforcement Learning | Function Notation | Camera Framing | Fight-or-Flight Response | Biodiversity | Genetic Drift | Utilitarianism | French Pronunciation | Food Safety | Magnetic Induction | Register in Language | Acids vs Bases | Urban Heat Islands,,Function Notation,explicit_topic_reference,0.87,True,v3.1 early_activity_augmented; scenario=many_topic_explicit_shift_or_return
topic_label_v3_1_12000_10773,caching — that is the thing I want MyWay to put in the learning space.,Lighting Ratios,Overfitting | Potential Energy | Caching | Lighting Ratios | Churn Rate | Cash Flow | Light as a Wave and Particle | Inductive Reasoning | Residuals | Latitude vs Longitude | Electoral College | Allergies,Can we make it less abstract? | That sounded clear for five seconds and then disappeared. | I keep mixing this up with the nearby idea.,Caching,explicit_topic_reference,0.88,True,v3.1 early_activity_augmented; scenario=many_topic_explicit_shift_or_return
topic_label_v3_1_12000_10774,I see Electoral College in the list; can we use that topic again?,Checks and Balances,Wave-Particle Duality | Light as a Wave and Particle | Camera Framing | Carbon Cycle | Checks and Balances | Natural Selection | Free Will | Synaptic Transmission | Electricity | Caching | Emotional Regulation | Problem of Induction | Cash Flow | Fractions | Unit Economics | Pragmatics | Electoral College | Discourse Markers | Regression Lines | Contract Law Basics | Terminal Velocity | Fluid Pressure | Rate Limits | Supply and Demand | Product-Market Fit | Environment Variables | Knife Skills | Straw Man Arguments | Circadian Rhythm | Statistical Significance,I tried making my own example and it immediately got messy. | I want to know what to pay attention to first.,Electoral College,explicit_topic_reference,0.95,True,v3.1 early_activity_augmented; scenario=many_topic_explicit_shift_or_return
topic_label_v3_1_12000_10775,What would Regression Lines look like in a simple example?,Fight-or-Flight Response,Plea Bargains | Valid vs Sound Arguments | Sodium-Potassium Pump | Emotional Regulation | Churn Rate | Natural Selection | Utilitarianism | Defamation | Derivatives | Climate Feedbacks | Direct Objects in Spanish | Fight-or-Flight Response,,Regression Lines,explicit_topic_reference,0.96,True,v3.1 early_activity_augmented; scenario=many_topic_explicit_shift_or_return
topic_label_v3_1_12000_10776,"the new question is about necessary vs sufficient conditions, not really about Copyright Fair Use.",Copyright Fair Use,Employment Standards | Systems of Equations | Storyboarding | False Cognates | Copyright Fair Use | Digestive Enzymes | Vector Search | Close Reading,,Necessary vs Sufficient Conditions,explicit_topic_reference,0.91,True,v3.1 early_activity_augmented; scenario=many_topic_explicit_shift_or_return
topic_label_v3_1_12000_10777,I see le chatelier's principle in the list; can we use that topic again?,Tidal Energy,Transcription and Translation | Le Chatelier's Principle | Contract Law Basics | Civil Liberties vs Civil Rights | Electric Fields | Wireframes | Deontology | Propaganda | Hormone Regulation | Natural Selection | Regression Lines | Budgeting | Conceptual Analysis | Tidal Energy | Inductive Reasoning | Kidney Filtration | Caching | Integrals,"I can follow it while looking at the example, but I lose it when the wording changes. | The answer is there, but I do not know why it is the answer.",Le Chatelier's Principle,explicit_topic_reference,0.93,True,v3.1 early_activity_augmented; scenario=many_topic_explicit_shift_or_return
topic_label_v3_1_12000_10778,Returning to free body diagrams: I finally know what bothered me.,Executive Function,Privacy Rights | Close Reading | Camera Framing | Memorization vs Understanding | Industrial Revolution | Magnetic Induction | Separation of Powers | Acids vs Bases | Product-Market Fit | One-Point Perspective | Executive Function | Hydration Errors | Integrals | Churn Rate | Food Safety | Normal Distribution | Free Body Diagrams | Paragraph Transitions,"I keep mixing this up with the nearby idea. | I can follow it while looking at the example, but I lose it when the wording changes. | Can we make it less abstract?",Free Body Diagrams,explicit_topic_reference,0.97,True,v3.1 early_activity_augmented; scenario=many_topic_explicit_shift_or_return
topic_label_v3_1_12000_10779,Can MyWay make a topic for Voltage vs Current? That is what I want to work on.,Defamation,Defamation | Laundry Symbols | Spanish Pronouns | JavaScript Promises | Password Hashing | French Revolution Causes | Voltage vs Current | Cloud Formation | Stoichiometry | Caching | False Cognates | Camera Framing,"I can recognize it after I see it, but I cannot produce it myself.",Voltage vs Current,explicit_topic_reference,0.86,True,v3.1 early_activity_augmented; scenario=many_topic_explicit_shift_or_return
topic_label_v3_1_12000_10780,the part that keeps slipping is Copyright Fair Use; everything else around it is kind of noise right now.,Map Scale,Copyright Fair Use | Kinetic Energy | Geothermal Energy | Topic Sentences | Osmosis | Emergency Fund | Doppler Effect | API Routes | Map Scale | French Pronunciation | Direct Objects in Spanish | Quadratic Functions,,Copyright Fair Use,explicit_topic_reference,0.95,True,v3.1 early_activity_augmented; scenario=many_topic_explicit_shift_or_return
topic_label_v3_1_12000_10781,"I do not know the right starting point for Training Data Bias, but I want to learn it.",Kidney Filtration,Sodium-Potassium Pump | Tire Pressure | Torque | Covalent Bonding | Valid vs Sound Arguments | Kidney Filtration | Ecological Succession | Inventory Turnover | Moral Luck | Attention Switching | Wireframes | Customer Segmentation | Unit Economics | Pay Stubs | OAuth Flow | Blood Pressure Regulation | Wave-Particle Duality | Product-Market Fit | Trigonometry | Immune Memory | Blind Spot Checks | Training Data Bias | Fractions | Budgeting | Idioms,"The first version made sense, then the second version made me realize I did not actually get the first one. | I do not need more facts yet; I need the shape of it.",Training Data Bias,explicit_topic_reference,0.95,True,v3.1 early_activity_augmented; scenario=many_topic_explicit_shift_or_return
topic_label_v3_1_12000_10782,I see JavaScript Promises in the list; can we use that topic again?,Deductive Reasoning,Cold War Proxy Wars | Break-Even Point | Lifetime Value | Panic Response | Idioms | Passive Voice | Overfitting | Storyboarding | TypeScript Generics | Doppler Effect | Cell Membrane Transport | Problem of Induction | Wireframes | Deductive Reasoning | Gas Laws | Electron Configuration | Acids vs Bases | Neural Networks | Synaptic Transmission | Ecological Succession | Category Errors | Encryption | JavaScript Promises | French Pronunciation | Enzyme Specificity,,JavaScript Promises,explicit_topic_reference,0.97,True,v3.1 early_activity_augmented; scenario=many_topic_explicit_shift_or_return
topic_label_v3_1_12000_10783,"If we were going to make Chord Progressions easy, what would we start with?",Statistical Significance,World War I Causes | Geothermal Energy | Mole Concept | Memorization vs Understanding | Gas Laws | Watersheds | Tenant Rights | Dependency Conflicts | Discourse Markers | Color Contrast | Customer Segmentation | React Props | Trigonometry | Passive Voice | Stoichiometry | Environment Variables | Caching | Shading Values | Storyboarding | Renewable Energy Grid | Amortization | Statistical Significance | Systems of Equations | Contract Law Basics | Reinforcement Learning | Pay Stubs | Sodium-Potassium Pump | Light as a Wave and Particle | Latitude vs Longitude | Cash Flow,,Chord Progressions,explicit_topic_reference,0.87,True,v3.1 early_activity_augmented; scenario=many_topic_explicit_shift_or_return
topic_label_v3_1_12000_10784,there is a way people explain typescript generics that I am clearly missing.,Camera Framing,Checks and Balances | TypeScript Generics | Deontology | Camera Framing | Circadian Rhythm | Electric Fields | Room Acoustics | Virtue Ethics | Chain Rule | Pronoun Reference | DNA Replication | Rate Limits,I do not need more facts yet; I need the shape of it. | Can we make it less abstract?,TypeScript Generics,explicit_topic_reference,0.93,True,v3.1 early_activity_augmented; scenario=many_topic_explicit_shift_or_return
topic_label_v3_1_12000_10785,"Whenever function notation appears, the explanation starts feeling like another language.",Cloud Formation,Credit Card Interest | Residuals | Voltage vs Current | Tidal Energy | Insurance Deductible | Cloud Formation | Quadratic Functions | Bayes Theorem | Terminal Velocity | Attention Mechanism | Meal Planning | Virtue Ethics | Correlation vs Causation | Pay Stubs | Electoral College | Urban Heat Islands | Lighting Ratios | Laundry Symbols | Neural Networks | Valid vs Sound Arguments | Churn Rate | Supply and Demand | Oil Changes | Profit Margin | Derivatives,I think I understand the words but not the mechanism. | That sounded clear for five seconds and then disappeared.,Function Notation,explicit_topic_reference,0.93,True,v3.1 early_activity_augmented; scenario=many_topic_explicit_shift_or_return
topic_label_v3_1_12000_10786,"No dramatic question, just: Overfitting. I want to finally get what that means.",Dependency Conflicts,Circle of Fifths | Circadian Rhythm | Air Pressure Systems | Overfitting | Decision Fatigue | Free Will | Engines | Dependency Conflicts,,Overfitting,explicit_topic_reference,0.88,True,v3.1 early_activity_augmented; scenario=many_topic_explicit_shift_or_return
topic_label_v3_1_12000_10787,Can MyWay make a topic for Model Evaluation? That is what I want to work on.,API Routes,Amortization | Tire Pressure | Color Contrast | Chord Progressions | Blood Pressure Regulation | Test Anxiety | Rate Limits | API Routes,I am trying not to memorize the surface pattern.,Model Evaluation,explicit_topic_reference,0.93,True,v3.1 early_activity_augmented; scenario=many_topic_explicit_shift_or_return
topic_label_v3_1_12000_10788,"Whenever statistical significance appears, the explanation starts feeling like another language.",Le Chatelier's Principle,Tire Pressure | Plea Bargains | Dependency Conflicts | Conversion Funnel | Renewable Energy Grid | Cloud Formation | Electoral College | Urban Heat Islands | World War I Causes | Test Anxiety | Correlation vs Causation | Statistical Significance | Free Body Diagrams | Problem of Induction | Rate Limits | Idioms | Sodium-Potassium Pump | Tokenization | Le Chatelier's Principle | Torque | Camera Framing | Kinetic Energy | Mitosis vs Meiosis | Attention Switching | Circuit Breakers,,Statistical Significance,explicit_topic_reference,0.92,True,v3.1 early_activity_augmented; scenario=many_topic_explicit_shift_or_return
topic_label_v3_1_12000_10789,I see Circadian Rhythm in the list; can we use that topic again?,Genetic Drift,Logical Fallacies | Renewable Energy Grid | Attention Switching | Laundry Symbols | Vector Search | Lighting Ratios | Quadratic Functions | Carbon Cycle | Inflammation | Sodium-Potassium Pump | Defamation | Stoichiometry | Allergies | Training Data Bias | Dopamine | Circadian Rhythm | Urban Heat Islands | Panic Response | Budgeting | Genetic Drift | Geothermal Energy | Chemical Equilibrium | Privacy Rights | Profit Margin | Reinforcement Learning | Pain Signals | Direct Objects in Spanish | Free Body Diagrams | False Cognates | Amortization,"The example helped a little, but I still cannot transfer it.",Circadian Rhythm,explicit_topic_reference,0.98,True,v3.1 early_activity_augmented; scenario=many_topic_explicit_shift_or_return
topic_label_v3_1_12000_10790,I see motivation loops in the list; can we use that topic again?,Doppler Effect,Wave-Particle Duality | Typography | Cold War Proxy Wars | Tire Pressure | Copyright Fair Use | Doppler Effect | Storyboarding | Amortization | Pragmatics | Potential Energy | Inflammation | Le Chatelier's Principle | Moral Luck | Discourse Markers | Function Notation | Executive Function | Emotional Regulation | French Pronunciation | Motivation Loops | Ocean Currents | Conversion Funnel | Inventory Turnover | Insurance Deductible | French Revolution Causes | Test Anxiety,I want to know what to pay attention to first.,Motivation Loops,explicit_topic_reference,0.87,True,v3.1 early_activity_augmented; scenario=many_topic_explicit_shift_or_return
topic_label_v3_1_12000_10791,the actual blocker is model evaluation; I can name it now but I do not understand it.,Cognitive Load,Cognitive Load | Fight-or-Flight Response | Le Chatelier's Principle | Model Evaluation | Blood Pressure Regulation | Chain Rule | Passive Voice | Free Will,,Model Evaluation,explicit_topic_reference,0.92,True,v3.1 early_activity_augmented; scenario=many_topic_explicit_shift_or_return
topic_label_v3_1_12000_10792,"Before we go further, I need a cleaner explanation of supply and demand.",Circular Reasoning,Panic Response | Tokenization | Meal Planning | Circular Reasoning | Deductive Reasoning | Idioms | Renewable Energy Grid | Regression Lines | Free Body Diagrams | Tenant Rights | Resonance | Credit Card Interest | Immune Memory | False Cognates | Deontology | Supply and Demand | Visual Hierarchy | Tax Forms,Can we make it less abstract?,Supply and Demand,explicit_topic_reference,0.89,True,v3.1 early_activity_augmented; scenario=many_topic_explicit_shift_or_return
topic_label_v3_1_12000_10793,I see natural selection in the list; can we use that topic again?,Integrals,Derivatives | Vector Search | Storyboarding | Electric Fields | Measuring Ingredients | Simple Harmonic Motion | Cash Flow | Checks and Balances | Inventory Turnover | Sodium-Potassium Pump | Product-Market Fit | Employment Standards | Tokenization | Integrals | Amortization | Chord Progressions | Pain Signals | Treaty of Versailles | Torque | Climate Feedbacks | Straw Man Arguments | Utilitarianism | Ecological Succession | Natural Selection | Model Evaluation | Osmosis | Mole Concept | Primary Source Analysis | Civil Liberties vs Civil Rights | Training Data Bias,,Natural Selection,explicit_topic_reference,0.90,True,v3.1 early_activity_augmented; scenario=many_topic_explicit_shift_or_return
topic_label_v3_1_12000_10794,"it is embarrassing, but Measuring Ingredients still feels like a magic word to me.",Hormone Regulation,Free Will | Cell Membrane Transport | Churn Rate | Laundry Symbols | Working Memory | Environment Variables | Regression Lines | Circular Reasoning | Voltage vs Current | Register in Language | Visual Hierarchy | SQL Joins | Allergies | Le Chatelier's Principle | Pronoun Reference | Emotional Regulation | Hormone Regulation | Primary Source Analysis,I am trying not to memorize the surface pattern.,Measuring Ingredients,explicit_topic_reference,0.91,True,v3.1 early_activity_augmented; scenario=many_topic_explicit_shift_or_return
topic_label_v3_1_12000_10795,could we park the other topic for a second and get into action potentials?,Propaganda,Map Scale | Photosynthesis | Ecological Succession | Neural Networks | Conversion Funnel | Discourse Markers | Measuring Ingredients | Renewable Energy Grid | DNA Replication | Cash Flow | Confidence Intervals | Lifetime Value | Covalent Bonding | Light as a Wave and Particle | Liability | Propaganda | Environment Variables | Hydration Errors,Can we make it less abstract? | I am trying not to memorize the surface pattern. | I keep mixing this up with the nearby idea.,Action Potentials,explicit_topic_reference,0.89,True,v3.1 early_activity_augmented; scenario=many_topic_explicit_shift_or_return
topic_label_v3_1_12000_10796,I see Plea Bargains in the list; can we use that topic again?,Gesture Drawing,Color Contrast | Tax Forms | Action Potentials | Gesture Drawing | Wireframes | Cold War Proxy Wars | Plea Bargains | Cash Flow | Immune Memory | Market Positioning | Emergency Fund | Terminal Velocity,,Plea Bargains,explicit_topic_reference,0.95,True,v3.1 early_activity_augmented; scenario=many_topic_explicit_shift_or_return
topic_label_v3_1_12000_10797,Can we go back to Natural Selection? I think I left that one too early.,Necessary vs Sufficient Conditions,DNA Replication | Inflammation | Gas Laws | Necessary vs Sufficient Conditions | Angular Momentum | Circadian Rhythm | Motivation Loops | Natural Selection,"The answer is there, but I do not know why it is the answer.",Natural Selection,explicit_topic_reference,0.97,True,v3.1 early_activity_augmented; scenario=many_topic_explicit_shift_or_return
topic_label_v3_1_12000_10798,I see that wave-and-particle thing with light in the list; can we use that topic again?,Memorization vs Understanding,Chemical Equilibrium | Customer Segmentation | Light as a Wave and Particle | Cloud Formation | Deontology | Engines | Memorization vs Understanding | Residuals | Preterite vs Imperfect | Tax Forms | REST APIs | Quadratic Functions,"I keep mixing this up with the nearby idea. | I can follow it while looking at the example, but I lose it when the wording changes. | I might be missing the middle step.",Light as a Wave and Particle,explicit_topic_reference,0.92,True,v3.1 early_activity_augmented; scenario=many_topic_explicit_shift_or_return
topic_label_v3_1_12000_10799,"No dramatic question, just: Photosynthesis. I want to finally get what that means.",Statistical Significance,Neural Networks | Necessary vs Sufficient Conditions | Free Body Diagrams | TypeScript Generics | Potential Energy | Employment Standards | Doppler Effect | Oil Changes | Electricity | REST APIs | Liability | Decision Fatigue | Topic Sentences | Electoral College | Fight-or-Flight Response | Inflammation | Climate Feedbacks | Statistical Significance | Quadratic Functions | Correlation vs Causation | Training Data Bias | Mitosis vs Meiosis | Confidence Intervals | Environment Variables | Photosynthesis,I think I understand the words but not the mechanism. | I want to know what to pay attention to first.,Photosynthesis,explicit_topic_reference,0.91,True,v3.1 early_activity_augmented; scenario=many_topic_explicit_shift_or_return
topic_label_v3_1_12000_10800,The example is fine; the concept I need is Voltage vs Current.,Cash Flow,Cash Flow | Lifetime Value | Lighting Ratios | React Props | Tax Forms | Webhooks | Password Hashing | Latitude vs Longitude | TypeScript Generics | Torque | Contract Law Basics | Encryption,"The first version made sense, then the second version made me realize I did not actually get the first one.",Voltage vs Current,explicit_topic_reference,0.87,True,v3.1 early_activity_augmented; scenario=many_topic_explicit_shift_or_return
topic_label_v3_1_12000_10801,there is a way people explain Electricity that I am clearly missing.,Kinetic Energy,Kinetic Energy | Wireframes | Pragmatics | Camera Framing | Electricity | Conceptual Analysis | Genetic Drift | Industrial Revolution | Free Body Diagrams | Function Notation | Rate Limits | Emergency Fund,I tried making my own example and it immediately got messy. | I keep mixing this up with the nearby idea.,Electricity,explicit_topic_reference,0.91,True,v3.1 early_activity_augmented; scenario=many_topic_explicit_shift_or_return
topic_label_v3_1_12000_10802,Returning to Cognitive Load: I finally know what bothered me.,Climate Feedbacks,Category Errors | Emotional Regulation | Chemical Equilibrium | Panic Response | Chord Progressions | Function Notation | Climate Feedbacks | Renewable Energy Grid | Virtue Ethics | Fight-or-Flight Response | DNA Replication | Ocean Currents | Budgeting | Sodium-Potassium Pump | Wave-Particle Duality | Colonialism | Food Webs | Blind Spot Checks | Synaptic Transmission | Executive Function | Wireframes | Biodiversity | Attention Switching | Laundry Symbols | Treaty of Versailles | Necessary vs Sufficient Conditions | Hydration Errors | Potential Energy | Working Memory | Cognitive Load,"The example helped a little, but I still cannot transfer it. | I am trying not to memorize the surface pattern.",Cognitive Load,explicit_topic_reference,0.93,True,v3.1 early_activity_augmented; scenario=many_topic_explicit_shift_or_return
topic_label_v3_1_12000_10803,"not sure how to phrase this, but Chord Progressions is where my brain keeps getting stuck.",Amortization,Topic Sentences | Profit Margin | Pragmatics | Conversion Funnel | Correlation vs Causation | Digestive Enzymes | Separation of Powers | Amortization | Quadratic Functions | Attention Mechanism | Renewable Energy Grid | Food Safety,,Chord Progressions,explicit_topic_reference,0.87,True,v3.1 early_activity_augmented; scenario=many_topic_explicit_shift_or_return
topic_label_v3_1_12000_10804,Returning to Motivation Loops: I finally know what bothered me.,Natural Selection,Enzyme Specificity | Blind Spot Checks | Insurance Deductible | Natural Selection | Motivation Loops | Fractions | React Props | Market Positioning,,Motivation Loops,explicit_topic_reference,0.89,True,v3.1 early_activity_augmented; scenario=many_topic_explicit_shift_or_return
topic_label_v3_1_12000_10805,"this is probably a new topic, but le chatelier's principle is what I am trying to ask about.",Quadratic Functions,Reading Comprehension | Air Pressure Systems | Cash Flow | Organic Functional Groups | Quadratic Functions | Renewable Energy Grid | Dopamine | Customer Segmentation | Free Body Diagrams | Emergency Fund | Magnetic Induction | French Revolution Causes,,Le Chatelier's Principle,explicit_topic_reference,0.89,True,v3.1 early_activity_augmented; scenario=many_topic_explicit_shift_or_return
topic_label_v3_1_12000_10806,I am not asking about Enzyme Specificity anymore. The thing is dopamine.,Enzyme Specificity,Copyright Fair Use | Potential Energy | Enzyme Specificity | Genetic Drift | Inflammation | Executive Function | Resonance | Conversion Funnel | Pain Signals | Virtue Ethics | Trigonometry | Acids vs Bases | Break-Even Point | Inventory Turnover | Cell Membrane Transport | Chain Rule | Mitosis vs Meiosis | Light as a Wave and Particle | One-Point Perspective | Unit Economics | Burden of Proof | Latitude vs Longitude | Knife Skills | Oil Changes | Defamation | Blind Spot Checks | Civil Liberties vs Civil Rights | Magnetic Induction | Transcription and Translation | Cognitive Load,,Dopamine,explicit_topic_reference,0.93,True,v3.1 early_activity_augmented; scenario=many_topic_explicit_shift_or_return
topic_label_v3_1_12000_10807,"If we were going to make Tire Pressure easy, what would we start with?",Test Anxiety,Checks and Balances | Word Order in Spanish | Linear Equations | Food Webs | Decision Fatigue | Map Scale | Covalent Bonding | Inflammation | Pain Signals | Test Anxiety | Attention Mechanism | Free Will | Colonialism | Photosynthesis | OAuth Flow | Regression Lines | Passive Voice | Circle of Fifths,,Tire Pressure,explicit_topic_reference,0.90,True,v3.1 early_activity_augmented; scenario=many_topic_explicit_shift_or_return
topic_label_v3_1_12000_10808,"No dramatic question, just: copyright fair use. I want to finally get what that means.",Lifetime Value,Hydration Errors | Resonance | Transcription and Translation | Synaptic Transmission | Light as a Wave and Particle | Engines | Electric Fields | Natural Selection | Climate Feedbacks | Lifetime Value | Hormone Regulation | Doppler Effect | Model Evaluation | Privacy Rights | Paragraph Transitions | Credit Card Interest | Inflammation | Voltage vs Current,"I can recognize it after I see it, but I cannot produce it myself. | I keep mixing this up with the nearby idea.",Copyright Fair Use,explicit_topic_reference,0.91,True,v3.1 early_activity_augmented; scenario=many_topic_explicit_shift_or_return
topic_label_v3_1_12000_10809,"the new question is about quadratic functions, not really about Carbon Cycle.",Carbon Cycle,Quadratic Functions | Le Chatelier's Principle | Doppler Effect | Separation of Powers | Colonialism | Statistical Significance | Sodium-Potassium Pump | Color Contrast | Spanish Pronouns | Watersheds | Preterite vs Imperfect | Encryption | Blood Pressure Regulation | Electron Configuration | Battery Chemistry | Carbon Cycle | Cognitive Load | Emergency Fund | Fight-or-Flight Response | Cell Membrane Transport | Blind Spot Checks | Map Scale | Model Evaluation | Tire Pressure | Immune Memory,,Quadratic Functions,explicit_topic_reference,0.88,True,v3.1 early_activity_augmented; scenario=many_topic_explicit_shift_or_return
topic_label_v3_1_12000_10810,"I do not know the right starting point for Photosynthesis, but I want to learn it.",Inductive Reasoning,Treaty of Versailles | Burden of Proof | Fight-or-Flight Response | Virtue Ethics | Inductive Reasoning | Primary Source Analysis | Photosynthesis | Topic Sentences | Attention Switching | Inventory Turnover | Tire Pressure | API Routes | Tenant Rights | Cloud Formation | Rate Limits | Employment Standards | Contract Law Basics | Training Data Bias | Blind Spot Checks | Valid vs Sound Arguments | Copyright Fair Use | Mole Concept | Shading Values | Reading Comprehension | Unit Economics,"I can recognize it after I see it, but I cannot produce it myself. | I tried making my own example and it immediately got messy.",Photosynthesis,explicit_topic_reference,0.91,True,v3.1 early_activity_augmented; scenario=many_topic_explicit_shift_or_return
topic_label_v3_1_12000_10811,"Whenever statistical significance appears, the explanation starts feeling like another language.",Dopamine,Potential Energy | Cold War Proxy Wars | DNA Replication | Lighting Ratios | Latitude vs Longitude | Map Scale | Pronoun Reference | Environment Variables | Bayes Theorem | Electoral College | Statistical Significance | Dopamine | Supply and Demand | Conversion Funnel | Shading Values | Circular Reasoning | Integrals | Credit Card Interest | Natural Selection | Direct Objects in Spanish | Kinetic Energy | Fractions | Chemical Equilibrium | Circadian Rhythm | Amortization | Engines | Budgeting | Laundry Symbols | Free Will | Topic Sentences,,Statistical Significance,explicit_topic_reference,0.95,True,v3.1 early_activity_augmented; scenario=many_topic_explicit_shift_or_return
topic_label_v3_1_12000_10812,I see Treaty of Versailles in the list; can we use that topic again?,Fluid Pressure,Conceptual Analysis | Copyright Fair Use | Stoichiometry | Blind Spot Checks | React Props | Treaty of Versailles | Word Order in Spanish | Fluid Pressure,"The answer is there, but I do not know why it is the answer.",Treaty of Versailles,explicit_topic_reference,0.96,True,v3.1 early_activity_augmented; scenario=many_topic_explicit_shift_or_return
topic_label_v3_1_12000_10813,I am not asking about Fluid Pressure anymore. The thing is circadian rhythm.,Fluid Pressure,Digestive Enzymes | Customer Segmentation | Fluid Pressure | Cell Membrane Transport | Fight-or-Flight Response | Liability | Procrastination | Shading Values | Chemical Equilibrium | Correlation vs Causation | Circadian Rhythm | Function Notation | Carbon Cycle | Voltage vs Current | Food Webs | Kinetic Energy | Typography | Light as a Wave and Particle,"I can recognize it after I see it, but I cannot produce it myself. | I do not need more facts yet; I need the shape of it.",Circadian Rhythm,explicit_topic_reference,0.94,True,v3.1 early_activity_augmented; scenario=many_topic_explicit_shift_or_return
topic_label_v3_1_12000_10814,Can we go back to treaty of versailles? I think I left that one too early.,Free Will,Password Hashing | Product-Market Fit | Motivation Loops | Latitude vs Longitude | Knife Sharpening | Renewable Energy Grid | Acids vs Bases | Free Will | Photosynthesis | TypeScript Generics | Attention Switching | Typography | Necessary vs Sufficient Conditions | Rate Limits | Inflammation | Procrastination | Reinforcement Learning | Supply and Demand | Camera Framing | Voltage vs Current | Reading Comprehension | Treaty of Versailles | Plea Bargains | Neural Networks | Bayes Theorem,,Treaty of Versailles,explicit_topic_reference,0.88,True,v3.1 early_activity_augmented; scenario=many_topic_explicit_shift_or_return
topic_label_v3_1_12000_10815,Can we go back to REST APIs? I think I left that one too early.,False Cognates,False Cognates | Color Contrast | Employment Standards | Executive Orders | Pay Stubs | Burden of Proof | Angular Momentum | REST APIs,,REST APIs,explicit_topic_reference,0.96,True,v3.1 early_activity_augmented; scenario=many_topic_explicit_shift_or_return
topic_label_v3_1_12000_10816,"the new question is about electricity, not really about Enzyme Specificity.",Enzyme Specificity,Natural Selection | French Pronunciation | Dependency Conflicts | Training Data Bias | Supply and Demand | Preterite vs Imperfect | Test Anxiety | Enzyme Specificity | Churn Rate | React Props | Knife Skills | Battery Chemistry | Logical Fallacies | Pay Stubs | Insurance Deductible | Transcription and Translation | Tenant Rights | Motivation Loops | Liability | Circuit Breakers | Meal Planning | Circle of Fifths | Treaty of Versailles | Break-Even Point | Profit Margin | Conversion Funnel | Typography | Watersheds | Password Hashing | Quadratic Functions,Can we make it less abstract?,Electricity,explicit_topic_reference,0.95,True,v3.1 early_activity_augmented; scenario=many_topic_explicit_shift_or_return
topic_label_v3_1_12000_10817,Can we go back to neural networks? I think I left that one too early.,Mitosis vs Meiosis,Cell Membrane Transport | Register in Language | React Props | Neural Networks | Terminal Velocity | Conceptual Analysis | Mitosis vs Meiosis | Market Positioning,,Neural Networks,explicit_topic_reference,0.95,True,v3.1 early_activity_augmented; scenario=many_topic_explicit_shift_or_return
topic_label_v3_1_12000_10818,Returning to why light can act like a wave and a particle: I finally know what bothered me.,Executive Orders,Mole Concept | Churn Rate | Webhooks | Primary Source Analysis | Hormone Regulation | Straw Man Arguments | Free Body Diagrams | Tire Pressure | Memorization vs Understanding | Knife Sharpening | Close Reading | Free Will | Inductive Reasoning | Engines | Derivatives | Reinforcement Learning | Market Positioning | Organic Functional Groups | Executive Function | Hydration Errors | Bayes Theorem | Doppler Effect | Digestive Enzymes | Idioms | Executive Orders | Unit Economics | Cloud Formation | Blind Spot Checks | Allergies | Light as a Wave and Particle,,Light as a Wave and Particle,explicit_topic_reference,0.91,True,v3.1 early_activity_augmented; scenario=many_topic_explicit_shift_or_return
topic_label_v3_1_12000_10819,Can we go back to React Props? I think I left that one too early.,Valid vs Sound Arguments,Angular Momentum | Systems of Equations | Vector Search | Executive Function | Natural Selection | Executive Orders | Circular Reasoning | Gesture Drawing | Model Evaluation | Gas Laws | Paragraph Transitions | Residuals | Defamation | React Props | Mitosis vs Meiosis | Knife Skills | Straw Man Arguments | Circadian Rhythm | Deontology | Memorization vs Understanding | Cold War Proxy Wars | Password Hashing | Budgeting | Bayes Theorem | Voltage vs Current | Pronoun Reference | Chemical Equilibrium | Insurance Deductible | Profit Margin | Valid vs Sound Arguments,What would make this obvious if I saw it somewhere else? | I am trying not to memorize the surface pattern.,React Props,explicit_topic_reference,0.93,True,v3.1 early_activity_augmented; scenario=many_topic_explicit_shift_or_return
topic_label_v3_1_12000_10820,I see Attention Mechanism in the list; can we use that topic again?,Model Evaluation,Battery Chemistry | Air Pressure Systems | Attention Mechanism | Rate Limits | Dopamine | Idioms | Profit Margin | Function Notation | Linear Equations | Visual Hierarchy | Knife Skills | Cold War Proxy Wars | Laundry Symbols | Chord Progressions | Product-Market Fit | Preterite vs Imperfect | Tire Pressure | Blind Spot Checks | Cloud Formation | Unit Economics | Dependency Conflicts | Neural Networks | Model Evaluation | Digestive Enzymes | Action Potentials | Torque | OAuth Flow | Stoichiometry | Tenant Rights | False Cognates,"The first version made sense, then the second version made me realize I did not actually get the first one.",Attention Mechanism,explicit_topic_reference,0.90,True,v3.1 early_activity_augmented; scenario=many_topic_explicit_shift_or_return
topic_label_v3_1_12000_10821,Can we go back to Trigonometry? I think I left that one too early.,Spanish Pronouns,Primary Source Analysis | Environment Variables | Spanish Pronouns | Attention Switching | Trigonometry | Oil Changes | Circuit Breakers | Immune Memory | Attention Mechanism | Wireframes | Electoral College | React Props,"I am trying not to memorize the surface pattern. | I can recognize it after I see it, but I cannot produce it myself.",Trigonometry,explicit_topic_reference,0.88,True,v3.1 early_activity_augmented; scenario=many_topic_explicit_shift_or_return
topic_label_v3_1_12000_10822,Returning to Chemical Equilibrium: I finally know what bothered me.,Wave-Particle Duality,Chain Rule | Checks and Balances | Working Memory | Dependency Conflicts | Cloud Formation | Immune Memory | Chemical Equilibrium | Moral Luck | Residuals | Virtue Ethics | Encryption | Food Webs | Wave-Particle Duality | Engines | Conceptual Analysis | Industrial Revolution | JavaScript Promises | Angular Momentum,"I want to know what to pay attention to first. | I can follow it while looking at the example, but I lose it when the wording changes. | I keep mixing this up with the nearby idea.",Chemical Equilibrium,explicit_topic_reference,0.90,True,v3.1 early_activity_augmented; scenario=many_topic_explicit_shift_or_return
topic_label_v3_1_12000_10823,"not sure how to phrase this, but Customer Segmentation is where my brain keeps getting stuck.",Renewable Energy Grid,Idioms | SQL Joins | Pronoun Reference | Market Positioning | Historical Significance | REST APIs | Vector Search | Budgeting | Engines | Renewable Energy Grid | Genetic Drift | Amortization,,Customer Segmentation,explicit_topic_reference,0.87,True,v3.1 early_activity_augmented; scenario=many_topic_explicit_shift_or_return
topic_label_v3_1_12000_10824,"when people say Food Webs, what should I be imagining?",Preterite vs Imperfect,Measuring Ingredients | Electric Fields | Room Acoustics | Separation of Powers | Preterite vs Imperfect | Reading Comprehension | Camera Framing | Overfitting,"I can recognize it after I see it, but I cannot produce it myself. | I keep mixing this up with the nearby idea.",Food Webs,explicit_topic_reference,0.90,True,v3.1 early_activity_augmented; scenario=many_topic_explicit_shift_or_return
topic_label_v3_1_12000_10825,What would overfitting look like in a simple example?,SQL Joins,Wave-Particle Duality | Systems of Equations | Break-Even Point | Dependency Conflicts | Plea Bargains | Cash Flow | Visual Hierarchy | Procrastination | Urban Heat Islands | TypeScript Generics | Colonialism | Valid vs Sound Arguments | Straw Man Arguments | Oil Changes | JavaScript Promises | One-Point Perspective | Regression Lines | Deductive Reasoning | Typography | SQL Joins | Emotional Regulation | Wireframes | Kidney Filtration | Torque | Pronoun Reference | Insurance Deductible | Knife Skills | API Routes | Climate Feedbacks | Map Scale,,Overfitting,explicit_topic_reference,0.93,True,v3.1 early_activity_augmented; scenario=many_topic_explicit_shift_or_return
topic_label_v3_1_12000_10826,"I started somewhere else, but the confusion is landing on electricity.",Plea Bargains,Paragraph Transitions | Deontology | Circular Reasoning | French Pronunciation | Gas Laws | Blood Pressure Regulation | Password Hashing | Chain Rule | Pragmatics | One-Point Perspective | Linear Equations | Knife Sharpening | Unit Economics | Idioms | Attention Switching | Le Chatelier's Principle | Procrastination | Plea Bargains | REST APIs | Systems of Equations | Meal Planning | Climate Feedbacks | Sodium-Potassium Pump | Tire Pressure | World War I Causes,,Electricity,explicit_topic_reference,0.91,True,v3.1 early_activity_augmented; scenario=many_topic_explicit_shift_or_return
topic_label_v3_1_12000_10827,I see statistical significance in the list; can we use that topic again?,Organic Functional Groups,Supply and Demand | Problem of Induction | Idioms | Reading Comprehension | Free Will | Urban Heat Islands | Gesture Drawing | Organic Functional Groups | Statistical Significance | Gas Laws | Caching | Resonance,Can we make it less abstract?,Statistical Significance,explicit_topic_reference,0.88,True,v3.1 early_activity_augmented; scenario=many_topic_explicit_shift_or_return
topic_label_v3_1_12000_10828,Can we go back to Synaptic Transmission? I think I left that one too early.,Logical Fallacies,Simple Harmonic Motion | Treaty of Versailles | Logical Fallacies | Chain Rule | Synaptic Transmission | Civil Liberties vs Civil Rights | Supply and Demand | Wave-Particle Duality | Working Memory | Urban Heat Islands | Potential Energy | Air Pressure Systems | Credit Card Interest | Magnetic Induction | Kidney Filtration | Laundry Symbols | Acids vs Bases | Budgeting | Statistical Significance | Encryption | Correlation vs Causation | Terminal Velocity | Preterite vs Imperfect | Visual Hierarchy | Idioms,,Synaptic Transmission,explicit_topic_reference,0.97,True,v3.1 early_activity_augmented; scenario=many_topic_explicit_shift_or_return
topic_label_v3_1_12000_10829,Returning to circuit breakers: I finally know what bothered me.,Customer Segmentation,Discourse Markers | Tenant Rights | Circuit Breakers | Overfitting | Customer Segmentation | Paragraph Transitions | Acids vs Bases | Product-Market Fit | Blood Pressure Regulation | Camera Framing | Knife Sharpening | Attention Mechanism,I tried making my own example and it immediately got messy.,Circuit Breakers,explicit_topic_reference,0.96,True,v3.1 early_activity_augmented; scenario=many_topic_explicit_shift_or_return
topic_label_v3_1_12000_10830,say the topic is react props; what is the first thing I should actually understand?,Lifetime Value,Lifetime Value | Knife Skills | Caching | Action Potentials | Tire Pressure | Logical Fallacies | Enzyme Specificity | One-Point Perspective | Electron Configuration | Immune Memory | Light as a Wave and Particle | Knife Sharpening | Close Reading | Fractions | Renewable Energy Grid | Trigonometry | React Props | Attention Switching,"I can follow it while looking at the example, but I lose it when the wording changes. | The example helped a little, but I still cannot transfer it.",React Props,explicit_topic_reference,0.96,True,v3.1 early_activity_augmented; scenario=many_topic_explicit_shift_or_return
topic_label_v3_1_12000_10831,"Before we go further, I need a cleaner explanation of trigonometry.",Room Acoustics,Separation of Powers | Covalent Bonding | Quadratic Functions | Room Acoustics | Attention Switching | Food Webs | Idioms | Trigonometry | Inductive Reasoning | Working Memory | Measuring Ingredients | Emergency Fund,That sounded clear for five seconds and then disappeared. | I tried making my own example and it immediately got messy.,Trigonometry,explicit_topic_reference,0.93,True,v3.1 early_activity_augmented; scenario=many_topic_explicit_shift_or_return
topic_label_v3_1_12000_10832,"I can tell JavaScript Promises matters, but I cannot tell what job it is doing.",Quadratic Functions,Unit Economics | Preterite vs Imperfect | Quadratic Functions | Chemical Equilibrium | Market Positioning | Defamation | Air Pressure Systems | Fractions | Function Notation | SQL Joins | Working Memory | Synaptic Transmission | Break-Even Point | Civil Liberties vs Civil Rights | Digestive Enzymes | Moral Luck | Virtue Ethics | Model Evaluation | Spanish Pronouns | Neural Networks | Topic Sentences | Systems of Equations | Credit Card Interest | Executive Function | Ocean Currents,I might be missing the middle step.,JavaScript Promises,explicit_topic_reference,0.93,True,v3.1 early_activity_augmented; scenario=many_topic_explicit_shift_or_return
topic_label_v3_1_12000_10833,I see cloud formation in the list; can we use that topic again?,Discourse Markers,Cloud Formation | JavaScript Promises | Linear Equations | Discourse Markers | Measuring Ingredients | Bayes Theorem | Straw Man Arguments | Climate Feedbacks,Can we make it less abstract?,Cloud Formation,explicit_topic_reference,0.95,True,v3.1 early_activity_augmented; scenario=many_topic_explicit_shift_or_return
topic_label_v3_1_12000_10834,"I thought the issue was Ocean Currents, but the thing I need now is Cell Membrane Transport.",Ocean Currents,SQL Joins | Discourse Markers | Meal Planning | Electricity | Checks and Balances | Oil Changes | Primary Source Analysis | Cash Flow | Training Data Bias | Dependency Conflicts | Synaptic Transmission | Renewable Energy Grid | Digestive Enzymes | Voltage vs Current | JavaScript Promises | Tenant Rights | Ocean Currents | Encryption | Budgeting | Amortization | Virtue Ethics | Problem of Induction | Lifetime Value | Trigonometry | Preterite vs Imperfect,I keep mixing this up with the nearby idea. | What would make this obvious if I saw it somewhere else?,Cell Membrane Transport,explicit_topic_reference,0.96,True,v3.1 early_activity_augmented; scenario=many_topic_explicit_shift_or_return
topic_label_v3_1_12000_10835,"not sure how to phrase this, but quadratic functions is where my brain keeps getting stuck.",Register in Language,Chain Rule | Storyboarding | Lighting Ratios | Fight-or-Flight Response | Straw Man Arguments | Renewable Energy Grid | World War I Causes | Working Memory | Meal Planning | Plea Bargains | Quadratic Functions | React Props | Stoichiometry | Inflammation | Passive Voice | Attention Switching | Food Webs | OAuth Flow | Register in Language | Conversion Funnel | Emergency Fund | Torque | Organic Functional Groups | Executive Function | Electoral College,,Quadratic Functions,explicit_topic_reference,0.94,True,v3.1 early_activity_augmented; scenario=many_topic_explicit_shift_or_return
topic_label_v3_1_12000_10836,Can we go back to why light can act like a wave and a particle? I think I left that one too early.,Digestive Enzymes,Digestive Enzymes | Enzyme Specificity | Primary Source Analysis | Churn Rate | Food Safety | Osmosis | Problem of Induction | Battery Chemistry | Natural Selection | Contract Law Basics | Camera Framing | Dopamine | Conceptual Analysis | Light as a Wave and Particle | Industrial Revolution | Free Will | Transcription and Translation | Category Errors,"The example helped a little, but I still cannot transfer it. | I might be missing the middle step. | The first version made sense, then the second version made me realize I did not actually get the first one.",Light as a Wave and Particle,explicit_topic_reference,0.89,True,v3.1 early_activity_augmented; scenario=many_topic_explicit_shift_or_return
topic_label_v3_1_12000_10837,"Model Evaluation is the thing I actually want to understand, not the broader unit around it.",Transcription and Translation,Attention Switching | Transcription and Translation | Burden of Proof | Climate Feedbacks | Privacy Rights | Reinforcement Learning | Attention Mechanism | Overfitting | Blood Pressure Regulation | Historical Significance | Training Data Bias | Dopamine | Kinetic Energy | Resonance | Blind Spot Checks | Simple Harmonic Motion | Knife Skills | Light as a Wave and Particle | Typography | Dependency Conflicts | Residuals | Emotional Regulation | Cold War Proxy Wars | Knife Sharpening | React Props,"The first version made sense, then the second version made me realize I did not actually get the first one. | I keep mixing this up with the nearby idea.",Model Evaluation,explicit_topic_reference,0.93,True,v3.1 early_activity_augmented; scenario=many_topic_explicit_shift_or_return
topic_label_v3_1_12000_10838,the actual blocker is reinforcement learning; I can name it now but I do not understand it.,Voltage vs Current,Colonialism | Electron Configuration | Correlation vs Causation | Deontology | Voltage vs Current | Air Pressure Systems | Profit Margin | Copyright Fair Use | Reinforcement Learning | Derivatives | Plea Bargains | Map Scale,"I am trying not to memorize the surface pattern. | I can follow it while looking at the example, but I lose it when the wording changes.",Reinforcement Learning,explicit_topic_reference,0.94,True,v3.1 early_activity_augmented; scenario=many_topic_explicit_shift_or_return
topic_label_v3_1_12000_10839,Can we go back to the dual nature of light? I think I left that one too early.,Idioms,Map Scale | Wave-Particle Duality | Spanish Pronouns | Chemical Equilibrium | Idioms | Separation of Powers | Food Safety | Light as a Wave and Particle | Valid vs Sound Arguments | Cold War Proxy Wars | Attention Switching | Industrial Revolution | API Routes | Civil Liberties vs Civil Rights | Privacy Rights | Laundry Symbols | REST APIs | Electron Configuration | Simple Harmonic Motion | Circle of Fifths | Emotional Regulation | Residuals | Dependency Conflicts | Inductive Reasoning | Latitude vs Longitude,I tried making my own example and it immediately got messy.,Wave-Particle Duality,explicit_topic_reference,0.87,True,v3.1 early_activity_augmented; scenario=many_topic_explicit_shift_or_return
topic_label_v3_1_12000_10840,"Circadian Rhythm is the thing I actually want to understand, not the broader unit around it.",World War I Causes,Food Webs | Industrial Revolution | French Revolution Causes | Osmosis | Idioms | TypeScript Generics | Laundry Symbols | Voltage vs Current | Shading Values | DNA Replication | Customer Segmentation | Pronoun Reference | Logical Fallacies | Covalent Bonding | Electric Fields | Tidal Energy | Category Errors | Rate Limits | Engines | Churn Rate | Market Positioning | Test Anxiety | Contract Law Basics | Regression Lines | Copyright Fair Use | Separation of Powers | World War I Causes | Bayes Theorem | Quadratic Functions | Room Acoustics,,Circadian Rhythm,explicit_topic_reference,0.91,True,v3.1 early_activity_augmented; scenario=many_topic_explicit_shift_or_return
topic_label_v3_1_12000_10841,Can MyWay make a topic for Close Reading? That is what I want to work on.,Cash Flow,Topic Sentences | Derivatives | Primary Source Analysis | Straw Man Arguments | Air Pressure Systems | Oil Changes | Amortization | Laundry Symbols | Le Chatelier's Principle | Direct Objects in Spanish | Carbon Cycle | Attention Switching | Credit Card Interest | Gas Laws | One-Point Perspective | Magnetic Induction | Inventory Turnover | Conversion Funnel | Dependency Conflicts | Simple Harmonic Motion | Tire Pressure | Category Errors | Free Body Diagrams | Photosynthesis | Motivation Loops | TypeScript Generics | Cash Flow | Logical Fallacies | Regression Lines | Room Acoustics,,Close Reading,explicit_topic_reference,0.97,True,v3.1 early_activity_augmented; scenario=many_topic_explicit_shift_or_return
topic_label_v3_1_12000_10842,switching gears: mitosis versus meiosis is what I want to learn about next.,Neural Networks,Transcription and Translation | Confidence Intervals | Laundry Symbols | Action Potentials | Neural Networks | Ocean Currents | Acids vs Bases | Light as a Wave and Particle | Reading Comprehension | Latitude vs Longitude | Torque | Cloud Formation | Training Data Bias | Knife Sharpening | Lifetime Value | One-Point Perspective | Encryption | Bayes Theorem,"The first version made sense, then the second version made me realize I did not actually get the first one.",Mitosis vs Meiosis,explicit_topic_reference,0.98,True,v3.1 early_activity_augmented; scenario=many_topic_explicit_shift_or_return
topic_label_v3_1_12000_10843,Returning to word order in spanish: I finally know what bothered me.,Fluid Pressure,Executive Function | Electric Fields | Deductive Reasoning | Problem of Induction | Liability | Hydration Errors | Quadratic Functions | Preterite vs Imperfect | Procrastination | Kidney Filtration | Simple Harmonic Motion | React Props | Geothermal Energy | Word Order in Spanish | Fluid Pressure | Map Scale | Ecological Succession | Colonialism | Measuring Ingredients | Food Webs | Credit Card Interest | Tire Pressure | Overfitting | API Routes | Conversion Funnel,Can we make it less abstract?,Word Order in Spanish,explicit_topic_reference,0.95,True,v3.1 early_activity_augmented; scenario=many_topic_explicit_shift_or_return
topic_label_v3_1_12000_10844,"not sure how to phrase this, but Synaptic Transmission is where my brain keeps getting stuck.",Chord Progressions,Decision Fatigue | Light as a Wave and Particle | Chord Progressions | REST APIs | Torque | Reading Comprehension | Problem of Induction | Direct Objects in Spanish,I keep mixing this up with the nearby idea. | I do not need more facts yet; I need the shape of it.,Synaptic Transmission,explicit_topic_reference,0.97,True,v3.1 early_activity_augmented; scenario=many_topic_explicit_shift_or_return
topic_label_v3_1_12000_10845,"not sure how to phrase this, but credit card interest is where my brain keeps getting stuck.",Idioms,Idioms | Separation of Powers | Encryption | Credit Card Interest | Attention Switching | Acids vs Bases | Urban Heat Islands | Color Contrast | TypeScript Generics | Deductive Reasoning | Spanish Pronouns | Confidence Intervals | Industrial Revolution | Panic Response | Derivatives | Inflammation | Emergency Fund | Angular Momentum,"What would make this obvious if I saw it somewhere else? | I can recognize it after I see it, but I cannot produce it myself.",Credit Card Interest,explicit_topic_reference,0.91,True,v3.1 early_activity_augmented; scenario=many_topic_explicit_shift_or_return
topic_label_v3_1_12000_10846,switching gears: Engines is what I want to learn about next.,Copyright Fair Use,Tax Forms | Meal Planning | Immune Memory | Tire Pressure | Cell Membrane Transport | Copyright Fair Use | Attention Switching | Color Contrast | Historical Significance | Map Scale | Shading Values | Procrastination,I might be missing the middle step.,Engines,explicit_topic_reference,0.87,True,v3.1 early_activity_augmented; scenario=many_topic_explicit_shift_or_return
topic_label_v3_1_12000_10847,"it is embarrassing, but le chatelier's principle still feels like a magic word to me.",Conversion Funnel,Virtue Ethics | Allergies | Motivation Loops | TypeScript Generics | Attention Switching | Plea Bargains | Systems of Equations | Amortization | Propaganda | Conversion Funnel | Fight-or-Flight Response | Tokenization,I might be missing the middle step.,Le Chatelier's Principle,explicit_topic_reference,0.89,True,v3.1 early_activity_augmented; scenario=many_topic_explicit_shift_or_return
topic_label_v3_1_12000_10848,Returning to electoral college: I finally know what bothered me.,Pronoun Reference,Electricity | Pronoun Reference | Separation of Powers | False Cognates | Contract Law Basics | Inflammation | Straw Man Arguments | Electoral College | Biodiversity | Typography | Word Order in Spanish | Tax Forms,"The example helped a little, but I still cannot transfer it.",Electoral College,explicit_topic_reference,0.92,True,v3.1 early_activity_augmented; scenario=many_topic_explicit_shift_or_return
topic_label_v3_1_12000_10849,"If we were going to make treaty of versailles easy, what would we start with?",Bayes Theorem,Caching | Bayes Theorem | Knife Sharpening | Primary Source Analysis | Watersheds | Electricity | Map Scale | Derivatives,,Treaty of Versailles,explicit_topic_reference,0.95,True,v3.1 early_activity_augmented; scenario=many_topic_explicit_shift_or_return
topic_label_v3_1_12000_10850,Can MyWay make a topic for model evaluation? That is what I want to work on.,False Cognates,Immune Memory | False Cognates | Free Will | Procrastination | Quadratic Functions | Caching | Cash Flow | Amortization,I am trying not to memorize the surface pattern. | I want to know what to pay attention to first. | What would make this obvious if I saw it somewhere else?,Model Evaluation,explicit_topic_reference,0.87,True,v3.1 early_activity_augmented; scenario=many_topic_explicit_shift_or_return
topic_label_v3_1_12000_10851,"I started somewhere else, but the confusion is landing on Tire Pressure.",Engines,Civil Liberties vs Civil Rights | Electron Configuration | Tire Pressure | Camera Framing | Fight-or-Flight Response | Credit Card Interest | Organic Functional Groups | Engines,I tried making my own example and it immediately got messy. | I do not need more facts yet; I need the shape of it. | I am trying not to memorize the surface pattern.,Tire Pressure,explicit_topic_reference,0.95,True,v3.1 early_activity_augmented; scenario=many_topic_explicit_shift_or_return
topic_label_v3_1_12000_10852,Can we go back to electricity? I think I left that one too early.,Room Acoustics,Pay Stubs | Transcription and Translation | Electricity | SQL Joins | Colonialism | Room Acoustics | Inductive Reasoning | Allergies | Cloud Formation | Residuals | OAuth Flow | French Pronunciation,I keep mixing this up with the nearby idea.,Electricity,explicit_topic_reference,0.86,True,v3.1 early_activity_augmented; scenario=many_topic_explicit_shift_or_return
topic_label_v3_1_12000_10853,Returning to Attention Mechanism: I finally know what bothered me.,Training Data Bias,Attention Mechanism | Caching | Trigonometry | Valid vs Sound Arguments | Model Evaluation | Spanish Pronouns | Supply and Demand | Terminal Velocity | Propaganda | Break-Even Point | Linear Equations | Moral Luck | SQL Joins | Enzyme Specificity | Mole Concept | Fight-or-Flight Response | Ocean Currents | Training Data Bias,"I think I understand the words but not the mechanism. | I might be missing the middle step. | I can follow it while looking at the example, but I lose it when the wording changes.",Attention Mechanism,explicit_topic_reference,0.95,True,v3.1 early_activity_augmented; scenario=many_topic_explicit_shift_or_return
topic_label_v3_1_12000_10854,"the new question is about light being both a wave and a particle, not really about Cash Flow.",Cash Flow,Visual Hierarchy | Integrals | SQL Joins | Checks and Balances | Conceptual Analysis | Normal Distribution | Propaganda | Simple Harmonic Motion | Correlation vs Causation | Cash Flow | Plea Bargains | Acids vs Bases,"I keep mixing this up with the nearby idea. | Can we make it less abstract? | I can follow it while looking at the example, but I lose it when the wording changes.",Light as a Wave and Particle,explicit_topic_reference,0.94,True,v3.1 early_activity_augmented; scenario=many_topic_explicit_shift_or_return
topic_label_v3_1_12000_10855,"If we were going to make treaty of versailles easy, what would we start with?",Organic Functional Groups,Organic Functional Groups | Treaty of Versailles | Knife Skills | Market Positioning | Voltage vs Current | Angular Momentum | Room Acoustics | Free Body Diagrams,,Treaty of Versailles,explicit_topic_reference,0.96,True,v3.1 early_activity_augmented; scenario=many_topic_explicit_shift_or_return
topic_label_v3_1_12000_10856,I am not asking about Register in Language anymore. The thing is Copyright Fair Use.,Register in Language,Historical Significance | Register in Language | Color Contrast | Mole Concept | Attention Switching | Copyright Fair Use | Insurance Deductible | JavaScript Promises,I tried making my own example and it immediately got messy.,Copyright Fair Use,explicit_topic_reference,0.92,True,v3.1 early_activity_augmented; scenario=many_topic_explicit_shift_or_return
topic_label_v3_1_12000_10857,I see REST APIs in the list; can we use that topic again?,Ecological Succession,Blood Pressure Regulation | Procrastination | Regression Lines | Rate Limits | Neural Networks | Climate Feedbacks | Tokenization | Utilitarianism | Derivatives | Memorization vs Understanding | Ecological Succession | Close Reading | Profit Margin | Normal Distribution | Cognitive Load | Propaganda | Historical Significance | Immune Memory | Genetic Drift | Angular Momentum | Primary Source Analysis | Linear Equations | REST APIs | Correlation vs Causation | Inductive Reasoning | Storyboarding | Emotional Regulation | Training Data Bias | Room Acoustics | Photosynthesis,,REST APIs,explicit_topic_reference,0.94,True,v3.1 early_activity_augmented; scenario=many_topic_explicit_shift_or_return
topic_label_v3_1_12000_10858,The example is fine; the concept I need is Supply and Demand.,Pragmatics,Pragmatics | API Routes | Covalent Bonding | Straw Man Arguments | Kinetic Energy | Hormone Regulation | Color Contrast | Rate Limits | Supply and Demand | Insurance Deductible | Necessary vs Sufficient Conditions | React Props | Problem of Induction | Churn Rate | Paragraph Transitions | Light as a Wave and Particle | Latitude vs Longitude | Digestive Enzymes,"I can recognize it after I see it, but I cannot produce it myself. | I think I understand the words but not the mechanism.",Supply and Demand,explicit_topic_reference,0.92,True,v3.1 early_activity_augmented; scenario=many_topic_explicit_shift_or_return
topic_label_v3_1_12000_10859,Returning to Electoral College: I finally know what bothered me.,Moral Luck,Break-Even Point | Electoral College | Valid vs Sound Arguments | Training Data Bias | Moral Luck | Pronoun Reference | French Revolution Causes | Paragraph Transitions | Immune Memory | Doppler Effect | DNA Replication | Enzyme Specificity | Hydration Errors | JavaScript Promises | Overfitting | French Pronunciation | Circadian Rhythm | Memorization vs Understanding | Cloud Formation | Supply and Demand | Motivation Loops | Emergency Fund | Cold War Proxy Wars | Residuals | Employment Standards | Preterite vs Imperfect | Reinforcement Learning | Wave-Particle Duality | Blood Pressure Regulation | Magnetic Induction,I want to know what to pay attention to first. | I might be missing the middle step. | What would make this obvious if I saw it somewhere else?,Electoral College,explicit_topic_reference,0.91,True,v3.1 early_activity_augmented; scenario=many_topic_explicit_shift_or_return
topic_label_v3_1_12000_10860,Returning to visual hierarchy: I finally know what bothered me.,Hormone Regulation,Ocean Currents | Quadratic Functions | Attention Switching | Visual Hierarchy | Hydration Errors | Hormone Regulation | Moral Luck | Climate Feedbacks,What would make this obvious if I saw it somewhere else?,Visual Hierarchy,explicit_topic_reference,0.87,True,v3.1 early_activity_augmented; scenario=many_topic_explicit_shift_or_return
topic_label_v3_1_12000_10861,I keep circling around Copyright Fair Use; maybe that should be the actual topic.,Unit Economics,Fractions | Air Pressure Systems | Test Anxiety | Watersheds | Typography | Budgeting | Discourse Markers | Decision Fatigue | Logical Fallacies | Climate Feedbacks | Renewable Energy Grid | Inventory Turnover | Privacy Rights | Unit Economics | Mole Concept | Idioms | Deductive Reasoning | Bayes Theorem,I tried making my own example and it immediately got messy.,Copyright Fair Use,explicit_topic_reference,0.87,True,v3.1 early_activity_augmented; scenario=many_topic_explicit_shift_or_return
topic_label_v3_1_12000_10862,I see Natural Selection in the list; can we use that topic again?,Cloud Formation,Angular Momentum | Measuring Ingredients | Profit Margin | Tax Forms | Plea Bargains | Cloud Formation | Watersheds | Carbon Cycle | Meal Planning | Battery Chemistry | Torque | Lifetime Value | Test Anxiety | Electron Configuration | Resonance | Password Hashing | Conversion Funnel | Knife Sharpening | Natural Selection | Geothermal Energy | Hydration Errors | Simple Harmonic Motion | Ecological Succession | Encryption | Trigonometry,"I can follow it while looking at the example, but I lose it when the wording changes. | That sounded clear for five seconds and then disappeared.",Natural Selection,explicit_topic_reference,0.95,True,v3.1 early_activity_augmented; scenario=many_topic_explicit_shift_or_return
topic_label_v3_1_12000_10863,"I keep seeing Trigonometry mentioned, and I want to know what it is actually doing.",Mole Concept,Fractions | Climate Feedbacks | Ocean Currents | Decision Fatigue | Deductive Reasoning | Simple Harmonic Motion | Memorization vs Understanding | Circle of Fifths | Residuals | Privacy Rights | Renewable Energy Grid | Emergency Fund | Mole Concept | Conversion Funnel | Inductive Reasoning | Correlation vs Causation | Action Potentials | Trigonometry | Gas Laws | Sodium-Potassium Pump | Cold War Proxy Wars | Pronoun Reference | Attention Switching | Osmosis | Spanish Pronouns,"I might be missing the middle step. | The example helped a little, but I still cannot transfer it.",Trigonometry,explicit_topic_reference,0.88,True,v3.1 early_activity_augmented; scenario=many_topic_explicit_shift_or_return
topic_label_v3_1_12000_10864,"If we were going to make reinforcement learning easy, what would we start with?",Product-Market Fit,Oil Changes | Latitude vs Longitude | Gesture Drawing | Inductive Reasoning | Unit Economics | Cloud Formation | Conceptual Analysis | Dopamine | Discourse Markers | Executive Orders | Customer Segmentation | Close Reading | Stoichiometry | Food Webs | Product-Market Fit | DNA Replication | Enzyme Specificity | OAuth Flow | Electricity | Systems of Equations | Credit Card Interest | Mitosis vs Meiosis | Sodium-Potassium Pump | French Pronunciation | Cell Membrane Transport | Cash Flow | Reinforcement Learning | Plea Bargains | Mole Concept | Circuit Breakers,"I can follow it while looking at the example, but I lose it when the wording changes.",Reinforcement Learning,explicit_topic_reference,0.94,True,v3.1 early_activity_augmented; scenario=many_topic_explicit_shift_or_return
topic_label_v3_1_12000_10865,could the next topic be Map Scale? I need the gentle version first.,Lifetime Value,Measuring Ingredients | Cold War Proxy Wars | Word Order in Spanish | Tokenization | Statistical Significance | Executive Orders | Vector Search | Colonialism | JavaScript Promises | Enzyme Specificity | False Cognates | Map Scale | Acids vs Bases | Break-Even Point | Lifetime Value | Ocean Currents | Amortization | Covalent Bonding,I do not need more facts yet; I need the shape of it.,Map Scale,explicit_topic_reference,0.92,True,v3.1 early_activity_augmented; scenario=many_topic_explicit_shift_or_return
topic_label_v3_1_12000_10866,the part that keeps slipping is torque; everything else around it is kind of noise right now.,Stoichiometry,Laundry Symbols | Civil Liberties vs Civil Rights | Close Reading | Privacy Rights | Chemical Equilibrium | Stoichiometry | Voltage vs Current | Deductive Reasoning | Light as a Wave and Particle | Circadian Rhythm | Emergency Fund | Register in Language,,Torque,explicit_topic_reference,0.92,True,v3.1 early_activity_augmented; scenario=many_topic_explicit_shift_or_return
topic_label_v3_1_12000_10867,I see Working Memory in the list; can we use that topic again?,Integrals,Colonialism | Torque | Reading Comprehension | Residuals | Simple Harmonic Motion | Motivation Loops | Le Chatelier's Principle | Electric Fields | Laundry Symbols | Working Memory | Break-Even Point | Integrals,"I can recognize it after I see it, but I cannot produce it myself.",Working Memory,explicit_topic_reference,0.88,True,v3.1 early_activity_augmented; scenario=many_topic_explicit_shift_or_return
topic_label_v3_1_12000_10868,I see Quadratic Functions in the list; can we use that topic again?,Hormone Regulation,Linear Equations | Typography | Function Notation | Chord Progressions | Straw Man Arguments | Shading Values | Executive Orders | Residuals | Meal Planning | Enzyme Specificity | Allergies | Measuring Ingredients | Le Chatelier's Principle | Contract Law Basics | Market Positioning | Latitude vs Longitude | Action Potentials | Wireframes | World War I Causes | Amortization | Hormone Regulation | Colonialism | Quadratic Functions | Word Order in Spanish | Plea Bargains,"The answer is there, but I do not know why it is the answer. | I am trying not to memorize the surface pattern.",Quadratic Functions,explicit_topic_reference,0.94,True,v3.1 early_activity_augmented; scenario=many_topic_explicit_shift_or_return
topic_label_v3_1_12000_10869,I see Natural Selection in the list; can we use that topic again?,Tire Pressure,Budgeting | Natural Selection | Propaganda | Spanish Pronouns | Ecological Succession | Executive Orders | Burden of Proof | Cloud Formation | Tire Pressure | Biodiversity | Latitude vs Longitude | Lighting Ratios,"I can recognize it after I see it, but I cannot produce it myself.",Natural Selection,explicit_topic_reference,0.96,True,v3.1 early_activity_augmented; scenario=many_topic_explicit_shift_or_return
topic_label_v3_1_12000_10870,Can we go back to motivation loops? I think I left that one too early.,Potential Energy,Motivation Loops | Historical Significance | Potential Energy | Treaty of Versailles | Supply and Demand | Trigonometry | Circle of Fifths | False Cognates,I think I understand the words but not the mechanism.,Motivation Loops,explicit_topic_reference,0.97,True,v3.1 early_activity_augmented; scenario=many_topic_explicit_shift_or_return
topic_label_v3_1_12000_10871,Can we go back to the sign-in handoff? I think I left that one too early.,Air Pressure Systems,Idioms | JavaScript Promises | Primary Source Analysis | Meal Planning | One-Point Perspective | Cold War Proxy Wars | Watersheds | Air Pressure Systems | Tokenization | OAuth Flow | Overfitting | Pronoun Reference,"I can recognize it after I see it, but I cannot produce it myself. | I tried making my own example and it immediately got messy.",OAuth Flow,explicit_topic_reference,0.88,True,v3.1 early_activity_augmented; scenario=many_topic_explicit_shift_or_return
topic_label_v3_1_12000_10872,I see circuit breakers in the list; can we use that topic again?,Virtue Ethics,Correlation vs Causation | French Revolution Causes | Historical Significance | Decision Fatigue | Circadian Rhythm | Blind Spot Checks | Chain Rule | Terminal Velocity | Derivatives | Air Pressure Systems | Idioms | Genetic Drift | Laundry Symbols | Virtue Ethics | Function Notation | Free Will | Wireframes | Colonialism | Acids vs Bases | Market Positioning | Electoral College | Statistical Significance | Discourse Markers | OAuth Flow | Dependency Conflicts | Deontology | React Props | Inventory Turnover | Circuit Breakers | Preterite vs Imperfect,I might be missing the middle step. | I want to know what to pay attention to first. | I keep mixing this up with the nearby idea.,Circuit Breakers,explicit_topic_reference,0.87,True,v3.1 early_activity_augmented; scenario=many_topic_explicit_shift_or_return
topic_label_v3_1_12000_10873,Can we go back to overfitting? I think I left that one too early.,Ecological Succession,Motivation Loops | Cell Membrane Transport | Trigonometry | Executive Orders | Digestive Enzymes | TypeScript Generics | Camera Framing | Meal Planning | Copyright Fair Use | Webhooks | Rate Limits | Insurance Deductible | Churn Rate | Light as a Wave and Particle | Test Anxiety | Dependency Conflicts | Credit Card Interest | Decision Fatigue | Kinetic Energy | Conceptual Analysis | Ecological Succession | Cognitive Load | Overfitting | Measuring Ingredients | Environment Variables,"I can follow it while looking at the example, but I lose it when the wording changes. | I think I understand the words but not the mechanism.",Overfitting,explicit_topic_reference,0.89,True,v3.1 early_activity_augmented; scenario=many_topic_explicit_shift_or_return
topic_label_v3_1_12000_10874,I see mitosis vs meiosis in the list; can we use that topic again?,Inflammation,Panic Response | Regression Lines | Burden of Proof | Trigonometry | Industrial Revolution | Circuit Breakers | Electoral College | Measuring Ingredients | Mitosis vs Meiosis | False Cognates | Overfitting | Decision Fatigue | Terminal Velocity | Amortization | Color Contrast | Treaty of Versailles | Biodiversity | Synaptic Transmission | Kidney Filtration | Model Evaluation | Tire Pressure | Inflammation | Chord Progressions | Privacy Rights | Colonialism,"The first version made sense, then the second version made me realize I did not actually get the first one. | I tried making my own example and it immediately got messy. | I can follow it while looking at the example, but I lose it when the wording changes.",Mitosis vs Meiosis,explicit_topic_reference,0.86,True,v3.1 early_activity_augmented; scenario=many_topic_explicit_shift_or_return
topic_label_v3_1_12000_10875,I see Training Data Bias in the list; can we use that topic again?,Measuring Ingredients,Wireframes | Executive Function | Knife Sharpening | Residuals | Measuring Ingredients | Word Order in Spanish | Quadratic Functions | Close Reading | Decision Fatigue | Discourse Markers | Fight-or-Flight Response | Engines | Meal Planning | Inductive Reasoning | Utilitarianism | Kinetic Energy | Cold War Proxy Wars | Camera Framing | Electron Configuration | Deontology | Function Notation | Virtue Ethics | Training Data Bias | Mole Concept | Derivatives,I might be missing the middle step.,Training Data Bias,explicit_topic_reference,0.93,True,v3.1 early_activity_augmented; scenario=many_topic_explicit_shift_or_return
topic_label_v3_1_12000_10876,"I started somewhere else, but the confusion is landing on validity versus soundness.",Gas Laws,Chord Progressions | Potential Energy | Dopamine | Derivatives | Reading Comprehension | Air Pressure Systems | Utilitarianism | Inflammation | Executive Orders | Logical Fallacies | Treaty of Versailles | Enzyme Specificity | Direct Objects in Spanish | Cold War Proxy Wars | Gas Laws | Insurance Deductible | Valid vs Sound Arguments | Oil Changes | Cognitive Load | Liability | Electron Configuration | Simple Harmonic Motion | Stoichiometry | Acids vs Bases | Conceptual Analysis,"I want to know what to pay attention to first. | I can recognize it after I see it, but I cannot produce it myself.",Valid vs Sound Arguments,explicit_topic_reference,0.89,True,v3.1 early_activity_augmented; scenario=many_topic_explicit_shift_or_return
topic_label_v3_1_12000_10877,"Whenever Credit Card Interest appears, the explanation starts feeling like another language.",Model Evaluation,Training Data Bias | Memorization vs Understanding | Deontology | Lighting Ratios | Category Errors | Storyboarding | Ocean Currents | Primary Source Analysis | Sodium-Potassium Pump | Model Evaluation | Credit Card Interest | Kinetic Energy | Quadratic Functions | Test Anxiety | Free Will | JavaScript Promises | Executive Orders | Urban Heat Islands | Copyright Fair Use | Budgeting | Civil Liberties vs Civil Rights | Hormone Regulation | Carbon Cycle | Biodiversity | Close Reading,"That sounded clear for five seconds and then disappeared. | I am trying not to memorize the surface pattern. | The example helped a little, but I still cannot transfer it.",Credit Card Interest,explicit_topic_reference,0.94,True,v3.1 early_activity_augmented; scenario=many_topic_explicit_shift_or_return
topic_label_v3_1_12000_10878,"Whenever Typography appears, the explanation starts feeling like another language.",Plea Bargains,Correlation vs Causation | Regression Lines | Blind Spot Checks | Plea Bargains | Decision Fatigue | Hormone Regulation | Dopamine | Contract Law Basics | Genetic Drift | Residuals | Mitosis vs Meiosis | Gas Laws | Knife Sharpening | Webhooks | Topic Sentences | Motivation Loops | Word Order in Spanish | Memorization vs Understanding | Typography | Watersheds | Vector Search | Fight-or-Flight Response | Measuring Ingredients | Free Body Diagrams | Simple Harmonic Motion | Category Errors | Unit Economics | Action Potentials | Air Pressure Systems | Geothermal Energy,"I can recognize it after I see it, but I cannot produce it myself. | The first version made sense, then the second version made me realize I did not actually get the first one.",Typography,explicit_topic_reference,0.91,True,v3.1 early_activity_augmented; scenario=many_topic_explicit_shift_or_return
topic_label_v3_1_12000_10879,"No dramatic question, just: valid and sound arguments. I want to finally get what that means.",Camera Framing,REST APIs | Break-Even Point | Normal Distribution | Camera Framing | Defamation | Executive Function | Conceptual Analysis | Terminal Velocity | React Props | Pragmatics | Tire Pressure | Valid vs Sound Arguments | Cloud Formation | Dependency Conflicts | Utilitarianism | Virtue Ethics | Memorization vs Understanding | Circle of Fifths,,Valid vs Sound Arguments,explicit_topic_reference,0.91,True,v3.1 early_activity_augmented; scenario=many_topic_explicit_shift_or_return
topic_label_v3_1_12000_10880,Returning to Natural Selection: I finally know what bothered me.,Map Scale,Category Errors | Panic Response | Map Scale | Electricity | Churn Rate | Food Webs | Cognitive Load | Circuit Breakers | Digestive Enzymes | Magnetic Induction | French Pronunciation | Separation of Powers | Utilitarianism | Camera Framing | Natural Selection | Photosynthesis | Circle of Fifths | Geothermal Energy,I keep mixing this up with the nearby idea.,Natural Selection,explicit_topic_reference,0.88,True,v3.1 early_activity_augmented; scenario=many_topic_explicit_shift_or_return
topic_label_v3_1_12000_10881,could the next topic be Visual Hierarchy? I need the gentle version first.,Plea Bargains,Food Safety | Tire Pressure | Ocean Currents | Normal Distribution | Latitude vs Longitude | Wireframes | Kinetic Energy | Encryption | Memorization vs Understanding | Reinforcement Learning | Emotional Regulation | Spanish Pronouns | Plea Bargains | Colonialism | Rate Limits | Fractions | Sodium-Potassium Pump | Procrastination | Covalent Bonding | Test Anxiety | Acids vs Bases | Electron Configuration | Tokenization | Executive Orders | Caching | Civil Liberties vs Civil Rights | Residuals | Circular Reasoning | Visual Hierarchy | Meal Planning,I tried making my own example and it immediately got messy. | I do not need more facts yet; I need the shape of it.,Visual Hierarchy,explicit_topic_reference,0.89,True,v3.1 early_activity_augmented; scenario=many_topic_explicit_shift_or_return
topic_label_v3_1_12000_10882,Can MyWay make a topic for Electricity? That is what I want to work on.,Ocean Currents,Confidence Intervals | Tire Pressure | Simple Harmonic Motion | Attention Switching | Pay Stubs | One-Point Perspective | Transcription and Translation | Engines | Ocean Currents | Hormone Regulation | Electoral College | Training Data Bias,,Electricity,explicit_topic_reference,0.88,True,v3.1 early_activity_augmented; scenario=many_topic_explicit_shift_or_return
topic_label_v3_1_12000_10883,quick pivot: Motivation Loops. I want to understand the basic shape before details.,Blood Pressure Regulation,Biodiversity | Ocean Currents | Cash Flow | False Cognates | Problem of Induction | Immune Memory | Pay Stubs | Terminal Velocity | Inflammation | Action Potentials | Synaptic Transmission | Colonialism | Chain Rule | Discourse Markers | Bayes Theorem | Correlation vs Causation | Profit Margin | Acids vs Bases | Shading Values | Blood Pressure Regulation | Climate Feedbacks | Category Errors | Renewable Energy Grid | Motivation Loops | Electron Configuration,I do not need more facts yet; I need the shape of it.,Motivation Loops,explicit_topic_reference,0.90,True,v3.1 early_activity_augmented; scenario=many_topic_explicit_shift_or_return
topic_label_v3_1_12000_10884,Can we go back to chord progressions? I think I left that one too early.,Geothermal Energy,Covalent Bonding | Overfitting | Geothermal Energy | Pay Stubs | Direct Objects in Spanish | Synaptic Transmission | Genetic Drift | Fight-or-Flight Response | Attention Mechanism | Carbon Cycle | Meal Planning | Tax Forms | Motivation Loops | Transcription and Translation | Industrial Revolution | Model Evaluation | Simple Harmonic Motion | Liability | Cash Flow | Regression Lines | Tire Pressure | Chord Progressions | Checks and Balances | Spanish Pronouns | JavaScript Promises,,Chord Progressions,explicit_topic_reference,0.92,True,v3.1 early_activity_augmented; scenario=many_topic_explicit_shift_or_return
topic_label_v3_1_12000_10885,Returning to surface memorization vs understanding: I finally know what bothered me.,Historical Significance,Passive Voice | Knife Sharpening | Chemical Equilibrium | Tire Pressure | Doppler Effect | SQL Joins | Geothermal Energy | Profit Margin | Memorization vs Understanding | Attention Switching | Electoral College | Product-Market Fit | Copyright Fair Use | Free Body Diagrams | REST APIs | Cognitive Load | Ecological Succession | Lighting Ratios | Direct Objects in Spanish | Bayes Theorem | Motivation Loops | Magnetic Induction | Immune Memory | Test Anxiety | Historical Significance,I am trying not to memorize the surface pattern. | I think I understand the words but not the mechanism.,Memorization vs Understanding,explicit_topic_reference,0.87,True,v3.1 early_activity_augmented; scenario=many_topic_explicit_shift_or_return
topic_label_v3_1_12000_10886,"I keep seeing Statistical Significance mentioned, and I want to know what it is actually doing.",Decision Fatigue,Knife Sharpening | Free Body Diagrams | Vector Search | Statistical Significance | Colonialism | Air Pressure Systems | Spanish Pronouns | Decision Fatigue | Circular Reasoning | Copyright Fair Use | Blind Spot Checks | Cognitive Load,"I tried making my own example and it immediately got messy. | The answer is there, but I do not know why it is the answer.",Statistical Significance,explicit_topic_reference,0.93,True,v3.1 early_activity_augmented; scenario=many_topic_explicit_shift_or_return
topic_label_v3_1_12000_10887,I see which Spanish past tense to use in the list; can we use that topic again?,Tokenization,Discourse Markers | Environment Variables | Copyright Fair Use | Topic Sentences | Carbon Cycle | Derivatives | Primary Source Analysis | DNA Replication | Tokenization | Free Will | World War I Causes | Sodium-Potassium Pump | Pragmatics | Fluid Pressure | Inventory Turnover | Liability | Circular Reasoning | Word Order in Spanish | Circadian Rhythm | Preterite vs Imperfect | Meal Planning | Chemical Equilibrium | Cloud Formation | Reading Comprehension | Room Acoustics | Gesture Drawing | Reinforcement Learning | Genetic Drift | Tax Forms | Checks and Balances,"I can recognize it after I see it, but I cannot produce it myself.",Preterite vs Imperfect,explicit_topic_reference,0.97,True,v3.1 early_activity_augmented; scenario=many_topic_explicit_shift_or_return
topic_label_v3_1_12000_10888,Can we go back to Plea Bargains? I think I left that one too early.,Primary Source Analysis,Primary Source Analysis | Latitude vs Longitude | Digestive Enzymes | Plea Bargains | Pain Signals | Password Hashing | Angular Momentum | Action Potentials,I think I understand the words but not the mechanism. | That sounded clear for five seconds and then disappeared.,Plea Bargains,explicit_topic_reference,0.97,True,v3.1 early_activity_augmented; scenario=many_topic_explicit_shift_or_return
topic_label_v3_1_12000_10889,Can we go back to Regression Lines? I think I left that one too early.,Fluid Pressure,Function Notation | Model Evaluation | Fluid Pressure | Kinetic Energy | Osmosis | Preterite vs Imperfect | Urban Heat Islands | Visual Hierarchy | Gas Laws | Circadian Rhythm | Regression Lines | Cognitive Load,"That sounded clear for five seconds and then disappeared. | The answer is there, but I do not know why it is the answer.",Regression Lines,explicit_topic_reference,0.96,True,v3.1 early_activity_augmented; scenario=many_topic_explicit_shift_or_return
topic_label_v3_1_12000_10890,Can we go back to Vector Search? I think I left that one too early.,Profit Margin,Biodiversity | Deductive Reasoning | False Cognates | Deontology | Problem of Induction | Color Contrast | Acids vs Bases | Knife Sharpening | Reinforcement Learning | Covalent Bonding | Insurance Deductible | Cognitive Load | Electricity | Profit Margin | Watersheds | Vector Search | Separation of Powers | Discourse Markers,I might be missing the middle step.,Vector Search,explicit_topic_reference,0.88,True,v3.1 early_activity_augmented; scenario=many_topic_explicit_shift_or_return
topic_label_v3_1_12000_10891,"No dramatic question, just: wave-particle duality. I want to finally get what that means.",Trigonometry,Wireframes | Measuring Ingredients | Privacy Rights | Reinforcement Learning | Plea Bargains | Tidal Energy | Passive Voice | Engines | Webhooks | Electoral College | Logical Fallacies | Cloud Formation | Cell Membrane Transport | Torque | Test Anxiety | Copyright Fair Use | Doppler Effect | Trigonometry,I do not need more facts yet; I need the shape of it. | What would make this obvious if I saw it somewhere else?,Wave-Particle Duality,explicit_topic_reference,0.94,True,v3.1 early_activity_augmented; scenario=many_topic_explicit_shift_or_return
topic_label_v3_1_12000_10892,"I started somewhere else, but the confusion is landing on Cognitive Load.",Circuit Breakers,Circular Reasoning | Cloud Formation | Food Webs | Tenant Rights | Circuit Breakers | Insurance Deductible | Civil Liberties vs Civil Rights | Battery Chemistry,,Cognitive Load,explicit_topic_reference,0.94,True,v3.1 early_activity_augmented; scenario=many_topic_explicit_shift_or_return
topic_label_v3_1_12000_10893,"I thought the issue was French Pronunciation, but the thing I need now is the two Spanish past tenses.",French Pronunciation,Color Contrast | Knife Skills | Idioms | French Pronunciation | Circadian Rhythm | React Props | Mitosis vs Meiosis | Industrial Revolution | Residuals | Motivation Loops | Environment Variables | Angular Momentum,"The example helped a little, but I still cannot transfer it. | I might be missing the middle step.",Preterite vs Imperfect,explicit_topic_reference,0.94,True,v3.1 early_activity_augmented; scenario=many_topic_explicit_shift_or_return
topic_label_v3_1_12000_10894,I see needed versus enough in the list; can we use that topic again?,Pay Stubs,Pay Stubs | REST APIs | Executive Function | Necessary vs Sufficient Conditions | Sodium-Potassium Pump | Function Notation | Derivatives | Trigonometry,I want to know what to pay attention to first. | What would make this obvious if I saw it somewhere else?,Necessary vs Sufficient Conditions,explicit_topic_reference,0.94,True,v3.1 early_activity_augmented; scenario=many_topic_explicit_shift_or_return
topic_label_v3_1_12000_10895,could the next topic be Osmosis? I need the gentle version first.,World War I Causes,Fight-or-Flight Response | Food Webs | Osmosis | World War I Causes | Emotional Regulation | Mole Concept | Paragraph Transitions | Model Evaluation | Gas Laws | Motivation Loops | Copyright Fair Use | Reinforcement Learning | Chemical Equilibrium | Budgeting | Simple Harmonic Motion | Procrastination | Circular Reasoning | Torque | Lifetime Value | Plea Bargains | Dopamine | One-Point Perspective | Kidney Filtration | Air Pressure Systems | Chord Progressions | Knife Skills | Conceptual Analysis | Credit Card Interest | Overfitting | Action Potentials,"That sounded clear for five seconds and then disappeared. | The answer is there, but I do not know why it is the answer.",Osmosis,explicit_topic_reference,0.97,True,v3.1 early_activity_augmented; scenario=many_topic_explicit_shift_or_return
topic_label_v3_1_12000_10896,"it is embarrassing, but Air Pressure Systems still feels like a magic word to me.",Overfitting,Cloud Formation | Digestive Enzymes | Electoral College | Overfitting | Normal Distribution | Confidence Intervals | Quadratic Functions | Hormone Regulation | Wireframes | Contract Law Basics | Defamation | Natural Selection | Mitosis vs Meiosis | Pragmatics | Copyright Fair Use | Pronoun Reference | Customer Segmentation | Liability | Simple Harmonic Motion | Geothermal Energy | Necessary vs Sufficient Conditions | Battery Chemistry | Sodium-Potassium Pump | Conceptual Analysis | Environment Variables | Blood Pressure Regulation | Cognitive Load | World War I Causes | Acids vs Bases | Gas Laws,I keep mixing this up with the nearby idea. | What would make this obvious if I saw it somewhere else?,Air Pressure Systems,explicit_topic_reference,0.90,True,v3.1 early_activity_augmented; scenario=many_topic_explicit_shift_or_return
topic_label_v3_1_12000_10897,"the new question is about Confidence Intervals, not really about Mole Concept.",Mole Concept,Fluid Pressure | Password Hashing | Renewable Energy Grid | Function Notation | Attention Mechanism | Paragraph Transitions | Mole Concept | French Pronunciation | Working Memory | Stoichiometry | Plea Bargains | Category Errors | Statistical Significance | Customer Segmentation | Map Scale | Test Anxiety | DNA Replication | Resonance | React Props | Neural Networks | Voltage vs Current | Topic Sentences | Product-Market Fit | Organic Functional Groups | Valid vs Sound Arguments,I do not need more facts yet; I need the shape of it. | I might be missing the middle step.,Confidence Intervals,explicit_topic_reference,0.96,True,v3.1 early_activity_augmented; scenario=many_topic_explicit_shift_or_return
topic_label_v3_1_12000_10898,"this may sound random, but where does working memory fit into the whole thing?",Tenant Rights,Defamation | Cognitive Load | Knife Skills | Memorization vs Understanding | Working Memory | Environment Variables | Valid vs Sound Arguments | Camera Framing | Tenant Rights | One-Point Perspective | Test Anxiety | Conversion Funnel,"The first version made sense, then the second version made me realize I did not actually get the first one.",Working Memory,explicit_topic_reference,0.88,True,v3.1 early_activity_augmented; scenario=many_topic_explicit_shift_or_return
topic_label_v3_1_12000_10899,"Before we go further, I need a cleaner explanation of civil liberties vs civil rights.",Fluid Pressure,Working Memory | Checks and Balances | Break-Even Point | Fluid Pressure | Necessary vs Sufficient Conditions | Plea Bargains | Circle of Fifths | Panic Response | Market Positioning | Caching | Room Acoustics | Civil Liberties vs Civil Rights,Can we make it less abstract? | I might be missing the middle step.,Civil Liberties vs Civil Rights,explicit_topic_reference,0.88,True,v3.1 early_activity_augmented; scenario=many_topic_explicit_shift_or_return
topic_label_v3_1_12000_10900,Can we go back to word order in spanish? I think I left that one too early.,Ecological Succession,Pain Signals | Overfitting | Amortization | Tire Pressure | Word Order in Spanish | Stoichiometry | Idioms | Ecological Succession,,Word Order in Spanish,explicit_topic_reference,0.88,True,v3.1 early_activity_augmented; scenario=many_topic_explicit_shift_or_return
topic_label_v3_1_12000_10901,Can we go back to fight-or-flight response? I think I left that one too early.,Cognitive Load,Privacy Rights | Passive Voice | Electric Fields | Executive Function | Reading Comprehension | Circadian Rhythm | Reinforcement Learning | Measuring Ingredients | Enzyme Specificity | Fight-or-Flight Response | Cognitive Load | Pain Signals,,Fight-or-Flight Response,explicit_topic_reference,0.96,True,v3.1 early_activity_augmented; scenario=many_topic_explicit_shift_or_return
topic_label_v3_1_12000_10902,the phrase Vector Search shows up and I just freeze; can we make it concrete?,Dopamine,Sodium-Potassium Pump | Genetic Drift | Normal Distribution | Procrastination | Engines | Laundry Symbols | Dopamine | Shading Values,I am trying not to memorize the surface pattern.,Vector Search,explicit_topic_reference,0.95,True,v3.1 early_activity_augmented; scenario=many_topic_explicit_shift_or_return
topic_label_v3_1_12000_10903,I am not asking about Spanish Pronouns anymore. The thing is OAuth flow.,Spanish Pronouns,Fight-or-Flight Response | Osmosis | Attention Mechanism | Spanish Pronouns | Paragraph Transitions | Derivatives | Privacy Rights | Synaptic Transmission,,OAuth Flow,explicit_topic_reference,0.92,True,v3.1 early_activity_augmented; scenario=many_topic_explicit_shift_or_return
topic_label_v3_1_12000_10904,I see light being both a wave and a particle in the list; can we use that topic again?,Blind Spot Checks,Circuit Breakers | Hydration Errors | Burden of Proof | SQL Joins | Renewable Energy Grid | Propaganda | Cold War Proxy Wars | Map Scale | Tire Pressure | Blood Pressure Regulation | Food Webs | Free Will | Cell Membrane Transport | Deductive Reasoning | Kinetic Energy | Doppler Effect | Virtue Ethics | Liability | Necessary vs Sufficient Conditions | Vector Search | Blind Spot Checks | Paragraph Transitions | Residuals | Electricity | Light as a Wave and Particle | Pain Signals | Gas Laws | API Routes | Derivatives | Direct Objects in Spanish,,Light as a Wave and Particle,explicit_topic_reference,0.91,True,v3.1 early_activity_augmented; scenario=many_topic_explicit_shift_or_return
topic_label_v3_1_12000_10905,Can we go back to cognitive load? I think I left that one too early.,Decision Fatigue,Valid vs Sound Arguments | Employment Standards | Straw Man Arguments | Enzyme Specificity | Credit Card Interest | Cognitive Load | Lighting Ratios | Preterite vs Imperfect | Digestive Enzymes | Executive Orders | Light as a Wave and Particle | Air Pressure Systems | Synaptic Transmission | Decision Fatigue | Electron Configuration | Amortization | Sodium-Potassium Pump | Chord Progressions | Fight-or-Flight Response | Circadian Rhythm | Circle of Fifths | Angular Momentum | Knife Sharpening | OAuth Flow | Executive Function,That sounded clear for five seconds and then disappeared. | I am trying not to memorize the surface pattern.,Cognitive Load,explicit_topic_reference,0.86,True,v3.1 early_activity_augmented; scenario=many_topic_explicit_shift_or_return
topic_label_v3_1_12000_10906,Can we go back to measuring ingredients? I think I left that one too early.,Regression Lines,Webhooks | Conceptual Analysis | Overfitting | Acids vs Bases | Resonance | Air Pressure Systems | Torque | Regression Lines | Electron Configuration | Measuring Ingredients | Vector Search | Supply and Demand,,Measuring Ingredients,explicit_topic_reference,0.95,True,v3.1 early_activity_augmented; scenario=many_topic_explicit_shift_or_return
topic_label_v3_1_12000_10907,"instead of another overview, can we zoom in on Genetic Drift?",Transcription and Translation,Pain Signals | Emergency Fund | Transcription and Translation | Mitosis vs Meiosis | Memorization vs Understanding | Electoral College | Circuit Breakers | Camera Framing | Customer Segmentation | Magnetic Induction | Storyboarding | Conversion Funnel | Covalent Bonding | Test Anxiety | Treaty of Versailles | Knife Sharpening | Circle of Fifths | Function Notation,"Can we make it less abstract? | I can follow it while looking at the example, but I lose it when the wording changes.",Genetic Drift,explicit_topic_reference,0.86,True,v3.1 early_activity_augmented; scenario=many_topic_explicit_shift_or_return
topic_label_v3_1_12000_10908,could we park the other topic for a second and get into why light can act like a wave and a particle?,Problem of Induction,Latitude vs Longitude | Color Contrast | Procrastination | Plea Bargains | Enzyme Specificity | Typography | Paragraph Transitions | Allergies | Battery Chemistry | Covalent Bonding | Camera Framing | API Routes | Immune Memory | Contract Law Basics | Deductive Reasoning | Laundry Symbols | Chemical Equilibrium | Problem of Induction | Statistical Significance | Food Safety | Function Notation | Preterite vs Imperfect | Register in Language | REST APIs | Fractions | Churn Rate | Renewable Energy Grid | Map Scale | Knife Sharpening | Blood Pressure Regulation,,Light as a Wave and Particle,explicit_topic_reference,0.96,True,v3.1 early_activity_augmented; scenario=many_topic_explicit_shift_or_return
topic_label_v3_1_12000_10909,"ok, I think the better label for my confusion is JavaScript Promises.",Shading Values,Lighting Ratios | Attention Switching | Electricity | Latitude vs Longitude | Map Scale | Angular Momentum | Doppler Effect | Transcription and Translation | Simple Harmonic Motion | Civil Liberties vs Civil Rights | Wireframes | SQL Joins | Churn Rate | Moral Luck | Battery Chemistry | Shading Values | TypeScript Generics | Typography,"I do not need more facts yet; I need the shape of it. | The first version made sense, then the second version made me realize I did not actually get the first one.",JavaScript Promises,explicit_topic_reference,0.98,True,v3.1 early_activity_augmented; scenario=many_topic_explicit_shift_or_return
topic_label_v3_1_12000_10910,"it is embarrassing, but Carbon Cycle still feels like a magic word to me.",Reading Comprehension,Reading Comprehension | Kinetic Energy | Hormone Regulation | Photosynthesis | Tenant Rights | Logical Fallacies | Chain Rule | Digestive Enzymes | Food Webs | Action Potentials | Environment Variables | TypeScript Generics,"The example helped a little, but I still cannot transfer it. | I tried making my own example and it immediately got messy.",Carbon Cycle,explicit_topic_reference,0.87,True,v3.1 early_activity_augmented; scenario=many_topic_explicit_shift_or_return
topic_label_v3_1_12000_10911,What would Training Data Bias look like in a simple example?,Kinetic Energy,Kinetic Energy | Visual Hierarchy | Blood Pressure Regulation | Digestive Enzymes | Circuit Breakers | Correlation vs Causation | Normal Distribution | Derivatives | Checks and Balances | Paragraph Transitions | Typography | Primary Source Analysis,"The answer is there, but I do not know why it is the answer. | I am trying not to memorize the surface pattern.",Training Data Bias,explicit_topic_reference,0.90,True,v3.1 early_activity_augmented; scenario=many_topic_explicit_shift_or_return
topic_label_v3_1_12000_10912,"No dramatic question, just: Spanish Pronouns. I want to finally get what that means.",Sodium-Potassium Pump,Sodium-Potassium Pump | Fluid Pressure | Register in Language | Voltage vs Current | Acids vs Bases | Civil Liberties vs Civil Rights | Function Notation | Food Webs | French Revolution Causes | Mole Concept | Blind Spot Checks | Cloud Formation,I do not need more facts yet; I need the shape of it. | Can we make it less abstract?,Spanish Pronouns,explicit_topic_reference,0.95,True,v3.1 early_activity_augmented; scenario=many_topic_explicit_shift_or_return
topic_label_v3_1_12000_10913,Can we go back to memorizing vs actually understanding? I think I left that one too early.,Electron Configuration,Mole Concept | Fractions | Liability | Simple Harmonic Motion | OAuth Flow | Direct Objects in Spanish | Electron Configuration | Customer Segmentation | Pronoun Reference | API Routes | Conversion Funnel | Memorization vs Understanding | Resonance | Word Order in Spanish | Ecological Succession | Motivation Loops | Cloud Formation | Electric Fields | Overfitting | French Pronunciation | Attention Mechanism | Contract Law Basics | Chain Rule | Statistical Significance | Trigonometry | Systems of Equations | Problem of Induction | Dopamine | Model Evaluation | Hormone Regulation,I might be missing the middle step.,Memorization vs Understanding,explicit_topic_reference,0.88,True,v3.1 early_activity_augmented; scenario=many_topic_explicit_shift_or_return
topic_label_v3_1_12000_10914,"What I need next is photosynthesis, especially the piece that makes the example work.",Supply and Demand,Enzyme Specificity | Separation of Powers | Vector Search | Inflammation | Churn Rate | Normal Distribution | Preterite vs Imperfect | Procrastination | Valid vs Sound Arguments | Cell Membrane Transport | Attention Mechanism | Supply and Demand | Camera Framing | Correlation vs Causation | Civil Liberties vs Civil Rights | Plea Bargains | Covalent Bonding | Propaganda | Ocean Currents | Neural Networks | Privacy Rights | Insurance Deductible | Synaptic Transmission | Shading Values | Inventory Turnover | Fight-or-Flight Response | Trigonometry | Residuals | Acids vs Bases | Confidence Intervals,,Photosynthesis,explicit_topic_reference,0.87,True,v3.1 early_activity_augmented; scenario=many_topic_explicit_shift_or_return
topic_label_v3_1_12000_10915,"Profit Margin? I have heard the phrase, but I do not have a mental picture yet.",Statistical Significance,Air Pressure Systems | Fight-or-Flight Response | Fractions | Cognitive Load | Regression Lines | Budgeting | Statistical Significance | Tokenization | Supply and Demand | Privacy Rights | Enzyme Specificity | Procrastination,"Can we make it less abstract? | The example helped a little, but I still cannot transfer it. | I might be missing the middle step.",Profit Margin,explicit_topic_reference,0.95,True,v3.1 early_activity_augmented; scenario=many_topic_explicit_shift_or_return
topic_label_v3_1_12000_10916,"this may sound random, but where does Working Memory fit into the whole thing?",Engines,Photosynthesis | Necessary vs Sufficient Conditions | Immune Memory | Reinforcement Learning | Confidence Intervals | French Revolution Causes | Engines | Free Body Diagrams,,Working Memory,explicit_topic_reference,0.97,True,v3.1 early_activity_augmented; scenario=many_topic_explicit_shift_or_return
topic_label_v3_1_12000_10917,I see regression lines in the list; can we use that topic again?,Wireframes,Shading Values | Treaty of Versailles | Employment Standards | Fluid Pressure | Executive Function | Spanish Pronouns | Primary Source Analysis | Motivation Loops | Wireframes | Rate Limits | Civil Liberties vs Civil Rights | Regression Lines | Camera Framing | Osmosis | Working Memory | Torque | Air Pressure Systems | Hormone Regulation,,Regression Lines,explicit_topic_reference,0.93,True,v3.1 early_activity_augmented; scenario=many_topic_explicit_shift_or_return
topic_label_v3_1_12000_10918,Returning to Statistical Significance: I finally know what bothered me.,Paragraph Transitions,Hydration Errors | React Props | Climate Feedbacks | Terminal Velocity | Cold War Proxy Wars | Close Reading | Visual Hierarchy | Ecological Succession | Defamation | Product-Market Fit | Vector Search | Wireframes | Allergies | Kinetic Energy | Necessary vs Sufficient Conditions | Biodiversity | Air Pressure Systems | Kidney Filtration | Systems of Equations | Free Will | Paragraph Transitions | Panic Response | Reinforcement Learning | Liability | Statistical Significance | Digestive Enzymes | Emotional Regulation | Battery Chemistry | Natural Selection | Industrial Revolution,,Statistical Significance,explicit_topic_reference,0.95,True,v3.1 early_activity_augmented; scenario=many_topic_explicit_shift_or_return
topic_label_v3_1_12000_10919,"I started somewhere else, but the confusion is landing on Stoichiometry.",Biodiversity,Engines | Natural Selection | Chord Progressions | Biodiversity | Chemical Equilibrium | Le Chatelier's Principle | Chain Rule | SQL Joins | Emergency Fund | Cell Membrane Transport | Lighting Ratios | Primary Source Analysis,,Stoichiometry,explicit_topic_reference,0.89,True,v3.1 early_activity_augmented; scenario=many_topic_explicit_shift_or_return
topic_label_v3_1_12000_10920,"this is probably a new topic, but panic body response is what I am trying to ask about.",Privacy Rights,Biodiversity | Reinforcement Learning | Neural Networks | Word Order in Spanish | Blood Pressure Regulation | Cold War Proxy Wars | Geothermal Energy | Genetic Drift | Pay Stubs | Measuring Ingredients | Treaty of Versailles | Organic Functional Groups | Electoral College | Direct Objects in Spanish | SQL Joins | Unit Economics | Wave-Particle Duality | Food Safety | Contract Law Basics | Privacy Rights | Mole Concept | Budgeting | Sodium-Potassium Pump | Simple Harmonic Motion | Electric Fields | Immune Memory | Civil Liberties vs Civil Rights | Renewable Energy Grid | Cloud Formation | Transcription and Translation,,Fight-or-Flight Response,explicit_topic_reference,0.98,True,v3.1 early_activity_augmented; scenario=many_topic_explicit_shift_or_return
topic_label_v3_1_12000_10921,Can we go back to sodium-potassium pump?,Statistical Significance,Sodium-Potassium Pump | Statistical Significance,I keep mixing this up with the nearby idea. | What would make this obvious if I saw it somewhere else?,Sodium-Potassium Pump,explicit_topic_reference,0.87,True,v3.1 early_activity_augmented; scenario=existing_topic_explicit_return
topic_label_v3_1_12000_10922,Can we go back to Plea Bargains?,Necessary vs Sufficient Conditions,Plea Bargains | Necessary vs Sufficient Conditions,I do not need more facts yet; I need the shape of it.,Plea Bargains,explicit_topic_reference,0.90,True,v3.1 early_activity_augmented; scenario=existing_topic_explicit_return
topic_label_v3_1_12000_10923,"Actually use the existing free body diagrams topic, not a new one.",Correlation vs Causation,Free Body Diagrams | Correlation vs Causation,,Free Body Diagrams,explicit_topic_reference,0.94,True,v3.1 early_activity_augmented; scenario=existing_topic_explicit_return
topic_label_v3_1_12000_10924,"Actually use the existing Budgeting topic, not a new one.",Pay Stubs,Deductive Reasoning | Pay Stubs | Webhooks | Budgeting | Wireframes | Rate Limits | Urban Heat Islands | Test Anxiety | Overfitting | Circular Reasoning,"I might be missing the middle step. | The answer is there, but I do not know why it is the answer.",Budgeting,explicit_topic_reference,0.91,True,v3.1 early_activity_augmented; scenario=existing_topic_explicit_return
topic_label_v3_1_12000_10925,The topic I need is already there: Close Reading.,JavaScript Promises,Close Reading | Necessary vs Sufficient Conditions | JavaScript Promises,,Close Reading,explicit_topic_reference,0.98,True,v3.1 early_activity_augmented; scenario=existing_topic_explicit_return
topic_label_v3_1_12000_10926,The topic I need is already there: Typography.,Category Errors,Typography | Category Errors | Voltage vs Current,"The first version made sense, then the second version made me realize I did not actually get the first one. | I keep mixing this up with the nearby idea. | Can we make it less abstract?",Typography,explicit_topic_reference,0.98,True,v3.1 early_activity_augmented; scenario=existing_topic_explicit_return
topic_label_v3_1_12000_10927,I want to return to Customer Segmentation; I think I left it too early.,Historical Significance,Reinforcement Learning | Customer Segmentation | Normal Distribution | Meal Planning | Carbon Cycle | Synaptic Transmission | Knife Skills | Watersheds | OAuth Flow | Historical Significance,I might be missing the middle step.,Customer Segmentation,explicit_topic_reference,0.98,True,v3.1 early_activity_augmented; scenario=existing_topic_explicit_return
topic_label_v3_1_12000_10928,Can we go back to photosynthesis?,Latitude vs Longitude,Dopamine | Inductive Reasoning | Angular Momentum | Deductive Reasoning | Pay Stubs | Photosynthesis | Latitude vs Longitude | Primary Source Analysis | Gas Laws | Problem of Induction,,Photosynthesis,explicit_topic_reference,0.91,True,v3.1 early_activity_augmented; scenario=existing_topic_explicit_return
topic_label_v3_1_12000_10929,"Actually use the existing Electricity topic, not a new one.",Webhooks,Overfitting | Webhooks | Electricity | Trigonometry | Mole Concept,I do not need more facts yet; I need the shape of it.,Electricity,explicit_topic_reference,0.90,True,v3.1 early_activity_augmented; scenario=existing_topic_explicit_return
topic_label_v3_1_12000_10930,"Actually use the existing Function Notation topic, not a new one.",Fractions,Profit Margin | Necessary vs Sufficient Conditions | Spanish Pronouns | Systems of Equations | Plea Bargains | Function Notation | Dependency Conflicts | Torque | Idioms | Fractions,"The answer is there, but I do not know why it is the answer.",Function Notation,explicit_topic_reference,0.89,True,v3.1 early_activity_augmented; scenario=existing_topic_explicit_return
topic_label_v3_1_12000_10931,"I meant light being both a wave and a particle, the one we already started.",Credit Card Interest,Executive Orders | Light as a Wave and Particle | Credit Card Interest,,Light as a Wave and Particle,explicit_topic_reference,0.90,True,v3.1 early_activity_augmented; scenario=existing_topic_explicit_return
topic_label_v3_1_12000_10932,"I meant derivatives, the one we already started.",Meal Planning,Meal Planning | Derivatives,What would make this obvious if I saw it somewhere else? | I want to know what to pay attention to first.,Derivatives,explicit_topic_reference,0.97,True,v3.1 early_activity_augmented; scenario=existing_topic_explicit_return
topic_label_v3_1_12000_10933,Can we go back to overfitting?,Regression Lines,Contract Law Basics | Caching | Electoral College | Conceptual Analysis | Cash Flow | Regression Lines | Tenant Rights | Attention Mechanism | Overfitting | Procrastination,Can we make it less abstract?,Overfitting,explicit_topic_reference,0.87,True,v3.1 early_activity_augmented; scenario=existing_topic_explicit_return
topic_label_v3_1_12000_10934,The topic I need is already there: Working Memory.,Virtue Ethics,Working Memory | Virtue Ethics,That sounded clear for five seconds and then disappeared. | I am trying not to memorize the surface pattern.,Working Memory,explicit_topic_reference,0.95,True,v3.1 early_activity_augmented; scenario=existing_topic_explicit_return
topic_label_v3_1_12000_10935,I want to return to wave particle duality; I think I left it too early.,Profit Margin,Wave-Particle Duality | Profit Margin | Function Notation | Digestive Enzymes | Hydration Errors,,Wave-Particle Duality,explicit_topic_reference,0.87,True,v3.1 early_activity_augmented; scenario=existing_topic_explicit_return
topic_label_v3_1_12000_10936,Can we go back to Environment Variables?,Tidal Energy,Hormone Regulation | Color Contrast | Tidal Energy | Environment Variables | Lifetime Value,"The answer is there, but I do not know why it is the answer.",Environment Variables,explicit_topic_reference,0.86,True,v3.1 early_activity_augmented; scenario=existing_topic_explicit_return
topic_label_v3_1_12000_10937,I want to return to Cognitive Load; I think I left it too early.,Simple Harmonic Motion,Cognitive Load | Simple Harmonic Motion,,Cognitive Load,explicit_topic_reference,0.91,True,v3.1 early_activity_augmented; scenario=existing_topic_explicit_return
topic_label_v3_1_12000_10938,Can we go back to Cognitive Load?,Osmosis,Straw Man Arguments | Profit Margin | Osmosis | Churn Rate | Cognitive Load,"I can follow it while looking at the example, but I lose it when the wording changes.",Cognitive Load,explicit_topic_reference,0.86,True,v3.1 early_activity_augmented; scenario=existing_topic_explicit_return
topic_label_v3_1_12000_10939,Can we go back to chord progressions?,Photosynthesis,Knife Skills | Chord Progressions | Photosynthesis,I think I understand the words but not the mechanism.,Chord Progressions,explicit_topic_reference,0.96,True,v3.1 early_activity_augmented; scenario=existing_topic_explicit_return
topic_label_v3_1_12000_10940,Can we go back to rest apis?,One-Point Perspective,One-Point Perspective | REST APIs,"I can follow it while looking at the example, but I lose it when the wording changes. | What would make this obvious if I saw it somewhere else? | I can recognize it after I see it, but I cannot produce it myself.",REST APIs,explicit_topic_reference,0.94,True,v3.1 early_activity_augmented; scenario=existing_topic_explicit_return
topic_label_v3_1_12000_10941,The topic I need is already there: surface memorization vs understanding.,Laundry Symbols,Fluid Pressure | Laundry Symbols | Memorization vs Understanding,,Memorization vs Understanding,explicit_topic_reference,0.88,True,v3.1 early_activity_augmented; scenario=existing_topic_explicit_return
topic_label_v3_1_12000_10942,"Actually use the existing rest apis topic, not a new one.",Watersheds,Conversion Funnel | Watersheds | Genetic Drift | Copyright Fair Use | Vector Search | REST APIs | Simple Harmonic Motion | Magnetic Induction | Wireframes | Burden of Proof,That sounded clear for five seconds and then disappeared.,REST APIs,explicit_topic_reference,0.96,True,v3.1 early_activity_augmented; scenario=existing_topic_explicit_return
topic_label_v3_1_12000_10943,I want to return to Copyright Fair Use; I think I left it too early.,Executive Function,Necessary vs Sufficient Conditions | Executive Function | Copyright Fair Use,,Copyright Fair Use,explicit_topic_reference,0.93,True,v3.1 early_activity_augmented; scenario=existing_topic_explicit_return
topic_label_v3_1_12000_10944,"I meant carbon cycle, the one we already started.",Paragraph Transitions,Transcription and Translation | Carbon Cycle | Paragraph Transitions | Tidal Energy | Regression Lines,"I can recognize it after I see it, but I cannot produce it myself.",Carbon Cycle,explicit_topic_reference,0.95,True,v3.1 early_activity_augmented; scenario=existing_topic_explicit_return
topic_label_v3_1_12000_10945,The topic I need is already there: Credit Card Interest.,Light as a Wave and Particle,Light as a Wave and Particle | Credit Card Interest,"What would make this obvious if I saw it somewhere else? | The example helped a little, but I still cannot transfer it.",Credit Card Interest,explicit_topic_reference,0.88,True,v3.1 early_activity_augmented; scenario=existing_topic_explicit_return
topic_label_v3_1_12000_10946,I want to return to regression lines; I think I left it too early.,Acids vs Bases,Regression Lines | Acids vs Bases,,Regression Lines,explicit_topic_reference,0.92,True,v3.1 early_activity_augmented; scenario=existing_topic_explicit_return
topic_label_v3_1_12000_10947,"Actually use the existing treaty of versailles topic, not a new one.",Ocean Currents,Treaty of Versailles | Ocean Currents | Conversion Funnel,"I can recognize it after I see it, but I cannot produce it myself.",Treaty of Versailles,explicit_topic_reference,0.94,True,v3.1 early_activity_augmented; scenario=existing_topic_explicit_return
topic_label_v3_1_12000_10948,"Actually use the existing Copyright Fair Use topic, not a new one.",Treaty of Versailles,Copyright Fair Use | Shading Values | Tokenization | Bayes Theorem | Problem of Induction | DNA Replication | Word Order in Spanish | Kinetic Energy | Treaty of Versailles | Inductive Reasoning,I tried making my own example and it immediately got messy. | I might be missing the middle step.,Copyright Fair Use,explicit_topic_reference,0.87,True,v3.1 early_activity_augmented; scenario=existing_topic_explicit_return
topic_label_v3_1_12000_10949,"I meant the login redirect flow, the one we already started.",Circle of Fifths,Register in Language | OAuth Flow | Circle of Fifths | Laundry Symbols | Torque,I keep mixing this up with the nearby idea. | I might be missing the middle step.,OAuth Flow,explicit_topic_reference,0.90,True,v3.1 early_activity_augmented; scenario=existing_topic_explicit_return
topic_label_v3_1_12000_10950,I want to return to treaty of versailles; I think I left it too early.,Historical Significance,Laundry Symbols | Historical Significance | Treaty of Versailles,"I tried making my own example and it immediately got messy. | The example helped a little, but I still cannot transfer it. | The first version made sense, then the second version made me realize I did not actually get the first one.",Treaty of Versailles,explicit_topic_reference,0.93,True,v3.1 early_activity_augmented; scenario=existing_topic_explicit_return
topic_label_v3_1_12000_10951,I want to return to Electoral College; I think I left it too early.,Electricity,Electoral College | Electricity | Meal Planning,"The example helped a little, but I still cannot transfer it. | The first version made sense, then the second version made me realize I did not actually get the first one. | What would make this obvious if I saw it somewhere else?",Electoral College,explicit_topic_reference,0.95,True,v3.1 early_activity_augmented; scenario=existing_topic_explicit_return
topic_label_v3_1_12000_10952,Can we go back to statistical significance?,Chain Rule,Statistical Significance | Tokenization | Chain Rule,"What would make this obvious if I saw it somewhere else? | I can follow it while looking at the example, but I lose it when the wording changes. | The first version made sense, then the second version made me realize I did not actually get the first one.",Statistical Significance,explicit_topic_reference,0.90,True,v3.1 early_activity_augmented; scenario=existing_topic_explicit_return
topic_label_v3_1_12000_10953,"Actually use the existing Dopamine topic, not a new one.",Cell Membrane Transport,Cell Membrane Transport | Dopamine,,Dopamine,explicit_topic_reference,0.92,True,v3.1 early_activity_augmented; scenario=existing_topic_explicit_return
topic_label_v3_1_12000_10954,"I meant typography, the one we already started.",Pronoun Reference,Pronoun Reference | Typography,I keep mixing this up with the nearby idea.,Typography,explicit_topic_reference,0.91,True,v3.1 early_activity_augmented; scenario=existing_topic_explicit_return
topic_label_v3_1_12000_10955,I want to return to credit card interest; I think I left it too early.,Storyboarding,Wave-Particle Duality | Problem of Induction | Storyboarding | Environment Variables | Caching | SQL Joins | Electric Fields | Hydration Errors | Credit Card Interest | Budgeting,I want to know what to pay attention to first.,Credit Card Interest,explicit_topic_reference,0.90,True,v3.1 early_activity_augmented; scenario=existing_topic_explicit_return
topic_label_v3_1_12000_10956,"I meant React Props, the one we already started.",Deductive Reasoning,React Props | Moral Luck | Deductive Reasoning,,React Props,explicit_topic_reference,0.95,True,v3.1 early_activity_augmented; scenario=existing_topic_explicit_return
topic_label_v3_1_12000_10957,"Actually use the existing Map Scale topic, not a new one.",Amortization,Preterite vs Imperfect | Oil Changes | Transcription and Translation | Room Acoustics | Unit Economics | Map Scale | Amortization | Climate Feedbacks | Action Potentials | Passive Voice,What would make this obvious if I saw it somewhere else?,Map Scale,explicit_topic_reference,0.87,True,v3.1 early_activity_augmented; scenario=existing_topic_explicit_return
topic_label_v3_1_12000_10958,Can we go back to Engines?,API Routes,Engines | API Routes | Linear Equations,"The first version made sense, then the second version made me realize I did not actually get the first one.",Engines,explicit_topic_reference,0.89,True,v3.1 early_activity_augmented; scenario=existing_topic_explicit_return
topic_label_v3_1_12000_10959,I want to return to React Props; I think I left it too early.,Residuals,Mitosis vs Meiosis | Free Will | React Props | Wave-Particle Duality | Residuals,,React Props,explicit_topic_reference,0.91,True,v3.1 early_activity_augmented; scenario=existing_topic_explicit_return
topic_label_v3_1_12000_10960,The topic I need is already there: Plea Bargains.,Kidney Filtration,Oil Changes | Plea Bargains | Kidney Filtration,I keep mixing this up with the nearby idea.,Plea Bargains,explicit_topic_reference,0.93,True,v3.1 early_activity_augmented; scenario=existing_topic_explicit_return
topic_label_v3_1_12000_10961,Can we go back to typescript generics?,API Routes,TypeScript Generics | Urban Heat Islands | Regression Lines | API Routes | Primary Source Analysis,I am trying not to memorize the surface pattern. | I keep mixing this up with the nearby idea.,TypeScript Generics,explicit_topic_reference,0.95,True,v3.1 early_activity_augmented; scenario=existing_topic_explicit_return
topic_label_v3_1_12000_10962,"I meant tire pressure, the one we already started.",Lifetime Value,Tire Pressure | Lifetime Value | Urban Heat Islands | Pragmatics | Fractions,What would make this obvious if I saw it somewhere else?,Tire Pressure,explicit_topic_reference,0.92,True,v3.1 early_activity_augmented; scenario=existing_topic_explicit_return
topic_label_v3_1_12000_10963,"Actually use the existing Natural Selection topic, not a new one.",Chemical Equilibrium,Natural Selection | Chemical Equilibrium,"The answer is there, but I do not know why it is the answer.",Natural Selection,explicit_topic_reference,0.92,True,v3.1 early_activity_augmented; scenario=existing_topic_explicit_return
topic_label_v3_1_12000_10964,"Actually use the existing treaty of versailles topic, not a new one.",Insurance Deductible,Insurance Deductible | Moral Luck | Free Body Diagrams | Treaty of Versailles | Problem of Induction,What would make this obvious if I saw it somewhere else?,Treaty of Versailles,explicit_topic_reference,0.92,True,v3.1 early_activity_augmented; scenario=existing_topic_explicit_return
topic_label_v3_1_12000_10965,The topic I need is already there: osmosis.,Electricity,Electricity | Osmosis,,Osmosis,explicit_topic_reference,0.88,True,v3.1 early_activity_augmented; scenario=existing_topic_explicit_return
topic_label_v3_1_12000_10966,Can we go back to Circadian Rhythm?,Unit Economics,Electron Configuration | Unit Economics | Budgeting | Circadian Rhythm | Torque | Cash Flow | Ecological Succession | Osmosis | Valid vs Sound Arguments | Electoral College,I tried making my own example and it immediately got messy.,Circadian Rhythm,explicit_topic_reference,0.91,True,v3.1 early_activity_augmented; scenario=existing_topic_explicit_return
topic_label_v3_1_12000_10967,The topic I need is already there: which Spanish past tense to use.,Carbon Cycle,Preterite vs Imperfect | Carbon Cycle | Simple Harmonic Motion,"I keep mixing this up with the nearby idea. | The answer is there, but I do not know why it is the answer. | The first version made sense, then the second version made me realize I did not actually get the first one.",Preterite vs Imperfect,explicit_topic_reference,0.88,True,v3.1 early_activity_augmented; scenario=existing_topic_explicit_return
topic_label_v3_1_12000_10968,"I meant dopamine, the one we already started.",Emergency Fund,Covalent Bonding | Emergency Fund | Dopamine | Typography | Amortization | Biodiversity | Regression Lines | French Pronunciation | Tokenization | Tenant Rights,I might be missing the middle step.,Dopamine,explicit_topic_reference,0.98,True,v3.1 early_activity_augmented; scenario=existing_topic_explicit_return
topic_label_v3_1_12000_10969,"Actually use the existing meal planning topic, not a new one.",SQL Joins,Potential Energy | Meal Planning | SQL Joins,"I think I understand the words but not the mechanism. | I can recognize it after I see it, but I cannot produce it myself.",Meal Planning,explicit_topic_reference,0.98,True,v3.1 early_activity_augmented; scenario=existing_topic_explicit_return
topic_label_v3_1_12000_10970,I want to return to camera framing; I think I left it too early.,Regression Lines,Regression Lines | Camera Framing,"I tried making my own example and it immediately got messy. | I am trying not to memorize the surface pattern. | The first version made sense, then the second version made me realize I did not actually get the first one.",Camera Framing,explicit_topic_reference,0.90,True,v3.1 early_activity_augmented; scenario=existing_topic_explicit_return
topic_label_v3_1_12000_10971,The topic I need is already there: Typography.,Hormone Regulation,One-Point Perspective | Virtue Ethics | Typography | Hormone Regulation | Environment Variables,,Typography,explicit_topic_reference,0.93,True,v3.1 early_activity_augmented; scenario=existing_topic_explicit_return
topic_label_v3_1_12000_10972,I want to return to derivatives; I think I left it too early.,Knife Skills,Inflammation | Watersheds | Action Potentials | Magnetic Induction | Derivatives | Knife Skills | Civil Liberties vs Civil Rights | Typography | Food Webs | Voltage vs Current,,Derivatives,explicit_topic_reference,0.87,True,v3.1 early_activity_augmented; scenario=existing_topic_explicit_return
topic_label_v3_1_12000_10973,I want to return to light being both a wave and a particle; I think I left it too early.,Normal Distribution,Pain Signals | Light as a Wave and Particle | Stoichiometry | Carbon Cycle | Lighting Ratios | Gesture Drawing | Industrial Revolution | Memorization vs Understanding | Normal Distribution | Kinetic Energy,,Light as a Wave and Particle,explicit_topic_reference,0.93,True,v3.1 early_activity_augmented; scenario=existing_topic_explicit_return
topic_label_v3_1_12000_10974,"I meant Confidence Intervals, the one we already started.",Separation of Powers,Confidence Intervals | Separation of Powers | Chain Rule | Password Hashing | Torque,,Confidence Intervals,explicit_topic_reference,0.96,True,v3.1 early_activity_augmented; scenario=existing_topic_explicit_return
topic_label_v3_1_12000_10975,I want to return to food webs; I think I left it too early.,Encryption,Encryption | Color Contrast | Executive Function | Employment Standards | Food Webs | Kinetic Energy | Integrals | Industrial Revolution | Password Hashing | Torque,I keep mixing this up with the nearby idea. | I tried making my own example and it immediately got messy.,Food Webs,explicit_topic_reference,0.94,True,v3.1 early_activity_augmented; scenario=existing_topic_explicit_return
topic_label_v3_1_12000_10976,Can we go back to memorization versus understanding?,Executive Function,Stoichiometry | Pain Signals | Enzyme Specificity | Memorization vs Understanding | Emotional Regulation | Checks and Balances | World War I Causes | Systems of Equations | Electric Fields | Executive Function,Can we make it less abstract?,Memorization vs Understanding,explicit_topic_reference,0.91,True,v3.1 early_activity_augmented; scenario=existing_topic_explicit_return
topic_label_v3_1_12000_10977,The topic I need is already there: word order in spanish.,Executive Function,Word Order in Spanish | Executive Function | Cloud Formation | Electoral College | Cell Membrane Transport,"The answer is there, but I do not know why it is the answer. | The first version made sense, then the second version made me realize I did not actually get the first one.",Word Order in Spanish,explicit_topic_reference,0.87,True,v3.1 early_activity_augmented; scenario=existing_topic_explicit_return
topic_label_v3_1_12000_10978,"I meant motivation loops, the one we already started.",Blind Spot Checks,Motivation Loops | Stoichiometry | Shading Values | Necessary vs Sufficient Conditions | Blind Spot Checks | Deductive Reasoning | Free Body Diagrams | Training Data Bias | Food Safety | Checks and Balances,"The answer is there, but I do not know why it is the answer.",Motivation Loops,explicit_topic_reference,0.96,True,v3.1 early_activity_augmented; scenario=existing_topic_explicit_return
topic_label_v3_1_12000_10979,"Actually use the existing Neural Networks topic, not a new one.",Biodiversity,Neural Networks | Derivatives | Password Hashing | World War I Causes | Biodiversity,"I tried making my own example and it immediately got messy. | I can recognize it after I see it, but I cannot produce it myself. | I can follow it while looking at the example, but I lose it when the wording changes.",Neural Networks,explicit_topic_reference,0.95,True,v3.1 early_activity_augmented; scenario=existing_topic_explicit_return
topic_label_v3_1_12000_10980,I want to return to action potentials; I think I left it too early.,Pain Signals,Action Potentials | Le Chatelier's Principle | Simple Harmonic Motion | Pain Signals | Colonialism | Historical Significance | Function Notation | Idioms | Mitosis vs Meiosis | Close Reading,,Action Potentials,explicit_topic_reference,0.98,True,v3.1 early_activity_augmented; scenario=existing_topic_explicit_return
topic_label_v3_1_12000_10981,"I meant Electoral College, the one we already started.",Meal Planning,Word Order in Spanish | Meal Planning | Electoral College | Credit Card Interest | Air Pressure Systems | Knife Sharpening | Colonialism | Copyright Fair Use | Engines | Regression Lines,I want to know what to pay attention to first. | That sounded clear for five seconds and then disappeared. | I think I understand the words but not the mechanism.,Electoral College,explicit_topic_reference,0.97,True,v3.1 early_activity_augmented; scenario=existing_topic_explicit_return
topic_label_v3_1_12000_10982,Can we go back to Tire Pressure?,Integrals,Knife Sharpening | Integrals | Tire Pressure,,Tire Pressure,explicit_topic_reference,0.95,True,v3.1 early_activity_augmented; scenario=existing_topic_explicit_return
topic_label_v3_1_12000_10983,"I meant Cloud Formation, the one we already started.",Derivatives,Cloud Formation | Derivatives,,Cloud Formation,explicit_topic_reference,0.88,True,v3.1 early_activity_augmented; scenario=existing_topic_explicit_return
topic_label_v3_1_12000_10984,I want to return to fight flight response; I think I left it too early.,Dopamine,Dopamine | Fight-or-Flight Response,That sounded clear for five seconds and then disappeared. | I might be missing the middle step.,Fight-or-Flight Response,explicit_topic_reference,0.88,True,v3.1 early_activity_augmented; scenario=existing_topic_explicit_return
topic_label_v3_1_12000_10985,Can we go back to Free Body Diagrams?,Primary Source Analysis,Free Body Diagrams | Primary Source Analysis | Spanish Pronouns,"I think I understand the words but not the mechanism. | I do not need more facts yet; I need the shape of it. | The answer is there, but I do not know why it is the answer.",Free Body Diagrams,explicit_topic_reference,0.91,True,v3.1 early_activity_augmented; scenario=existing_topic_explicit_return
topic_label_v3_1_12000_10986,I want to return to Neural Networks; I think I left it too early.,Emotional Regulation,Osmosis | Biodiversity | Neural Networks | Emotional Regulation | Working Memory | Statistical Significance | Fight-or-Flight Response | Voltage vs Current | Sodium-Potassium Pump | Pay Stubs,"I can follow it while looking at the example, but I lose it when the wording changes. | The first version made sense, then the second version made me realize I did not actually get the first one.",Neural Networks,explicit_topic_reference,0.91,True,v3.1 early_activity_augmented; scenario=existing_topic_explicit_return
topic_label_v3_1_12000_10987,I want to return to free body diagrams; I think I left it too early.,Test Anxiety,Free Body Diagrams | Rate Limits | Test Anxiety | Logical Fallacies | Gas Laws,I am trying not to memorize the surface pattern. | I tried making my own example and it immediately got messy.,Free Body Diagrams,explicit_topic_reference,0.91,True,v3.1 early_activity_augmented; scenario=existing_topic_explicit_return
topic_label_v3_1_12000_10988,The topic I need is already there: cognitive load.,Lighting Ratios,Test Anxiety | Wave-Particle Duality | Cognitive Load | Working Memory | Lighting Ratios | Discourse Markers | Shading Values | Straw Man Arguments | DNA Replication | Pronoun Reference,,Cognitive Load,explicit_topic_reference,0.94,True,v3.1 early_activity_augmented; scenario=existing_topic_explicit_return
topic_label_v3_1_12000_10989,"I meant torque, the one we already started.",Ocean Currents,Systems of Equations | Torque | Ocean Currents,,Torque,explicit_topic_reference,0.92,True,v3.1 early_activity_augmented; scenario=existing_topic_explicit_return
topic_label_v3_1_12000_10990,"I meant panic body response, the one we already started.",One-Point Perspective,One-Point Perspective | Fight-or-Flight Response,What would make this obvious if I saw it somewhere else? | I think I understand the words but not the mechanism.,Fight-or-Flight Response,explicit_topic_reference,0.91,True,v3.1 early_activity_augmented; scenario=existing_topic_explicit_return
topic_label_v3_1_12000_10991,"Actually use the existing attention mechanism topic, not a new one.",Close Reading,Attention Mechanism | Close Reading,That sounded clear for five seconds and then disappeared.,Attention Mechanism,explicit_topic_reference,0.88,True,v3.1 early_activity_augmented; scenario=existing_topic_explicit_return
topic_label_v3_1_12000_10992,I want to return to correlation vs causation; I think I left it too early.,Deontology,Deontology | Correlation vs Causation | Carbon Cycle,I think I understand the words but not the mechanism. | What would make this obvious if I saw it somewhere else?,Correlation vs Causation,explicit_topic_reference,0.90,True,v3.1 early_activity_augmented; scenario=existing_topic_explicit_return
topic_label_v3_1_12000_10993,"Actually use the existing fight flight response topic, not a new one.",Enzyme Specificity,Tidal Energy | Sodium-Potassium Pump | Enzyme Specificity | Fight-or-Flight Response | Pronoun Reference,"The answer is there, but I do not know why it is the answer. | I can follow it while looking at the example, but I lose it when the wording changes.",Fight-or-Flight Response,explicit_topic_reference,0.98,True,v3.1 early_activity_augmented; scenario=existing_topic_explicit_return
topic_label_v3_1_12000_10994,I want to return to chemical equilibrium; I think I left it too early.,Credit Card Interest,Chemical Equilibrium | Statistical Significance | Tire Pressure | Credit Card Interest | Separation of Powers,"I can recognize it after I see it, but I cannot produce it myself. | I keep mixing this up with the nearby idea.",Chemical Equilibrium,explicit_topic_reference,0.90,True,v3.1 early_activity_augmented; scenario=existing_topic_explicit_return
topic_label_v3_1_12000_10995,I want to return to React Props; I think I left it too early.,Webhooks,Webhooks | Systems of Equations | React Props,What would make this obvious if I saw it somewhere else? | Can we make it less abstract?,React Props,explicit_topic_reference,0.88,True,v3.1 early_activity_augmented; scenario=existing_topic_explicit_return
topic_label_v3_1_12000_10996,"Actually use the existing chord progressions topic, not a new one.",Blood Pressure Regulation,Credit Card Interest | Budgeting | Blood Pressure Regulation | Pain Signals | Chord Progressions,"I can follow it while looking at the example, but I lose it when the wording changes.",Chord Progressions,explicit_topic_reference,0.96,True,v3.1 early_activity_augmented; scenario=existing_topic_explicit_return
topic_label_v3_1_12000_10997,"I meant lifetime value, the one we already started.",Color Contrast,Linear Equations | Covalent Bonding | Motivation Loops | Virtue Ethics | Lifetime Value | Map Scale | Mole Concept | Immune Memory | Measuring Ingredients | Color Contrast,,Lifetime Value,explicit_topic_reference,0.87,True,v3.1 early_activity_augmented; scenario=existing_topic_explicit_return
topic_label_v3_1_12000_10998,Can we go back to the two Spanish past tenses?,Customer Segmentation,Room Acoustics | Preterite vs Imperfect | Customer Segmentation,,Preterite vs Imperfect,explicit_topic_reference,0.96,True,v3.1 early_activity_augmented; scenario=existing_topic_explicit_return
topic_label_v3_1_12000_10999,"Actually use the existing Natural Selection topic, not a new one.",JavaScript Promises,Derivatives | Inventory Turnover | Deductive Reasoning | Cash Flow | Circular Reasoning | Circuit Breakers | Procrastination | Electric Fields | Natural Selection | JavaScript Promises,I do not need more facts yet; I need the shape of it.,Natural Selection,explicit_topic_reference,0.89,True,v3.1 early_activity_augmented; scenario=existing_topic_explicit_return
topic_label_v3_1_12000_11000,"I meant Close Reading, the one we already started.",Neural Networks,Encryption | French Pronunciation | Working Memory | Deontology | Neural Networks | Inflammation | Paragraph Transitions | Close Reading | Color Contrast | Food Safety,That sounded clear for five seconds and then disappeared.,Close Reading,explicit_topic_reference,0.87,True,v3.1 early_activity_augmented; scenario=existing_topic_explicit_return
topic_label_v3_1_12000_11001,"ok, same topic: where exactly does the idea enter the problem?",API Routes,API Routes,I think I understand the words but not the mechanism.,,active_topic_reference,0.88,True,v3.1 early_activity_augmented; scenario=one_topic_active_followup
topic_label_v3_1_12000_11002,"I am following the words, but not the reason one part leads to the next.",Circadian Rhythm,Circadian Rhythm,I am trying not to memorize the surface pattern.,,active_topic_reference,0.87,True,v3.1 early_activity_augmented; scenario=one_topic_active_followup
topic_label_v3_1_12000_11003,"this is probably obvious, but I need one more pass on the same idea.",Meal Planning,Meal Planning,I want to know what to pay attention to first. | I tried making my own example and it immediately got messy.,,active_topic_reference,0.93,True,v3.1 early_activity_augmented; scenario=one_topic_active_followup
topic_label_v3_1_12000_11004,Can we make the existing explanation more visual?,Lifetime Value,Lifetime Value,"The answer is there, but I do not know why it is the answer. | I might be missing the middle step. | Can we make it less abstract?",,active_topic_reference,0.79,True,v3.1 early_activity_augmented; scenario=one_topic_active_followup
topic_label_v3_1_12000_11005,"I am following the words, but not the reason one part leads to the next.",Synaptic Transmission,Synaptic Transmission,"The first version made sense, then the second version made me realize I did not actually get the first one. | I can follow it while looking at the example, but I lose it when the wording changes. | What would make this obvious if I saw it somewhere else?",,active_topic_reference,0.91,True,v3.1 early_activity_augmented; scenario=one_topic_active_followup
topic_label_v3_1_12000_11006,"ok, same topic: where exactly does the idea enter the problem?",Typography,Typography,I might be missing the middle step.,,active_topic_reference,0.93,True,v3.1 early_activity_augmented; scenario=one_topic_active_followup
topic_label_v3_1_12000_11007,"I still do not get it, but I do not think this is a new topic.",Separation of Powers,Separation of Powers,"Can we make it less abstract? | The answer is there, but I do not know why it is the answer. | I can follow it while looking at the example, but I lose it when the wording changes.",,active_topic_reference,0.85,True,v3.1 early_activity_augmented; scenario=one_topic_active_followup
topic_label_v3_1_12000_11008,the label is right; my problem is the middle step.,Environment Variables,Environment Variables,"I think I understand the words but not the mechanism. | The example helped a little, but I still cannot transfer it. | I tried making my own example and it immediately got messy.",,active_topic_reference,0.79,True,v3.1 early_activity_augmented; scenario=one_topic_active_followup
topic_label_v3_1_12000_11009,No new sphere yet — just help me repair this one.,Regression Lines,Regression Lines,"I can recognize it after I see it, but I cannot produce it myself. | The example helped a little, but I still cannot transfer it.",,active_topic_reference,0.83,True,v3.1 early_activity_augmented; scenario=one_topic_active_followup
topic_label_v3_1_12000_11010,"this is probably obvious, but I need one more pass on the same idea.",Air Pressure Systems,Air Pressure Systems,"I can recognize it after I see it, but I cannot produce it myself. | The example helped a little, but I still cannot transfer it. | I am trying not to memorize the surface pattern.",,active_topic_reference,0.78,True,v3.1 early_activity_augmented; scenario=one_topic_active_followup
topic_label_v3_1_12000_11011,the current topic is fine; I need a different angle on it.,API Routes,API Routes,That sounded clear for five seconds and then disappeared. | I tried making my own example and it immediately got messy. | I keep mixing this up with the nearby idea.,,active_topic_reference,0.85,True,v3.1 early_activity_augmented; scenario=one_topic_active_followup
topic_label_v3_1_12000_11012,I know we are on Supply and Demand; I just need the slower version.,Supply and Demand,Supply and Demand,Can we make it less abstract?,,active_topic_reference,0.91,True,v3.1 early_activity_augmented; scenario=one_topic_active_followup
topic_label_v3_1_12000_11013,Could you explain that part again without changing the example?,Visual Hierarchy,Visual Hierarchy,I am trying not to memorize the surface pattern. | Can we make it less abstract?,,active_topic_reference,0.83,True,v3.1 early_activity_augmented; scenario=one_topic_active_followup
topic_label_v3_1_12000_11014,why is that true here? I mean in the current Circadian Rhythm thing.,Circadian Rhythm,Circadian Rhythm,I tried making my own example and it immediately got messy.,,active_topic_reference,0.91,True,v3.1 early_activity_augmented; scenario=one_topic_active_followup
topic_label_v3_1_12000_11015,No new sphere yet — just help me repair this one.,Free Body Diagrams,Free Body Diagrams,"I do not need more facts yet; I need the shape of it. | The first version made sense, then the second version made me realize I did not actually get the first one. | I want to know what to pay attention to first.",,active_topic_reference,0.90,True,v3.1 early_activity_augmented; scenario=one_topic_active_followup
topic_label_v3_1_12000_11016,not switching topics yet — why does the current example work?,Correlation vs Causation,Correlation vs Causation,I tried making my own example and it immediately got messy. | I do not need more facts yet; I need the shape of it.,,active_topic_reference,0.91,True,v3.1 early_activity_augmented; scenario=one_topic_active_followup
topic_label_v3_1_12000_11017,"ok, same topic: where exactly does the idea enter the problem?",Training Data Bias,Training Data Bias,I might be missing the middle step.,,active_topic_reference,0.85,True,v3.1 early_activity_augmented; scenario=one_topic_active_followup
topic_label_v3_1_12000_11018,I can copy the answer but I cannot explain why it works.,Visual Hierarchy,Visual Hierarchy,I want to know what to pay attention to first.,,active_topic_reference,0.79,True,v3.1 early_activity_augmented; scenario=one_topic_active_followup
topic_label_v3_1_12000_11019,"Hold on, with this same topic, what should I notice first?",Stoichiometry,Stoichiometry,"I can follow it while looking at the example, but I lose it when the wording changes.",,active_topic_reference,0.93,True,v3.1 early_activity_augmented; scenario=one_topic_active_followup
topic_label_v3_1_12000_11020,"Hold on, with this same topic, what should I notice first?",Neural Networks,Neural Networks,"That sounded clear for five seconds and then disappeared. | The first version made sense, then the second version made me realize I did not actually get the first one. | I might be missing the middle step.",,active_topic_reference,0.89,True,v3.1 early_activity_augmented; scenario=one_topic_active_followup
topic_label_v3_1_12000_11021,"that helped a bit, but what would it look like inside the same Environment Variables example?",Environment Variables,Environment Variables,"I can recognize it after I see it, but I cannot produce it myself. | I can follow it while looking at the example, but I lose it when the wording changes.",,active_topic_reference,0.85,True,v3.1 early_activity_augmented; scenario=one_topic_active_followup
topic_label_v3_1_12000_11022,"ok, same topic: where exactly does the idea enter the problem?",Regression Lines,Regression Lines,"I can follow it while looking at the example, but I lose it when the wording changes. | The example helped a little, but I still cannot transfer it.",,active_topic_reference,0.93,True,v3.1 early_activity_augmented; scenario=one_topic_active_followup
topic_label_v3_1_12000_11023,I know we are on Necessary vs Sufficient Conditions; I just need the slower version.,Necessary vs Sufficient Conditions,Necessary vs Sufficient Conditions,What would make this obvious if I saw it somewhere else? | I think I understand the words but not the mechanism.,,active_topic_reference,0.85,True,v3.1 early_activity_augmented; scenario=one_topic_active_followup
topic_label_v3_1_12000_11024,the label is right; my problem is the middle step.,Natural Selection,Natural Selection,That sounded clear for five seconds and then disappeared. | I might be missing the middle step. | I do not need more facts yet; I need the shape of it.,,active_topic_reference,0.90,True,v3.1 early_activity_augmented; scenario=one_topic_active_followup
topic_label_v3_1_12000_11025,Can we make the existing explanation more visual?,Genetic Drift,Genetic Drift,"I tried making my own example and it immediately got messy. | I can follow it while looking at the example, but I lose it when the wording changes. | I think I understand the words but not the mechanism.",,active_topic_reference,0.88,True,v3.1 early_activity_augmented; scenario=one_topic_active_followup
topic_label_v3_1_12000_11026,I can copy the answer but I cannot explain why it works.,Stoichiometry,Stoichiometry,I might be missing the middle step. | I keep mixing this up with the nearby idea.,,active_topic_reference,0.93,True,v3.1 early_activity_augmented; scenario=one_topic_active_followup
topic_label_v3_1_12000_11027,I wrote it down and it still sounds wrong. Keep us on Close Reading.,Close Reading,Close Reading,"The answer is there, but I do not know why it is the answer. | The example helped a little, but I still cannot transfer it. | Can we make it less abstract?",,active_topic_reference,0.87,True,v3.1 early_activity_augmented; scenario=one_topic_active_followup
topic_label_v3_1_12000_11028,I can copy the answer but I cannot explain why it works.,Quadratic Functions,Quadratic Functions,"I can follow it while looking at the example, but I lose it when the wording changes. | I think I understand the words but not the mechanism. | What would make this obvious if I saw it somewhere else?",,active_topic_reference,0.88,True,v3.1 early_activity_augmented; scenario=one_topic_active_followup
topic_label_v3_1_12000_11029,"that helped a bit, but what would it look like inside the same Voltage vs Current example?",Voltage vs Current,Voltage vs Current,"That sounded clear for five seconds and then disappeared. | I do not need more facts yet; I need the shape of it. | The example helped a little, but I still cannot transfer it.",,active_topic_reference,0.87,True,v3.1 early_activity_augmented; scenario=one_topic_active_followup
topic_label_v3_1_12000_11030,"It makes sense while you say it, then I cannot reconstruct it. Still Word Order in Spanish.",Word Order in Spanish,Word Order in Spanish,"I can recognize it after I see it, but I cannot produce it myself. | I tried making my own example and it immediately got messy.",,active_topic_reference,0.85,True,v3.1 early_activity_augmented; scenario=one_topic_active_followup
topic_label_v3_1_12000_11031,Could you explain that part again without changing the example?,Credit Card Interest,Credit Card Interest,"The example helped a little, but I still cannot transfer it. | Can we make it less abstract? | What would make this obvious if I saw it somewhere else?",,active_topic_reference,0.90,True,v3.1 early_activity_augmented; scenario=one_topic_active_followup
topic_label_v3_1_12000_11032,Please do not create a new topic. I am asking about the same thing again.,Memorization vs Understanding,Memorization vs Understanding,"The example helped a little, but I still cannot transfer it.",,active_topic_reference,0.81,True,v3.1 early_activity_augmented; scenario=one_topic_active_followup
topic_label_v3_1_12000_11033,not switching topics yet — why does the current example work?,JavaScript Promises,JavaScript Promises,"The first version made sense, then the second version made me realize I did not actually get the first one. | That sounded clear for five seconds and then disappeared. | I think I understand the words but not the mechanism.",,active_topic_reference,0.89,True,v3.1 early_activity_augmented; scenario=one_topic_active_followup
topic_label_v3_1_12000_11034,not switching topics yet — why does the current example work? I want MyWay to treat this carefully instead of guessing too fast.,JavaScript Promises,JavaScript Promises,I might be missing the middle step.,,active_topic_reference,0.86,True,v3.1 early_activity_augmented; scenario=one_topic_active_followup
topic_label_v3_1_12000_11035,I wrote it down and it still sounds wrong. Keep us on JavaScript Promises.,JavaScript Promises,JavaScript Promises,"The answer is there, but I do not know why it is the answer. | Can we make it less abstract?",,active_topic_reference,0.86,True,v3.1 early_activity_augmented; scenario=one_topic_active_followup
topic_label_v3_1_12000_11036,Can we make the existing explanation more visual?,Statistical Significance,Statistical Significance,I tried making my own example and it immediately got messy. | I want to know what to pay attention to first. | That sounded clear for five seconds and then disappeared.,,active_topic_reference,0.89,True,v3.1 early_activity_augmented; scenario=one_topic_active_followup
topic_label_v3_1_12000_11037,"I still do not get it, but I do not think this is a new topic.",Dopamine,Dopamine,That sounded clear for five seconds and then disappeared. | I keep mixing this up with the nearby idea.,,active_topic_reference,0.79,True,v3.1 early_activity_augmented; scenario=one_topic_active_followup
topic_label_v3_1_12000_11038,"I am following the words, but not the reason one part leads to the next.",Preterite vs Imperfect,Preterite vs Imperfect,"I tried making my own example and it immediately got messy. | I might be missing the middle step. | The first version made sense, then the second version made me realize I did not actually get the first one.",,active_topic_reference,0.91,True,v3.1 early_activity_augmented; scenario=one_topic_active_followup
topic_label_v3_1_12000_11039,I wrote it down and it still sounds wrong. Keep us on Typography.,Typography,Typography,That sounded clear for five seconds and then disappeared.,,active_topic_reference,0.87,True,v3.1 early_activity_augmented; scenario=one_topic_active_followup
topic_label_v3_1_12000_11040,Can we stay with Voltage vs Current? The second step is where I lose the thread.,Voltage vs Current,Voltage vs Current,"I can recognize it after I see it, but I cannot produce it myself. | The first version made sense, then the second version made me realize I did not actually get the first one. | I tried making my own example and it immediately got messy.",,active_topic_reference,0.86,True,v3.1 early_activity_augmented; scenario=one_topic_active_followup
topic_label_v3_1_12000_11041,I know we are on Quadratic Functions; I just need the slower version.,Quadratic Functions,Quadratic Functions,"The answer is there, but I do not know why it is the answer.",,active_topic_reference,0.88,True,v3.1 early_activity_augmented; scenario=one_topic_active_followup
topic_label_v3_1_12000_11042,Could you explain that part again without changing the example?,Function Notation,Function Notation,"I can recognize it after I see it, but I cannot produce it myself. | I do not need more facts yet; I need the shape of it.",,active_topic_reference,0.81,True,v3.1 early_activity_augmented; scenario=one_topic_active_followup
topic_label_v3_1_12000_11043,I wrote it down and it still sounds wrong. Keep us on Action Potentials.,Action Potentials,Action Potentials,"The first version made sense, then the second version made me realize I did not actually get the first one. | That sounded clear for five seconds and then disappeared.",,active_topic_reference,0.92,True,v3.1 early_activity_augmented; scenario=one_topic_active_followup
topic_label_v3_1_12000_11044,"I am following the words, but not the reason one part leads to the next.",Map Scale,Map Scale,I keep mixing this up with the nearby idea.,,active_topic_reference,0.82,True,v3.1 early_activity_augmented; scenario=one_topic_active_followup
topic_label_v3_1_12000_11045,Can we stay with Electoral College? The second step is where I lose the thread.,Electoral College,Electoral College,I do not need more facts yet; I need the shape of it. | I think I understand the words but not the mechanism.,,active_topic_reference,0.82,True,v3.1 early_activity_augmented; scenario=one_topic_active_followup
topic_label_v3_1_12000_11046,why is that true here? I mean in the current REST APIs thing.,REST APIs,REST APIs,I might be missing the middle step. | I want to know what to pay attention to first.,,active_topic_reference,0.79,True,v3.1 early_activity_augmented; scenario=one_topic_active_followup
topic_label_v3_1_12000_11047,Please do not create a new topic. I am asking about the same thing again.,Neural Networks,Neural Networks,"Can we make it less abstract? | I can follow it while looking at the example, but I lose it when the wording changes.",,active_topic_reference,0.92,True,v3.1 early_activity_augmented; scenario=one_topic_active_followup
topic_label_v3_1_12000_11048,"I still do not get it, but I do not think this is a new topic.",Reinforcement Learning,Reinforcement Learning,"The answer is there, but I do not know why it is the answer. | I keep mixing this up with the nearby idea. | I am trying not to memorize the surface pattern.",,active_topic_reference,0.85,True,v3.1 early_activity_augmented; scenario=one_topic_active_followup
topic_label_v3_1_12000_11049,No new sphere yet — just help me repair this one.,Wave-Particle Duality,Wave-Particle Duality,"I do not need more facts yet; I need the shape of it. | I can recognize it after I see it, but I cannot produce it myself. | I tried making my own example and it immediately got messy.",,active_topic_reference,0.87,True,v3.1 early_activity_augmented; scenario=one_topic_active_followup
topic_label_v3_1_12000_11050,"I am following the words, but not the reason one part leads to the next.",Free Body Diagrams,Free Body Diagrams,I want to know what to pay attention to first.,,active_topic_reference,0.86,True,v3.1 early_activity_augmented; scenario=one_topic_active_followup
topic_label_v3_1_12000_11051,Can we make the existing explanation more visual?,Cell Membrane Transport,Cell Membrane Transport,"I can follow it while looking at the example, but I lose it when the wording changes. | I am trying not to memorize the surface pattern.",,active_topic_reference,0.82,True,v3.1 early_activity_augmented; scenario=one_topic_active_followup
topic_label_v3_1_12000_11052,Can we stay with Copyright Fair Use? The second step is where I lose the thread.,Copyright Fair Use,Copyright Fair Use,"The example helped a little, but I still cannot transfer it. | I am trying not to memorize the surface pattern. | That sounded clear for five seconds and then disappeared.",,active_topic_reference,0.87,True,v3.1 early_activity_augmented; scenario=one_topic_active_followup
topic_label_v3_1_12000_11053,the label is right; my problem is the middle step.,Torque,Torque,"The first version made sense, then the second version made me realize I did not actually get the first one. | I might be missing the middle step.",,active_topic_reference,0.84,True,v3.1 early_activity_augmented; scenario=one_topic_active_followup
topic_label_v3_1_12000_11054,I wrote it down and it still sounds wrong. Keep us on Voltage vs Current.,Voltage vs Current,Voltage vs Current,"I can follow it while looking at the example, but I lose it when the wording changes. | The example helped a little, but I still cannot transfer it.",,active_topic_reference,0.87,True,v3.1 early_activity_augmented; scenario=one_topic_active_followup
topic_label_v3_1_12000_11055,Please do not create a new topic. I am asking about the same thing again. The same question keeps coming back from a slightly different angle.,Neural Networks,Neural Networks,"The first version made sense, then the second version made me realize I did not actually get the first one. | The example helped a little, but I still cannot transfer it.",,active_topic_reference,0.82,True,v3.1 early_activity_augmented; scenario=one_topic_active_followup
topic_label_v3_1_12000_11056,Can we stay with Motivation Loops? The second step is where I lose the thread.,Motivation Loops,Motivation Loops,"The example helped a little, but I still cannot transfer it. | That sounded clear for five seconds and then disappeared.",,active_topic_reference,0.87,True,v3.1 early_activity_augmented; scenario=one_topic_active_followup
topic_label_v3_1_12000_11057,"this is probably obvious, but I need one more pass on the same idea.",Valid vs Sound Arguments,Valid vs Sound Arguments,I keep mixing this up with the nearby idea. | I tried making my own example and it immediately got messy.,,active_topic_reference,0.89,True,v3.1 early_activity_augmented; scenario=one_topic_active_followup
topic_label_v3_1_12000_11058,Can we make the existing explanation more visual?,Typography,Typography,"I tried making my own example and it immediately got messy. | What would make this obvious if I saw it somewhere else? | The answer is there, but I do not know why it is the answer.",,active_topic_reference,0.93,True,v3.1 early_activity_augmented; scenario=one_topic_active_followup
topic_label_v3_1_12000_11059,"It makes sense while you say it, then I cannot reconstruct it. Still Carbon Cycle.",Carbon Cycle,Carbon Cycle,I tried making my own example and it immediately got messy. | What would make this obvious if I saw it somewhere else? | I do not need more facts yet; I need the shape of it.,,active_topic_reference,0.87,True,v3.1 early_activity_augmented; scenario=one_topic_active_followup
topic_label_v3_1_12000_11060,the current topic is fine; I need a different angle on it.,Trigonometry,Trigonometry,I am trying not to memorize the surface pattern. | I tried making my own example and it immediately got messy. | I think I understand the words but not the mechanism.,,active_topic_reference,0.90,True,v3.1 early_activity_augmented; scenario=one_topic_active_followup
topic_label_v3_1_12000_11061,the label is right; my problem is the middle step.,OAuth Flow,OAuth Flow,"The answer is there, but I do not know why it is the answer. | That sounded clear for five seconds and then disappeared. | I am trying not to memorize the surface pattern.",,active_topic_reference,0.79,True,v3.1 early_activity_augmented; scenario=one_topic_active_followup
topic_label_v3_1_12000_11062,"that helped a bit, but what would it look like inside the same Reinforcement Learning example?",Reinforcement Learning,Reinforcement Learning,I might be missing the middle step.,,active_topic_reference,0.83,True,v3.1 early_activity_augmented; scenario=one_topic_active_followup
topic_label_v3_1_12000_11063,why is that true here? I mean in the current Reinforcement Learning thing.,Reinforcement Learning,Reinforcement Learning,"I can follow it while looking at the example, but I lose it when the wording changes.",,active_topic_reference,0.93,True,v3.1 early_activity_augmented; scenario=one_topic_active_followup
topic_label_v3_1_12000_11064,"ok, same topic: where exactly does the idea enter the problem?",Caching,Caching,I am trying not to memorize the surface pattern.,,active_topic_reference,0.80,True,v3.1 early_activity_augmented; scenario=one_topic_active_followup
topic_label_v3_1_12000_11065,"I still do not get it, but I do not think this is a new topic.",Spanish Pronouns,Spanish Pronouns,I want to know what to pay attention to first.,,active_topic_reference,0.90,True,v3.1 early_activity_augmented; scenario=one_topic_active_followup
topic_label_v3_1_12000_11066,"that helped a bit, but what would it look like inside the same Chord Progressions example?",Chord Progressions,Chord Progressions,I tried making my own example and it immediately got messy. | I want to know what to pay attention to first.,,active_topic_reference,0.93,True,v3.1 early_activity_augmented; scenario=one_topic_active_followup
topic_label_v3_1_12000_11067,I know we are on Free Body Diagrams; I just need the slower version.,Free Body Diagrams,Free Body Diagrams,I want to know what to pay attention to first. | Can we make it less abstract? | That sounded clear for five seconds and then disappeared.,,active_topic_reference,0.90,True,v3.1 early_activity_augmented; scenario=one_topic_active_followup
topic_label_v3_1_12000_11068,why is that true here? I mean in the current Electoral College thing.,Electoral College,Electoral College,"Can we make it less abstract? | The answer is there, but I do not know why it is the answer.",,active_topic_reference,0.80,True,v3.1 early_activity_augmented; scenario=one_topic_active_followup
topic_label_v3_1_12000_11069,Please do not create a new topic. I am asking about the same thing again.,Statistical Significance,Statistical Significance,"I can follow it while looking at the example, but I lose it when the wording changes. | The example helped a little, but I still cannot transfer it. | I keep mixing this up with the nearby idea.",,active_topic_reference,0.92,True,v3.1 early_activity_augmented; scenario=one_topic_active_followup
topic_label_v3_1_12000_11070,Can we stay with Attention Mechanism? The second step is where I lose the thread.,Attention Mechanism,Attention Mechanism,"I can recognize it after I see it, but I cannot produce it myself.",,active_topic_reference,0.94,True,v3.1 early_activity_augmented; scenario=one_topic_active_followup
topic_label_v3_1_12000_11071,Can we make the existing explanation more visual?,Tire Pressure,Tire Pressure,What would make this obvious if I saw it somewhere else? | That sounded clear for five seconds and then disappeared.,,active_topic_reference,0.92,True,v3.1 early_activity_augmented; scenario=one_topic_active_followup
topic_label_v3_1_12000_11072,"this is probably obvious, but I need one more pass on the same idea.",JavaScript Promises,JavaScript Promises,Can we make it less abstract? | I want to know what to pay attention to first. | I think I understand the words but not the mechanism.,,active_topic_reference,0.88,True,v3.1 early_activity_augmented; scenario=one_topic_active_followup
topic_label_v3_1_12000_11073,Please do not create a new topic. I am asking about the same thing again.,Spanish Pronouns,Spanish Pronouns,"I can follow it while looking at the example, but I lose it when the wording changes.",,active_topic_reference,0.92,True,v3.1 early_activity_augmented; scenario=one_topic_active_followup
topic_label_v3_1_12000_11074,the label is right; my problem is the middle step.,Reinforcement Learning,Reinforcement Learning,"I can follow it while looking at the example, but I lose it when the wording changes. | The answer is there, but I do not know why it is the answer.",,active_topic_reference,0.89,True,v3.1 early_activity_augmented; scenario=one_topic_active_followup
topic_label_v3_1_12000_11075,"ok, same topic: where exactly does the idea enter the problem?",Food Webs,Food Webs,I think I understand the words but not the mechanism. | I might be missing the middle step.,,active_topic_reference,0.89,True,v3.1 early_activity_augmented; scenario=one_topic_active_followup
topic_label_v3_1_12000_11076,"this is probably obvious, but I need one more pass on the same idea.",Chord Progressions,Chord Progressions,I am trying not to memorize the surface pattern. | That sounded clear for five seconds and then disappeared.,,active_topic_reference,0.80,True,v3.1 early_activity_augmented; scenario=one_topic_active_followup
topic_label_v3_1_12000_11077,I know we are on Electricity; I just need the slower version.,Electricity,Electricity,I might be missing the middle step. | I am trying not to memorize the surface pattern.,,active_topic_reference,0.88,True,v3.1 early_activity_augmented; scenario=one_topic_active_followup
topic_label_v3_1_12000_11078,the label is right; my problem is the middle step.,Photosynthesis,Photosynthesis,I am trying not to memorize the surface pattern.,,active_topic_reference,0.89,True,v3.1 early_activity_augmented; scenario=one_topic_active_followup
topic_label_v3_1_12000_11079,"I still do not get it, but I do not think this is a new topic.",Chord Progressions,Chord Progressions,"I think I understand the words but not the mechanism. | The example helped a little, but I still cannot transfer it.",,active_topic_reference,0.79,True,v3.1 early_activity_augmented; scenario=one_topic_active_followup
topic_label_v3_1_12000_11080,I wrote it down and it still sounds wrong. Keep us on REST APIs.,REST APIs,REST APIs,I think I understand the words but not the mechanism.,,active_topic_reference,0.87,True,v3.1 early_activity_augmented; scenario=one_topic_active_followup
topic_label_v3_1_12000_11081,Can we make the existing explanation more visual?,Photosynthesis,Photosynthesis,I tried making my own example and it immediately got messy.,,active_topic_reference,0.93,True,v3.1 early_activity_augmented; scenario=one_topic_active_followup
topic_label_v3_1_12000_11082,"that helped a bit, but what would it look like inside the same Working Memory example?",Working Memory,Working Memory,Can we make it less abstract?,,active_topic_reference,0.93,True,v3.1 early_activity_augmented; scenario=one_topic_active_followup
topic_label_v3_1_12000_11083,"Hold on, with this same topic, what should I notice first?",Natural Selection,Natural Selection,"I can follow it while looking at the example, but I lose it when the wording changes. | The first version made sense, then the second version made me realize I did not actually get the first one.",,active_topic_reference,0.87,True,v3.1 early_activity_augmented; scenario=one_topic_active_followup
topic_label_v3_1_12000_11084,Please do not create a new topic. I am asking about the same thing again.,Circadian Rhythm,Circadian Rhythm,I might be missing the middle step. | I think I understand the words but not the mechanism.,,active_topic_reference,0.87,True,v3.1 early_activity_augmented; scenario=one_topic_active_followup
topic_label_v3_1_12000_11085,"I am following the words, but not the reason one part leads to the next.",Valid vs Sound Arguments,Valid vs Sound Arguments,"I can recognize it after I see it, but I cannot produce it myself.",,active_topic_reference,0.86,True,v3.1 early_activity_augmented; scenario=one_topic_active_followup
topic_label_v3_1_12000_11086,I wrote it down and it still sounds wrong. Keep us on Word Order in Spanish.,Word Order in Spanish,Word Order in Spanish,I am trying not to memorize the surface pattern.,,active_topic_reference,0.84,True,v3.1 early_activity_augmented; scenario=one_topic_active_followup
topic_label_v3_1_12000_11087,"Hold on, with this same topic, what should I notice first?",Electoral College,Electoral College,"I can recognize it after I see it, but I cannot produce it myself. | I can follow it while looking at the example, but I lose it when the wording changes. | I might be missing the middle step.",,active_topic_reference,0.81,True,v3.1 early_activity_augmented; scenario=one_topic_active_followup
topic_label_v3_1_12000_11088,Can we stay with Word Order in Spanish? The second step is where I lose the thread.,Word Order in Spanish,Word Order in Spanish,"The first version made sense, then the second version made me realize I did not actually get the first one. | I can follow it while looking at the example, but I lose it when the wording changes. | The answer is there, but I do not know why it is the answer.",,active_topic_reference,0.88,True,v3.1 early_activity_augmented; scenario=one_topic_active_followup
topic_label_v3_1_12000_11089,Can we stay with Statistical Significance? The second step is where I lose the thread.,Statistical Significance,Statistical Significance,I want to know what to pay attention to first. | I keep mixing this up with the nearby idea.,,active_topic_reference,0.87,True,v3.1 early_activity_augmented; scenario=one_topic_active_followup
topic_label_v3_1_12000_11090,why is that true here? I mean in the current Spanish Pronouns thing.,Spanish Pronouns,Spanish Pronouns,"I want to know what to pay attention to first. | I can recognize it after I see it, but I cannot produce it myself.",,active_topic_reference,0.91,True,v3.1 early_activity_augmented; scenario=one_topic_active_followup
topic_label_v3_1_12000_11091,not switching topics yet — why does the current example work?,Genetic Drift,Genetic Drift,I might be missing the middle step. | I do not need more facts yet; I need the shape of it. | What would make this obvious if I saw it somewhere else?,,active_topic_reference,0.88,True,v3.1 early_activity_augmented; scenario=one_topic_active_followup
topic_label_v3_1_12000_11092,the topic is still Fight-or-Flight Response; the confusing bit is the bridge between the steps.,Fight-or-Flight Response,Fight-or-Flight Response,"The answer is there, but I do not know why it is the answer. | I might be missing the middle step. | Can we make it less abstract?",,active_topic_reference,0.81,True,v3.1 early_activity_augmented; scenario=one_topic_active_followup
topic_label_v3_1_12000_11093,"I still do not get it, but I do not think this is a new topic.",Model Evaluation,Model Evaluation,"What would make this obvious if I saw it somewhere else? | I do not need more facts yet; I need the shape of it. | I can follow it while looking at the example, but I lose it when the wording changes.",,active_topic_reference,0.92,True,v3.1 early_activity_augmented; scenario=one_topic_active_followup
topic_label_v3_1_12000_11094,"ok, same topic: where exactly does the idea enter the problem?",Circuit Breakers,Circuit Breakers,"I can recognize it after I see it, but I cannot produce it myself. | I can follow it while looking at the example, but I lose it when the wording changes.",,active_topic_reference,0.89,True,v3.1 early_activity_augmented; scenario=one_topic_active_followup
topic_label_v3_1_12000_11095,Please do not create a new topic. I am asking about the same thing again.,Cognitive Load,Cognitive Load,"The example helped a little, but I still cannot transfer it. | I can recognize it after I see it, but I cannot produce it myself.",,active_topic_reference,0.91,True,v3.1 early_activity_augmented; scenario=one_topic_active_followup
topic_label_v3_1_12000_11096,Please do not create a new topic. I am asking about the same thing again. I want MyWay to treat this carefully instead of guessing too fast.,Cognitive Load,Cognitive Load,"I might be missing the middle step. | The example helped a little, but I still cannot transfer it. | I can recognize it after I see it, but I cannot produce it myself.",,active_topic_reference,0.83,True,v3.1 early_activity_augmented; scenario=one_topic_active_followup
topic_label_v3_1_12000_11097,"I still do not get it, but I do not think this is a new topic.",Derivatives,Derivatives,I keep mixing this up with the nearby idea. | I think I understand the words but not the mechanism.,,active_topic_reference,0.80,True,v3.1 early_activity_augmented; scenario=one_topic_active_followup
topic_label_v3_1_12000_11098,I know we are on TypeScript Generics; I just need the slower version.,TypeScript Generics,TypeScript Generics,I keep mixing this up with the nearby idea.,,active_topic_reference,0.80,True,v3.1 early_activity_augmented; scenario=one_topic_active_followup
topic_label_v3_1_12000_11099,Could you explain that part again without changing the example?,Bayes Theorem,Bayes Theorem,I do not need more facts yet; I need the shape of it.,,active_topic_reference,0.88,True,v3.1 early_activity_augmented; scenario=one_topic_active_followup
topic_label_v3_1_12000_11100,No new sphere yet — just help me repair this one.,Reinforcement Learning,Reinforcement Learning,I think I understand the words but not the mechanism. | I might be missing the middle step.,,active_topic_reference,0.92,True,v3.1 early_activity_augmented; scenario=one_topic_active_followup
topic_label_v3_1_12000_11101,Can we make the existing explanation more visual?,Camera Framing,Camera Framing,"I can recognize it after I see it, but I cannot produce it myself. | The first version made sense, then the second version made me realize I did not actually get the first one. | That sounded clear for five seconds and then disappeared.",,active_topic_reference,0.92,True,v3.1 early_activity_augmented; scenario=one_topic_active_followup
topic_label_v3_1_12000_11102,"I still do not get it, but I do not think this is a new topic.",Regression Lines,Regression Lines,I think I understand the words but not the mechanism. | I tried making my own example and it immediately got messy.,,active_topic_reference,0.82,True,v3.1 early_activity_augmented; scenario=one_topic_active_followup
topic_label_v3_1_12000_11103,why is that true here? I mean in the current Lifetime Value thing.,Lifetime Value,Lifetime Value,What would make this obvious if I saw it somewhere else? | I tried making my own example and it immediately got messy.,,active_topic_reference,0.90,True,v3.1 early_activity_augmented; scenario=one_topic_active_followup
topic_label_v3_1_12000_11104,Can we make the existing explanation more visual?,Credit Card Interest,Credit Card Interest,Can we make it less abstract?,,active_topic_reference,0.89,True,v3.1 early_activity_augmented; scenario=one_topic_active_followup
topic_label_v3_1_12000_11105,I can copy the answer but I cannot explain why it works.,Derivatives,Derivatives,"I keep mixing this up with the nearby idea. | I can follow it while looking at the example, but I lose it when the wording changes. | Can we make it less abstract?",,active_topic_reference,0.94,True,v3.1 early_activity_augmented; scenario=one_topic_active_followup
topic_label_v3_1_12000_11106,"that helped a bit, but what would it look like inside the same Dopamine example?",Dopamine,Dopamine,"Can we make it less abstract? | I can follow it while looking at the example, but I lose it when the wording changes. | What would make this obvious if I saw it somewhere else?",,active_topic_reference,0.90,True,v3.1 early_activity_augmented; scenario=one_topic_active_followup
topic_label_v3_1_12000_11107,the topic is still Cloud Formation; the confusing bit is the bridge between the steps.,Cloud Formation,Cloud Formation,Can we make it less abstract?,,active_topic_reference,0.88,True,v3.1 early_activity_augmented; scenario=one_topic_active_followup
topic_label_v3_1_12000_11108,Could you explain that part again without changing the example?,Separation of Powers,Separation of Powers,"I can follow it while looking at the example, but I lose it when the wording changes. | I keep mixing this up with the nearby idea. | I am trying not to memorize the surface pattern.",,active_topic_reference,0.78,True,v3.1 early_activity_augmented; scenario=one_topic_active_followup
topic_label_v3_1_12000_11109,Please do not create a new topic. I am asking about the same thing again.,Copyright Fair Use,Copyright Fair Use,Can we make it less abstract?,,active_topic_reference,0.87,True,v3.1 early_activity_augmented; scenario=one_topic_active_followup
topic_label_v3_1_12000_11110,"that helped a bit, but what would it look like inside the same Cloud Formation example?",Cloud Formation,Cloud Formation,"The example helped a little, but I still cannot transfer it.",,active_topic_reference,0.89,True,v3.1 early_activity_augmented; scenario=one_topic_active_followup
topic_label_v3_1_12000_11111,"this is probably obvious, but I need one more pass on the same idea.",Visual Hierarchy,Visual Hierarchy,"I can recognize it after I see it, but I cannot produce it myself. | I do not need more facts yet; I need the shape of it. | What would make this obvious if I saw it somewhere else?",,active_topic_reference,0.86,True,v3.1 early_activity_augmented; scenario=one_topic_active_followup
topic_label_v3_1_12000_11112,Could you explain that part again without changing the example?,Engines,Engines,"The first version made sense, then the second version made me realize I did not actually get the first one.",,active_topic_reference,0.79,True,v3.1 early_activity_augmented; scenario=one_topic_active_followup
topic_label_v3_1_12000_11113,I wrote it down and it still sounds wrong. Keep us on Air Pressure Systems.,Air Pressure Systems,Air Pressure Systems,"The answer is there, but I do not know why it is the answer.",,active_topic_reference,0.94,True,v3.1 early_activity_augmented; scenario=one_topic_active_followup
topic_label_v3_1_12000_11114,"ok, same topic: where exactly does the idea enter the problem?",Circadian Rhythm,Circadian Rhythm,"I can recognize it after I see it, but I cannot produce it myself. | The example helped a little, but I still cannot transfer it.",,active_topic_reference,0.85,True,v3.1 early_activity_augmented; scenario=one_topic_active_followup
topic_label_v3_1_12000_11115,I wrote it down and it still sounds wrong. Keep us on Model Evaluation.,Model Evaluation,Model Evaluation,"I can recognize it after I see it, but I cannot produce it myself. | I want to know what to pay attention to first. | I keep mixing this up with the nearby idea.",,active_topic_reference,0.93,True,v3.1 early_activity_augmented; scenario=one_topic_active_followup
topic_label_v3_1_12000_11116,I wrote it down and it still sounds wrong. Keep us on Training Data Bias.,Training Data Bias,Training Data Bias,I do not need more facts yet; I need the shape of it. | I want to know what to pay attention to first. | I tried making my own example and it immediately got messy.,,active_topic_reference,0.86,True,v3.1 early_activity_augmented; scenario=one_topic_active_followup
topic_label_v3_1_12000_11117,the topic is still Torque; the confusing bit is the bridge between the steps.,Torque,Torque,"The example helped a little, but I still cannot transfer it. | I want to know what to pay attention to first. | I might be missing the middle step.",,active_topic_reference,0.81,True,v3.1 early_activity_augmented; scenario=one_topic_active_followup
topic_label_v3_1_12000_11118,"this is probably obvious, but I need one more pass on the same idea.",Voltage vs Current,Voltage vs Current,I want to know what to pay attention to first. | That sounded clear for five seconds and then disappeared. | I do not need more facts yet; I need the shape of it.,,active_topic_reference,0.80,True,v3.1 early_activity_augmented; scenario=one_topic_active_followup
topic_label_v3_1_12000_11119,"ok, same topic: where exactly does the idea enter the problem?",Torque,Torque,"The answer is there, but I do not know why it is the answer.",,active_topic_reference,0.85,True,v3.1 early_activity_augmented; scenario=one_topic_active_followup
topic_label_v3_1_12000_11120,the topic is still Quadratic Functions; the confusing bit is the bridge between the steps.,Quadratic Functions,Quadratic Functions,"I can follow it while looking at the example, but I lose it when the wording changes. | I keep mixing this up with the nearby idea.",,active_topic_reference,0.83,True,v3.1 early_activity_augmented; scenario=one_topic_active_followup
topic_label_v3_1_12000_11121,Please do not create a new topic. I am asking about the same thing again.,Free Body Diagrams,Free Body Diagrams,"The first version made sense, then the second version made me realize I did not actually get the first one. | What would make this obvious if I saw it somewhere else? | I do not need more facts yet; I need the shape of it.",,active_topic_reference,0.83,True,v3.1 early_activity_augmented; scenario=one_topic_active_followup
topic_label_v3_1_12000_11122,"ok, same topic: where exactly does the idea enter the problem?",JavaScript Promises,JavaScript Promises,"That sounded clear for five seconds and then disappeared. | I can follow it while looking at the example, but I lose it when the wording changes.",,active_topic_reference,0.91,True,v3.1 early_activity_augmented; scenario=one_topic_active_followup
topic_label_v3_1_12000_11123,"It makes sense while you say it, then I cannot reconstruct it. Still Circadian Rhythm.",Circadian Rhythm,Circadian Rhythm,I keep mixing this up with the nearby idea.,,active_topic_reference,0.81,True,v3.1 early_activity_augmented; scenario=one_topic_active_followup
topic_label_v3_1_12000_11124,Can we make the existing explanation more visual? This is the smallest handle I can find for it right now.,Photosynthesis,Photosynthesis,"I am trying not to memorize the surface pattern. | I can recognize it after I see it, but I cannot produce it myself. | I can follow it while looking at the example, but I lose it when the wording changes.",,active_topic_reference,0.79,True,v3.1 early_activity_augmented; scenario=one_topic_active_followup
topic_label_v3_1_12000_11125,I know we are on Cell Membrane Transport; I just need the slower version.,Cell Membrane Transport,Cell Membrane Transport,That sounded clear for five seconds and then disappeared. | What would make this obvious if I saw it somewhere else?,,active_topic_reference,0.83,True,v3.1 early_activity_augmented; scenario=one_topic_active_followup
topic_label_v3_1_12000_11126,why is that true here? I mean in the current Natural Selection thing.,Natural Selection,Natural Selection,"The answer is there, but I do not know why it is the answer. | I am trying not to memorize the surface pattern. | What would make this obvious if I saw it somewhere else?",,active_topic_reference,0.87,True,v3.1 early_activity_augmented; scenario=one_topic_active_followup
topic_label_v3_1_12000_11127,Can we stay with Measuring Ingredients? The second step is where I lose the thread.,Measuring Ingredients,Measuring Ingredients,"Can we make it less abstract? | The answer is there, but I do not know why it is the answer.",,active_topic_reference,0.82,True,v3.1 early_activity_augmented; scenario=one_topic_active_followup
topic_label_v3_1_12000_11128,Please do not create a new topic. I am asking about the same thing again.,React Props,React Props,I think I understand the words but not the mechanism. | What would make this obvious if I saw it somewhere else? | That sounded clear for five seconds and then disappeared.,,active_topic_reference,0.90,True,v3.1 early_activity_augmented; scenario=one_topic_active_followup
topic_label_v3_1_12000_11129,Can we stay with Valid vs Sound Arguments? The second step is where I lose the thread.,Valid vs Sound Arguments,Valid vs Sound Arguments,I want to know what to pay attention to first.,,active_topic_reference,0.86,True,v3.1 early_activity_augmented; scenario=one_topic_active_followup
topic_label_v3_1_12000_11130,not switching topics yet — why does the current example work?,Reinforcement Learning,Reinforcement Learning,"I tried making my own example and it immediately got messy. | I think I understand the words but not the mechanism. | The first version made sense, then the second version made me realize I did not actually get the first one.",,active_topic_reference,0.88,True,v3.1 early_activity_augmented; scenario=one_topic_active_followup
topic_label_v3_1_12000_11131,why is that true here? I mean in the current Cloud Formation thing.,Cloud Formation,Cloud Formation,"The example helped a little, but I still cannot transfer it.",,active_topic_reference,0.86,True,v3.1 early_activity_augmented; scenario=one_topic_active_followup
topic_label_v3_1_12000_11132,why is that true here? I mean in the current Neural Networks thing.,Neural Networks,Neural Networks,I do not need more facts yet; I need the shape of it.,,active_topic_reference,0.78,True,v3.1 early_activity_augmented; scenario=one_topic_active_followup
topic_label_v3_1_12000_11133,Can we stay with API Routes? The second step is where I lose the thread.,API Routes,API Routes,I think I understand the words but not the mechanism. | That sounded clear for five seconds and then disappeared.,,active_topic_reference,0.93,True,v3.1 early_activity_augmented; scenario=one_topic_active_followup
topic_label_v3_1_12000_11134,the current topic is fine; I need a different angle on it.,Treaty of Versailles,Treaty of Versailles,"I tried making my own example and it immediately got messy. | The example helped a little, but I still cannot transfer it.",,active_topic_reference,0.83,True,v3.1 early_activity_augmented; scenario=one_topic_active_followup
topic_label_v3_1_12000_11135,I know we are on Regression Lines; I just need the slower version.,Regression Lines,Regression Lines,"I can recognize it after I see it, but I cannot produce it myself. | The example helped a little, but I still cannot transfer it.",,active_topic_reference,0.91,True,v3.1 early_activity_augmented; scenario=one_topic_active_followup
topic_label_v3_1_12000_11136,I wrote it down and it still sounds wrong. Keep us on Vector Search.,Vector Search,Vector Search,"The example helped a little, but I still cannot transfer it. | Can we make it less abstract? | I keep mixing this up with the nearby idea.",,active_topic_reference,0.82,True,v3.1 early_activity_augmented; scenario=one_topic_active_followup
topic_label_v3_1_12000_11137,"I am following the words, but not the reason one part leads to the next.",Mitosis vs Meiosis,Mitosis vs Meiosis,Can we make it less abstract?,,active_topic_reference,0.78,True,v3.1 early_activity_augmented; scenario=one_topic_active_followup
topic_label_v3_1_12000_11138,the label is right; my problem is the middle step.,Trigonometry,Trigonometry,"The example helped a little, but I still cannot transfer it.",,active_topic_reference,0.83,True,v3.1 early_activity_augmented; scenario=one_topic_active_followup
topic_label_v3_1_12000_11139,why is that true here? I mean in the current Cell Membrane Transport thing.,Cell Membrane Transport,Cell Membrane Transport,I might be missing the middle step.,,active_topic_reference,0.91,True,v3.1 early_activity_augmented; scenario=one_topic_active_followup
topic_label_v3_1_12000_11140,the label is right; my problem is the middle step.,API Routes,API Routes,I tried making my own example and it immediately got messy.,,active_topic_reference,0.88,True,v3.1 early_activity_augmented; scenario=one_topic_active_followup
topic_label_v3_1_12000_11141,"I still do not get it, but I do not think this is a new topic.",Tire Pressure,Tire Pressure,Can we make it less abstract?,,active_topic_reference,0.89,True,v3.1 early_activity_augmented; scenario=one_topic_active_followup
topic_label_v3_1_12000_11142,why is that true here? I mean in the current Engines thing.,Engines,Engines,I tried making my own example and it immediately got messy. | I might be missing the middle step. | I do not need more facts yet; I need the shape of it.,,active_topic_reference,0.91,True,v3.1 early_activity_augmented; scenario=one_topic_active_followup
topic_label_v3_1_12000_11143,"ok, same topic: where exactly does the idea enter the problem?",Treaty of Versailles,Treaty of Versailles,I want to know what to pay attention to first.,,active_topic_reference,0.79,True,v3.1 early_activity_augmented; scenario=one_topic_active_followup
topic_label_v3_1_12000_11144,"that helped a bit, but what would it look like inside the same React Props example?",React Props,React Props,"The first version made sense, then the second version made me realize I did not actually get the first one.",,active_topic_reference,0.87,True,v3.1 early_activity_augmented; scenario=one_topic_active_followup
topic_label_v3_1_12000_11145,the label is right; my problem is the middle step. This is the smallest handle I can find for it right now.,Photosynthesis,Photosynthesis,"I think I understand the words but not the mechanism. | I can recognize it after I see it, but I cannot produce it myself. | I keep mixing this up with the nearby idea.",,active_topic_reference,0.84,True,v3.1 early_activity_augmented; scenario=one_topic_active_followup
topic_label_v3_1_12000_11146,"that helped a bit, but what would it look like inside the same Civil Liberties vs Civil Rights example?",Civil Liberties vs Civil Rights,Civil Liberties vs Civil Rights,I might be missing the middle step.,,active_topic_reference,0.78,True,v3.1 early_activity_augmented; scenario=one_topic_active_followup
topic_label_v3_1_12000_11147,"ok, same topic: where exactly does the idea enter the problem?",Budgeting,Budgeting,"I can follow it while looking at the example, but I lose it when the wording changes.",,active_topic_reference,0.80,True,v3.1 early_activity_augmented; scenario=one_topic_active_followup
topic_label_v3_1_12000_11148,the label is right; my problem is the middle step.,Neural Networks,Neural Networks,I think I understand the words but not the mechanism. | I want to know what to pay attention to first.,,active_topic_reference,0.84,True,v3.1 early_activity_augmented; scenario=one_topic_active_followup
topic_label_v3_1_12000_11149,Can we stay with Natural Selection? The second step is where I lose the thread.,Natural Selection,Natural Selection,That sounded clear for five seconds and then disappeared. | I am trying not to memorize the surface pattern. | I keep mixing this up with the nearby idea.,,active_topic_reference,0.91,True,v3.1 early_activity_augmented; scenario=one_topic_active_followup
topic_label_v3_1_12000_11150,"I am following the words, but not the reason one part leads to the next.",Carbon Cycle,Carbon Cycle,I keep mixing this up with the nearby idea. | I tried making my own example and it immediately got messy. | I do not need more facts yet; I need the shape of it.,,active_topic_reference,0.93,True,v3.1 early_activity_augmented; scenario=one_topic_active_followup
topic_label_v3_1_12000_11151,Can we make the existing explanation more visual?,Chord Progressions,Chord Progressions,That sounded clear for five seconds and then disappeared. | I tried making my own example and it immediately got messy.,,active_topic_reference,0.83,True,v3.1 early_activity_augmented; scenario=one_topic_active_followup
topic_label_v3_1_12000_11152,Can we make the existing explanation more visual?,Motivation Loops,Motivation Loops,I do not need more facts yet; I need the shape of it. | Can we make it less abstract?,,active_topic_reference,0.85,True,v3.1 early_activity_augmented; scenario=one_topic_active_followup
topic_label_v3_1_12000_11153,"this is probably obvious, but I need one more pass on the same idea.",Action Potentials,Action Potentials,"The answer is there, but I do not know why it is the answer. | I keep mixing this up with the nearby idea. | I want to know what to pay attention to first.",,active_topic_reference,0.86,True,v3.1 early_activity_augmented; scenario=one_topic_active_followup
topic_label_v3_1_12000_11154,"ok, same topic: where exactly does the idea enter the problem?",Le Chatelier's Principle,Le Chatelier's Principle,"I think I understand the words but not the mechanism. | I can recognize it after I see it, but I cannot produce it myself. | Can we make it less abstract?",,active_topic_reference,0.92,True,v3.1 early_activity_augmented; scenario=one_topic_active_followup
topic_label_v3_1_12000_11155,"this is probably obvious, but I need one more pass on the same idea.",TypeScript Generics,TypeScript Generics,"The example helped a little, but I still cannot transfer it. | I want to know what to pay attention to first.",,active_topic_reference,0.91,True,v3.1 early_activity_augmented; scenario=one_topic_active_followup
topic_label_v3_1_12000_11156,Can we stay with Confidence Intervals? The second step is where I lose the thread.,Confidence Intervals,Confidence Intervals,What would make this obvious if I saw it somewhere else?,,active_topic_reference,0.85,True,v3.1 early_activity_augmented; scenario=one_topic_active_followup
topic_label_v3_1_12000_11157,"I am following the words, but not the reason one part leads to the next. The wording is clumsy, but that is the shape of it.",Valid vs Sound Arguments,Valid vs Sound Arguments,"The first version made sense, then the second version made me realize I did not actually get the first one.",,active_topic_reference,0.86,True,v3.1 early_activity_augmented; scenario=one_topic_active_followup
topic_label_v3_1_12000_11158,why is that true here? I mean in the current Stoichiometry thing.,Stoichiometry,Stoichiometry,I think I understand the words but not the mechanism.,,active_topic_reference,0.90,True,v3.1 early_activity_augmented; scenario=one_topic_active_followup
topic_label_v3_1_12000_11159,No new sphere yet — just help me repair this one.,Credit Card Interest,Credit Card Interest,That sounded clear for five seconds and then disappeared.,,active_topic_reference,0.87,True,v3.1 early_activity_augmented; scenario=one_topic_active_followup
topic_label_v3_1_12000_11160,"this is probably obvious, but I need one more pass on the same idea.",Mitosis vs Meiosis,Mitosis vs Meiosis,"Can we make it less abstract? | The example helped a little, but I still cannot transfer it. | I think I understand the words but not the mechanism.",,active_topic_reference,0.87,True,v3.1 early_activity_augmented; scenario=one_topic_active_followup
topic_label_v3_1_12000_11161,"this is probably obvious, but I need one more pass on the same idea.",Word Order in Spanish,Word Order in Spanish,I am trying not to memorize the surface pattern. | I do not need more facts yet; I need the shape of it. | I might be missing the middle step.,,active_topic_reference,0.80,True,v3.1 early_activity_augmented; scenario=one_topic_active_followup
topic_label_v3_1_12000_11162,the topic is still REST APIs; the confusing bit is the bridge between the steps.,REST APIs,REST APIs,"The first version made sense, then the second version made me realize I did not actually get the first one. | I want to know what to pay attention to first.",,active_topic_reference,0.87,True,v3.1 early_activity_augmented; scenario=one_topic_active_followup
topic_label_v3_1_12000_11163,the label is right; my problem is the middle step.,Fight-or-Flight Response,Fight-or-Flight Response,What would make this obvious if I saw it somewhere else?,,active_topic_reference,0.86,True,v3.1 early_activity_augmented; scenario=one_topic_active_followup
topic_label_v3_1_12000_11164,"Hold on, with this same topic, what should I notice first? I want MyWay to treat this carefully instead of guessing too fast.",Electoral College,Electoral College,I think I understand the words but not the mechanism. | Can we make it less abstract?,,active_topic_reference,0.92,True,v3.1 early_activity_augmented; scenario=one_topic_active_followup
topic_label_v3_1_12000_11165,"that helped a bit, but what would it look like inside the same Close Reading example?",Close Reading,Close Reading,That sounded clear for five seconds and then disappeared. | I keep mixing this up with the nearby idea.,,active_topic_reference,0.83,True,v3.1 early_activity_augmented; scenario=one_topic_active_followup
topic_label_v3_1_12000_11166,"ok, same topic: where exactly does the idea enter the problem?",Voltage vs Current,Voltage vs Current,I tried making my own example and it immediately got messy. | Can we make it less abstract?,,active_topic_reference,0.82,True,v3.1 early_activity_augmented; scenario=one_topic_active_followup
topic_label_v3_1_12000_11167,Could you explain that part again without changing the example?,Circuit Breakers,Circuit Breakers,"What would make this obvious if I saw it somewhere else? | The example helped a little, but I still cannot transfer it.",,active_topic_reference,0.88,True,v3.1 early_activity_augmented; scenario=one_topic_active_followup
topic_label_v3_1_12000_11168,Please do not create a new topic. I am asking about the same thing again.,Engines,Engines,I tried making my own example and it immediately got messy.,,active_topic_reference,0.93,True,v3.1 early_activity_augmented; scenario=one_topic_active_followup
topic_label_v3_1_12000_11169,No new sphere yet — just help me repair this one.,Action Potentials,Action Potentials,I think I understand the words but not the mechanism.,,active_topic_reference,0.90,True,v3.1 early_activity_augmented; scenario=one_topic_active_followup
topic_label_v3_1_12000_11170,"I am following the words, but not the reason one part leads to the next.",Necessary vs Sufficient Conditions,Necessary vs Sufficient Conditions,"I can follow it while looking at the example, but I lose it when the wording changes. | The first version made sense, then the second version made me realize I did not actually get the first one. | What would make this obvious if I saw it somewhere else?",,active_topic_reference,0.84,True,v3.1 early_activity_augmented; scenario=one_topic_active_followup
topic_label_v3_1_12000_11171,not switching topics yet — why does the current example work?,Caching,Caching,I think I understand the words but not the mechanism. | I keep mixing this up with the nearby idea.,,active_topic_reference,0.80,True,v3.1 early_activity_augmented; scenario=one_topic_active_followup
topic_label_v3_1_12000_11172,"It makes sense while you say it, then I cannot reconstruct it. Still Osmosis.",Osmosis,Osmosis,That sounded clear for five seconds and then disappeared.,,active_topic_reference,0.92,True,v3.1 early_activity_augmented; scenario=one_topic_active_followup
topic_label_v3_1_12000_11173,I can copy the answer but I cannot explain why it works.,Wave-Particle Duality,Wave-Particle Duality,I might be missing the middle step. | I keep mixing this up with the nearby idea.,,active_topic_reference,0.92,True,v3.1 early_activity_augmented; scenario=one_topic_active_followup
topic_label_v3_1_12000_11174,I can copy the answer but I cannot explain why it works.,Memorization vs Understanding,Memorization vs Understanding,"The first version made sense, then the second version made me realize I did not actually get the first one. | I can recognize it after I see it, but I cannot produce it myself. | I might be missing the middle step.",,active_topic_reference,0.87,True,v3.1 early_activity_augmented; scenario=one_topic_active_followup
topic_label_v3_1_12000_11175,Can we stay with Air Pressure Systems? The second step is where I lose the thread.,Air Pressure Systems,Air Pressure Systems,"The example helped a little, but I still cannot transfer it. | I keep mixing this up with the nearby idea. | That sounded clear for five seconds and then disappeared.",,active_topic_reference,0.88,True,v3.1 early_activity_augmented; scenario=one_topic_active_followup
topic_label_v3_1_12000_11176,I can copy the answer but I cannot explain why it works.,Torque,Torque,What would make this obvious if I saw it somewhere else? | I do not need more facts yet; I need the shape of it.,,active_topic_reference,0.83,True,v3.1 early_activity_augmented; scenario=one_topic_active_followup
topic_label_v3_1_12000_11177,"ok, same topic: where exactly does the idea enter the problem? I want the topic boundary to be right before we move on.",API Routes,API Routes,"I do not need more facts yet; I need the shape of it. | I want to know what to pay attention to first. | I can follow it while looking at the example, but I lose it when the wording changes.",,active_topic_reference,0.89,True,v3.1 early_activity_augmented; scenario=one_topic_active_followup
topic_label_v3_1_12000_11178,"I am following the words, but not the reason one part leads to the next.",Lifetime Value,Lifetime Value,"I think I understand the words but not the mechanism. | I tried making my own example and it immediately got messy. | The answer is there, but I do not know why it is the answer.",,active_topic_reference,0.82,True,v3.1 early_activity_augmented; scenario=one_topic_active_followup
topic_label_v3_1_12000_11179,Could you explain that part again without changing the example?,Supply and Demand,Supply and Demand,"That sounded clear for five seconds and then disappeared. | I might be missing the middle step. | I can follow it while looking at the example, but I lose it when the wording changes.",,active_topic_reference,0.81,True,v3.1 early_activity_augmented; scenario=one_topic_active_followup
topic_label_v3_1_12000_11180,I wrote it down and it still sounds wrong. Keep us on Correlation vs Causation.,Correlation vs Causation,Correlation vs Causation,"The first version made sense, then the second version made me realize I did not actually get the first one.",,active_topic_reference,0.84,True,v3.1 early_activity_augmented; scenario=one_topic_active_followup
topic_label_v3_1_12000_11181,Please do not create a new topic. I am asking about the same thing again.,Regression Lines,Regression Lines,"I can follow it while looking at the example, but I lose it when the wording changes. | The example helped a little, but I still cannot transfer it. | That sounded clear for five seconds and then disappeared.",,active_topic_reference,0.79,True,v3.1 early_activity_augmented; scenario=one_topic_active_followup
topic_label_v3_1_12000_11182,Can we stay with Trigonometry? The second step is where I lose the thread.,Trigonometry,Trigonometry,"I can follow it while looking at the example, but I lose it when the wording changes. | I might be missing the middle step.",,active_topic_reference,0.83,True,v3.1 early_activity_augmented; scenario=one_topic_active_followup
topic_label_v3_1_12000_11183,"that helped a bit, but what would it look like inside the same Plea Bargains example?",Plea Bargains,Plea Bargains,I am trying not to memorize the surface pattern. | What would make this obvious if I saw it somewhere else?,,active_topic_reference,0.80,True,v3.1 early_activity_augmented; scenario=one_topic_active_followup
topic_label_v3_1_12000_11184,"ok, same topic: where exactly does the idea enter the problem?",Air Pressure Systems,Air Pressure Systems,I keep mixing this up with the nearby idea.,,active_topic_reference,0.93,True,v3.1 early_activity_augmented; scenario=one_topic_active_followup
topic_label_v3_1_12000_11185,the current topic is fine; I need a different angle on it.,Separation of Powers,Separation of Powers,I want to know what to pay attention to first. | I think I understand the words but not the mechanism.,,active_topic_reference,0.79,True,v3.1 early_activity_augmented; scenario=one_topic_active_followup
topic_label_v3_1_12000_11186,the current topic is fine; I need a different angle on it.,Photosynthesis,Photosynthesis,"The first version made sense, then the second version made me realize I did not actually get the first one. | I am trying not to memorize the surface pattern. | I can recognize it after I see it, but I cannot produce it myself.",,active_topic_reference,0.89,True,v3.1 early_activity_augmented; scenario=one_topic_active_followup
topic_label_v3_1_12000_11187,Could you explain that part again without changing the example?,Voltage vs Current,Voltage vs Current,I am trying not to memorize the surface pattern. | I do not need more facts yet; I need the shape of it. | I tried making my own example and it immediately got messy.,,active_topic_reference,0.90,True,v3.1 early_activity_augmented; scenario=one_topic_active_followup
topic_label_v3_1_12000_11188,"that helped a bit, but what would it look like inside the same Trigonometry example?",Trigonometry,Trigonometry,I want to know what to pay attention to first.,,active_topic_reference,0.85,True,v3.1 early_activity_augmented; scenario=one_topic_active_followup
topic_label_v3_1_12000_11189,Can we stay with Quadratic Functions? The second step is where I lose the thread.,Quadratic Functions,Quadratic Functions,"What would make this obvious if I saw it somewhere else? | I can recognize it after I see it, but I cannot produce it myself. | The first version made sense, then the second version made me realize I did not actually get the first one.",,active_topic_reference,0.90,True,v3.1 early_activity_augmented; scenario=one_topic_active_followup
topic_label_v3_1_12000_11190,"ok, same topic: where exactly does the idea enter the problem?",Correlation vs Causation,Correlation vs Causation,I want to know what to pay attention to first. | I keep mixing this up with the nearby idea.,,active_topic_reference,0.83,True,v3.1 early_activity_augmented; scenario=one_topic_active_followup
topic_label_v3_1_12000_11191,"It makes sense while you say it, then I cannot reconstruct it. Still Working Memory.",Working Memory,Churn Rate | Working Memory | Motivation Loops,What would make this obvious if I saw it somewhere else? | I keep mixing this up with the nearby idea.,,active_topic_reference,0.79,True,v3.1 early_activity_augmented; scenario=few_topic_active_followup
topic_label_v3_1_12000_11192,Can we stay with Tire Pressure? The second step is where I lose the thread.,Tire Pressure,Potential Energy | Tire Pressure | Chain Rule | Rate Limits,"I want to know what to pay attention to first. | The answer is there, but I do not know why it is the answer. | I tried making my own example and it immediately got messy.",,active_topic_reference,0.92,True,v3.1 early_activity_augmented; scenario=few_topic_active_followup
topic_label_v3_1_12000_11193,"I still do not get it, but I do not think this is a new topic.",Meal Planning,Propaganda | Meal Planning,I am trying not to memorize the surface pattern.,,active_topic_reference,0.79,True,v3.1 early_activity_augmented; scenario=few_topic_active_followup
topic_label_v3_1_12000_11194,"It makes sense while you say it, then I cannot reconstruct it. Still Cognitive Load.",Cognitive Load,OAuth Flow | Cognitive Load | Room Acoustics | Visual Hierarchy | Decision Fatigue,I tried making my own example and it immediately got messy.,,active_topic_reference,0.78,True,v3.1 early_activity_augmented; scenario=few_topic_active_followup
topic_label_v3_1_12000_11195,"ok, same topic: where exactly does the idea enter the problem? I am not trying to switch.",Action Potentials,Action Potentials | Genetic Drift | Necessary vs Sufficient Conditions | Blood Pressure Regulation | Chord Progressions,I am trying not to memorize the surface pattern.,,active_topic_reference,0.86,True,v3.1 early_activity_augmented; scenario=few_topic_active_followup
topic_label_v3_1_12000_11196,"I know we are on Neural Networks; I just need the slower version. It is the same example, just a smaller question.",Neural Networks,Motivation Loops | Neural Networks,"The first version made sense, then the second version made me realize I did not actually get the first one.",,active_topic_reference,0.84,True,v3.1 early_activity_augmented; scenario=few_topic_active_followup
topic_label_v3_1_12000_11197,"Can we stay with Working Memory? The second step is where I lose the thread. It is the same example, just a smaller question.",Working Memory,Working Memory | Preterite vs Imperfect | Conversion Funnel,I tried making my own example and it immediately got messy.,,active_topic_reference,0.94,True,v3.1 early_activity_augmented; scenario=few_topic_active_followup
topic_label_v3_1_12000_11198,No new sphere yet — just help me repair this one.,Fight-or-Flight Response,Fight-or-Flight Response | Customer Segmentation | Register in Language,That sounded clear for five seconds and then disappeared.,,active_topic_reference,0.81,True,v3.1 early_activity_augmented; scenario=few_topic_active_followup
topic_label_v3_1_12000_11199,I know we are on Separation of Powers; I just need the slower version.,Separation of Powers,Circular Reasoning | Separation of Powers | Amortization,"I want to know what to pay attention to first. | The example helped a little, but I still cannot transfer it. | I can follow it while looking at the example, but I lose it when the wording changes.",,active_topic_reference,0.87,True,v3.1 early_activity_augmented; scenario=few_topic_active_followup
topic_label_v3_1_12000_11200,"that helped a bit, but what would it look like inside the same Fight-or-Flight Response example? It is the same example, just a smaller question.",Fight-or-Flight Response,Fluid Pressure | Fight-or-Flight Response | Light as a Wave and Particle,"I can recognize it after I see it, but I cannot produce it myself. | The answer is there, but I do not know why it is the answer. | I am trying not to memorize the surface pattern.",,active_topic_reference,0.80,True,v3.1 early_activity_augmented; scenario=few_topic_active_followup
topic_label_v3_1_12000_11201,why is that true here? I mean in the current Meal Planning thing.,Meal Planning,Meal Planning | Immune Memory,I do not need more facts yet; I need the shape of it.,,active_topic_reference,0.93,True,v3.1 early_activity_augmented; scenario=few_topic_active_followup
topic_label_v3_1_12000_11202,I can copy the answer but I cannot explain why it works.,Motivation Loops,Motivation Loops | Magnetic Induction | Direct Objects in Spanish,What would make this obvious if I saw it somewhere else?,,active_topic_reference,0.86,True,v3.1 early_activity_augmented; scenario=few_topic_active_followup
topic_label_v3_1_12000_11203,not switching topics yet — why does the current example work?,REST APIs,Blind Spot Checks | Copyright Fair Use | REST APIs | Visual Hierarchy,"Can we make it less abstract? | I can follow it while looking at the example, but I lose it when the wording changes.",,active_topic_reference,0.80,True,v3.1 early_activity_augmented; scenario=few_topic_active_followup
topic_label_v3_1_12000_11204,"I am following the words, but not the reason one part leads to the next.",Dopamine,Acids vs Bases | Dopamine | JavaScript Promises | Laundry Symbols,What would make this obvious if I saw it somewhere else? | That sounded clear for five seconds and then disappeared. | I want to know what to pay attention to first.,,active_topic_reference,0.88,True,v3.1 early_activity_augmented; scenario=few_topic_active_followup
topic_label_v3_1_12000_11205,Can we make the existing explanation more visual? The nearby topics are distracting me.,Motivation Loops,Motivation Loops | Emotional Regulation | Room Acoustics,"I might be missing the middle step. | The first version made sense, then the second version made me realize I did not actually get the first one.",,active_topic_reference,0.79,True,v3.1 early_activity_augmented; scenario=few_topic_active_followup
topic_label_v3_1_12000_11206,"this is probably obvious, but I need one more pass on the same idea.",Preterite vs Imperfect,Tax Forms | Preterite vs Imperfect | Paragraph Transitions,"I want to know what to pay attention to first. | The first version made sense, then the second version made me realize I did not actually get the first one. | I can follow it while looking at the example, but I lose it when the wording changes.",,active_topic_reference,0.82,True,v3.1 early_activity_augmented; scenario=few_topic_active_followup
topic_label_v3_1_12000_11207,"ok, same topic: where exactly does the idea enter the problem?",Le Chatelier's Principle,Blind Spot Checks | Normal Distribution | Doppler Effect | Le Chatelier's Principle | Tire Pressure,"I want to know what to pay attention to first. | The example helped a little, but I still cannot transfer it.",,active_topic_reference,0.78,True,v3.1 early_activity_augmented; scenario=few_topic_active_followup
topic_label_v3_1_12000_11208,the label is right; my problem is the middle step.,Bayes Theorem,Free Body Diagrams | Bayes Theorem | Caching,I tried making my own example and it immediately got messy.,,active_topic_reference,0.92,True,v3.1 early_activity_augmented; scenario=few_topic_active_followup
topic_label_v3_1_12000_11209,Can we stay with Quadratic Functions? The second step is where I lose the thread.,Quadratic Functions,Quadratic Functions | Measuring Ingredients,I might be missing the middle step.,,active_topic_reference,0.87,True,v3.1 early_activity_augmented; scenario=few_topic_active_followup
topic_label_v3_1_12000_11210,the topic is still REST APIs; the confusing bit is the bridge between the steps.,REST APIs,One-Point Perspective | Dependency Conflicts | REST APIs | Engines | False Cognates,Can we make it less abstract?,,active_topic_reference,0.78,True,v3.1 early_activity_augmented; scenario=few_topic_active_followup
topic_label_v3_1_12000_11211,not switching topics yet — why does the current example work? The nearby topics are distracting me.,Trigonometry,Camera Framing | Allergies | Linear Equations | Trigonometry | Decision Fatigue,"I want to know what to pay attention to first. | The answer is there, but I do not know why it is the answer.",,active_topic_reference,0.87,True,v3.1 early_activity_augmented; scenario=few_topic_active_followup
topic_label_v3_1_12000_11212,I wrote it down and it still sounds wrong. Keep us on Natural Selection.,Natural Selection,Civil Liberties vs Civil Rights | Natural Selection,I keep mixing this up with the nearby idea. | I tried making my own example and it immediately got messy. | I am trying not to memorize the surface pattern.,,active_topic_reference,0.87,True,v3.1 early_activity_augmented; scenario=few_topic_active_followup
topic_label_v3_1_12000_11213,I wrote it down and it still sounds wrong. Keep us on Circadian Rhythm. I am not trying to switch.,Circadian Rhythm,Password Hashing | Mole Concept | Deductive Reasoning | Electron Configuration | Circadian Rhythm,"The answer is there, but I do not know why it is the answer. | What would make this obvious if I saw it somewhere else?",,active_topic_reference,0.91,True,v3.1 early_activity_augmented; scenario=few_topic_active_followup
topic_label_v3_1_12000_11214,"Hold on, with this same topic, what should I notice first? It is the same example, just a smaller question.",Statistical Significance,Statistical Significance | TypeScript Generics | Passive Voice | Photosynthesis,"The answer is there, but I do not know why it is the answer. | I want to know what to pay attention to first.",,active_topic_reference,0.87,True,v3.1 early_activity_augmented; scenario=few_topic_active_followup
topic_label_v3_1_12000_11215,"Hold on, with this same topic, what should I notice first?",Reinforcement Learning,Shading Values | Lifetime Value | Reinforcement Learning,I want to know what to pay attention to first.,,active_topic_reference,0.85,True,v3.1 early_activity_augmented; scenario=few_topic_active_followup
topic_label_v3_1_12000_11216,not switching topics yet — why does the current example work?,Food Webs,Tenant Rights | Storyboarding | Food Webs,That sounded clear for five seconds and then disappeared.,,active_topic_reference,0.83,True,v3.1 early_activity_augmented; scenario=few_topic_active_followup
topic_label_v3_1_12000_11217,Can we stay with Environment Variables? The second step is where I lose the thread.,Environment Variables,Environment Variables | Category Errors | Register in Language,"The first version made sense, then the second version made me realize I did not actually get the first one. | I can follow it while looking at the example, but I lose it when the wording changes. | I want to know what to pay attention to first.",,active_topic_reference,0.87,True,v3.1 early_activity_augmented; scenario=few_topic_active_followup
topic_label_v3_1_12000_11218,the current topic is fine; I need a different angle on it.,Cell Membrane Transport,Insurance Deductible | Circadian Rhythm | Cell Membrane Transport,"I keep mixing this up with the nearby idea. | I can follow it while looking at the example, but I lose it when the wording changes. | I might be missing the middle step.",,active_topic_reference,0.88,True,v3.1 early_activity_augmented; scenario=few_topic_active_followup
topic_label_v3_1_12000_11219,the topic is still Torque; the confusing bit is the bridge between the steps.,Torque,Storyboarding | Residuals | Torque | Climate Feedbacks,"Can we make it less abstract? | What would make this obvious if I saw it somewhere else? | The answer is there, but I do not know why it is the answer.",,active_topic_reference,0.83,True,v3.1 early_activity_augmented; scenario=few_topic_active_followup
topic_label_v3_1_12000_11220,I know we are on Le Chatelier's Principle; I just need the slower version.,Le Chatelier's Principle,Watersheds | Climate Feedbacks | Le Chatelier's Principle | Decision Fatigue,"The answer is there, but I do not know why it is the answer. | I want to know what to pay attention to first. | Can we make it less abstract?",,active_topic_reference,0.82,True,v3.1 early_activity_augmented; scenario=few_topic_active_followup
topic_label_v3_1_12000_11221,"that helped a bit, but what would it look like inside the same Chemical Equilibrium example? It is the same example, just a smaller question.",Chemical Equilibrium,Chemical Equilibrium | Map Scale | Light as a Wave and Particle | Action Potentials | Separation of Powers,"I can follow it while looking at the example, but I lose it when the wording changes. | I keep mixing this up with the nearby idea. | I want to know what to pay attention to first.",,active_topic_reference,0.83,True,v3.1 early_activity_augmented; scenario=few_topic_active_followup
topic_label_v3_1_12000_11222,why is that true here? I mean in the current Training Data Bias thing.,Training Data Bias,Natural Selection | Osmosis | Training Data Bias | Kinetic Energy | Cold War Proxy Wars,I am trying not to memorize the surface pattern.,,active_topic_reference,0.90,True,v3.1 early_activity_augmented; scenario=few_topic_active_followup
topic_label_v3_1_12000_11223,I can copy the answer but I cannot explain why it works.,Photosynthesis,Photosynthesis | Bayes Theorem | Le Chatelier's Principle | Carbon Cycle,What would make this obvious if I saw it somewhere else? | I do not need more facts yet; I need the shape of it. | I tried making my own example and it immediately got messy.,,active_topic_reference,0.79,True,v3.1 early_activity_augmented; scenario=few_topic_active_followup
topic_label_v3_1_12000_11224,why is that true here? I mean in the current Correlation vs Causation thing.,Correlation vs Causation,Inflammation | Correlation vs Causation | Market Positioning | Conversion Funnel | Emergency Fund,"I can follow it while looking at the example, but I lose it when the wording changes. | The first version made sense, then the second version made me realize I did not actually get the first one.",,active_topic_reference,0.88,True,v3.1 early_activity_augmented; scenario=few_topic_active_followup
topic_label_v3_1_12000_11225,"It makes sense while you say it, then I cannot reconstruct it. Still Circadian Rhythm.",Circadian Rhythm,Word Order in Spanish | Circadian Rhythm | Conversion Funnel | Transcription and Translation,"The example helped a little, but I still cannot transfer it. | The first version made sense, then the second version made me realize I did not actually get the first one.",,active_topic_reference,0.84,True,v3.1 early_activity_augmented; scenario=few_topic_active_followup
topic_label_v3_1_12000_11226,"that helped a bit, but what would it look like inside the same Le Chatelier's Principle example? The nearby topics are distracting me.",Le Chatelier's Principle,Le Chatelier's Principle | Dopamine | Watersheds | Shading Values,I am trying not to memorize the surface pattern. | I want to know what to pay attention to first.,,active_topic_reference,0.79,True,v3.1 early_activity_augmented; scenario=few_topic_active_followup
topic_label_v3_1_12000_11227,not switching topics yet — why does the current example work?,Copyright Fair Use,Emotional Regulation | Spanish Pronouns | Copyright Fair Use | SQL Joins,I keep mixing this up with the nearby idea.,,active_topic_reference,0.87,True,v3.1 early_activity_augmented; scenario=few_topic_active_followup
topic_label_v3_1_12000_11228,Can we make the existing explanation more visual?,Working Memory,Working Memory | Natural Selection,"I want to know what to pay attention to first. | The example helped a little, but I still cannot transfer it.",,active_topic_reference,0.93,True,v3.1 early_activity_augmented; scenario=few_topic_active_followup
topic_label_v3_1_12000_11229,why is that true here? I mean in the current Dopamine thing.,Dopamine,Dopamine | Industrial Revolution | Shading Values,Can we make it less abstract? | I keep mixing this up with the nearby idea.,,active_topic_reference,0.85,True,v3.1 early_activity_augmented; scenario=few_topic_active_followup
topic_label_v3_1_12000_11230,Can we stay with Valid vs Sound Arguments? The second step is where I lose the thread.,Valid vs Sound Arguments,Discourse Markers | Valid vs Sound Arguments | Quadratic Functions | Latitude vs Longitude | Reinforcement Learning,"The example helped a little, but I still cannot transfer it. | I want to know what to pay attention to first. | I do not need more facts yet; I need the shape of it.",,active_topic_reference,0.89,True,v3.1 early_activity_augmented; scenario=few_topic_active_followup
topic_label_v3_1_12000_11231,Can we stay with Synaptic Transmission? The second step is where I lose the thread.,Synaptic Transmission,Blind Spot Checks | Synaptic Transmission | Cash Flow | Simple Harmonic Motion | Contract Law Basics,I think I understand the words but not the mechanism. | I am trying not to memorize the surface pattern.,,active_topic_reference,0.89,True,v3.1 early_activity_augmented; scenario=few_topic_active_followup
topic_label_v3_1_12000_11232,"this is probably obvious, but I need one more pass on the same idea.",Fight-or-Flight Response,Valid vs Sound Arguments | Typography | Residuals | Liability | Fight-or-Flight Response,I want to know what to pay attention to first.,,active_topic_reference,0.78,True,v3.1 early_activity_augmented; scenario=few_topic_active_followup
topic_label_v3_1_12000_11233,No new sphere yet — just help me repair this one.,Motivation Loops,Ecological Succession | Air Pressure Systems | Motivation Loops,What would make this obvious if I saw it somewhere else? | I tried making my own example and it immediately got messy. | I am trying not to memorize the surface pattern.,,active_topic_reference,0.79,True,v3.1 early_activity_augmented; scenario=few_topic_active_followup
topic_label_v3_1_12000_11234,Please do not create a new topic. I am asking about the same thing again. The nearby topics are distracting me.,Voltage vs Current,Voltage vs Current | Primary Source Analysis | Preterite vs Imperfect | Checks and Balances,"The answer is there, but I do not know why it is the answer. | I think I understand the words but not the mechanism.",,active_topic_reference,0.79,True,v3.1 early_activity_augmented; scenario=few_topic_active_followup
topic_label_v3_1_12000_11235,Please do not create a new topic. I am asking about the same thing again.,Motivation Loops,Separation of Powers | Hormone Regulation | Attention Mechanism | Motivation Loops | Free Will,"The first version made sense, then the second version made me realize I did not actually get the first one. | I think I understand the words but not the mechanism.",,active_topic_reference,0.85,True,v3.1 early_activity_augmented; scenario=few_topic_active_followup
topic_label_v3_1_12000_11236,Can we make the existing explanation more visual? I am not trying to switch.,REST APIs,Geothermal Energy | REST APIs | Bayes Theorem,I might be missing the middle step.,,active_topic_reference,0.80,True,v3.1 early_activity_augmented; scenario=few_topic_active_followup
topic_label_v3_1_12000_11237,"I am following the words, but not the reason one part leads to the next.",Confidence Intervals,Covalent Bonding | Blind Spot Checks | Webhooks | Confidence Intervals,"The answer is there, but I do not know why it is the answer.",,active_topic_reference,0.89,True,v3.1 early_activity_augmented; scenario=few_topic_active_followup
topic_label_v3_1_12000_11238,"Could you explain that part again without changing the example? It is the same example, just a smaller question.",Camera Framing,Valid vs Sound Arguments | Camera Framing,What would make this obvious if I saw it somewhere else?,,active_topic_reference,0.84,True,v3.1 early_activity_augmented; scenario=few_topic_active_followup
topic_label_v3_1_12000_11239,I wrote it down and it still sounds wrong. Keep us on Bayes Theorem.,Bayes Theorem,Colonialism | Burden of Proof | Word Order in Spanish | Historical Significance | Bayes Theorem,"I can follow it while looking at the example, but I lose it when the wording changes. | What would make this obvious if I saw it somewhere else? | I keep mixing this up with the nearby idea.",,active_topic_reference,0.90,True,v3.1 early_activity_augmented; scenario=few_topic_active_followup
topic_label_v3_1_12000_11240,the current topic is fine; I need a different angle on it.,Meal Planning,Meal Planning | Inflammation | JavaScript Promises | OAuth Flow | TypeScript Generics,"The example helped a little, but I still cannot transfer it. | I think I understand the words but not the mechanism. | The answer is there, but I do not know why it is the answer.",,active_topic_reference,0.87,True,v3.1 early_activity_augmented; scenario=few_topic_active_followup
topic_label_v3_1_12000_11241,I know we are on Cell Membrane Transport; I just need the slower version.,Cell Membrane Transport,Knife Sharpening | Cell Membrane Transport | Shading Values,Can we make it less abstract?,,active_topic_reference,0.88,True,v3.1 early_activity_augmented; scenario=few_topic_active_followup
topic_label_v3_1_12000_11242,"the current topic is fine; I need a different angle on it. It is the same example, just a smaller question.",Electoral College,Electoral College | Normal Distribution | Transcription and Translation | Simple Harmonic Motion,"The answer is there, but I do not know why it is the answer.",,active_topic_reference,0.92,True,v3.1 early_activity_augmented; scenario=few_topic_active_followup
topic_label_v3_1_12000_11243,Could you explain that part again without changing the example? I am not trying to switch.,Photosynthesis,Emergency Fund | Fight-or-Flight Response | Photosynthesis | Battery Chemistry,I want to know what to pay attention to first. | I think I understand the words but not the mechanism.,,active_topic_reference,0.82,True,v3.1 early_activity_augmented; scenario=few_topic_active_followup
topic_label_v3_1_12000_11244,not switching topics yet — why does the current example work?,Chemical Equilibrium,Close Reading | Chemical Equilibrium,I tried making my own example and it immediately got messy.,,active_topic_reference,0.94,True,v3.1 early_activity_augmented; scenario=few_topic_active_followup
topic_label_v3_1_12000_11245,"I can copy the answer but I cannot explain why it works. It is the same example, just a smaller question.",Electoral College,REST APIs | Electoral College,I am trying not to memorize the surface pattern.,,active_topic_reference,0.87,True,v3.1 early_activity_augmented; scenario=few_topic_active_followup
topic_label_v3_1_12000_11246,No new sphere yet — just help me repair this one.,Caching,Password Hashing | Employment Standards | Caching | Map Scale | React Props,I keep mixing this up with the nearby idea. | That sounded clear for five seconds and then disappeared.,,active_topic_reference,0.78,True,v3.1 early_activity_augmented; scenario=few_topic_active_followup
topic_label_v3_1_12000_11247,"ok, same topic: where exactly does the idea enter the problem?",Separation of Powers,Separation of Powers | Carbon Cycle | Deontology | Attention Mechanism,"I can follow it while looking at the example, but I lose it when the wording changes.",,active_topic_reference,0.80,True,v3.1 early_activity_augmented; scenario=few_topic_active_followup
topic_label_v3_1_12000_11248,why is that true here? I mean in the current Environment Variables thing.,Environment Variables,Renewable Energy Grid | Pragmatics | Environment Variables,What would make this obvious if I saw it somewhere else?,,active_topic_reference,0.79,True,v3.1 early_activity_augmented; scenario=few_topic_active_followup
topic_label_v3_1_12000_11249,Can we stay with Tire Pressure? The second step is where I lose the thread.,Tire Pressure,Dopamine | Air Pressure Systems | Trigonometry | Doppler Effect | Tire Pressure,That sounded clear for five seconds and then disappeared. | I keep mixing this up with the nearby idea.,,active_topic_reference,0.87,True,v3.1 early_activity_augmented; scenario=few_topic_active_followup
topic_label_v3_1_12000_11250,Can we make the existing explanation more visual?,Spanish Pronouns,Valid vs Sound Arguments | Vector Search | Customer Segmentation | Spanish Pronouns,I do not need more facts yet; I need the shape of it. | What would make this obvious if I saw it somewhere else?,,active_topic_reference,0.86,True,v3.1 early_activity_augmented; scenario=few_topic_active_followup
topic_label_v3_1_12000_11251,"this is probably obvious, but I need one more pass on the same idea.",Measuring Ingredients,Resonance | Measuring Ingredients,"That sounded clear for five seconds and then disappeared. | I can follow it while looking at the example, but I lose it when the wording changes. | What would make this obvious if I saw it somewhere else?",,active_topic_reference,0.87,True,v3.1 early_activity_augmented; scenario=few_topic_active_followup
topic_label_v3_1_12000_11252,I know we are on API Routes; I just need the slower version.,API Routes,Systems of Equations | API Routes,I keep mixing this up with the nearby idea. | Can we make it less abstract?,,active_topic_reference,0.81,True,v3.1 early_activity_augmented; scenario=few_topic_active_followup
topic_label_v3_1_12000_11253,"ok, same topic: where exactly does the idea enter the problem?",Natural Selection,REST APIs | Natural Selection | Potential Energy | Gas Laws | Electric Fields,I want to know what to pay attention to first.,,active_topic_reference,0.86,True,v3.1 early_activity_augmented; scenario=few_topic_active_followup
topic_label_v3_1_12000_11254,the current topic is fine; I need a different angle on it. I am not trying to switch.,Chord Progressions,Genetic Drift | Chord Progressions,"That sounded clear for five seconds and then disappeared. | The first version made sense, then the second version made me realize I did not actually get the first one.",,active_topic_reference,0.93,True,v3.1 early_activity_augmented; scenario=few_topic_active_followup
topic_label_v3_1_12000_11255,why is that true here? I mean in the current Regression Lines thing. I am not trying to switch.,Regression Lines,Regression Lines | Le Chatelier's Principle | Market Positioning | Vector Search,"The first version made sense, then the second version made me realize I did not actually get the first one. | The example helped a little, but I still cannot transfer it.",,active_topic_reference,0.79,True,v3.1 early_activity_augmented; scenario=few_topic_active_followup
topic_label_v3_1_12000_11256,No new sphere yet — just help me repair this one. I am not trying to switch.,Function Notation,Function Notation | Action Potentials | Break-Even Point | Unit Economics | Password Hashing,"What would make this obvious if I saw it somewhere else? | I can recognize it after I see it, but I cannot produce it myself.",,active_topic_reference,0.86,True,v3.1 early_activity_augmented; scenario=few_topic_active_followup
topic_label_v3_1_12000_11257,not switching topics yet — why does the current example work? I am not trying to switch.,Le Chatelier's Principle,Cloud Formation | Copyright Fair Use | Le Chatelier's Principle | Torque,I might be missing the middle step.,,active_topic_reference,0.83,True,v3.1 early_activity_augmented; scenario=few_topic_active_followup
topic_label_v3_1_12000_11258,the current topic is fine; I need a different angle on it. I am not trying to switch.,Visual Hierarchy,Decision Fatigue | Visual Hierarchy,"I can recognize it after I see it, but I cannot produce it myself. | The example helped a little, but I still cannot transfer it. | I am trying not to memorize the surface pattern.",,active_topic_reference,0.92,True,v3.1 early_activity_augmented; scenario=few_topic_active_followup
topic_label_v3_1_12000_11259,"this is probably obvious, but I need one more pass on the same idea.",Civil Liberties vs Civil Rights,Cash Flow | Potential Energy | Gas Laws | Civil Liberties vs Civil Rights | Plea Bargains,That sounded clear for five seconds and then disappeared. | I do not need more facts yet; I need the shape of it.,,active_topic_reference,0.84,True,v3.1 early_activity_augmented; scenario=few_topic_active_followup
topic_label_v3_1_12000_11260,"this is probably obvious, but I need one more pass on the same idea.",OAuth Flow,Shading Values | Gas Laws | OAuth Flow,"I can recognize it after I see it, but I cannot produce it myself.",,active_topic_reference,0.81,True,v3.1 early_activity_augmented; scenario=few_topic_active_followup
topic_label_v3_1_12000_11261,"that helped a bit, but what would it look like inside the same Copyright Fair Use example?",Copyright Fair Use,Air Pressure Systems | Residuals | Voltage vs Current | Copyright Fair Use,"The example helped a little, but I still cannot transfer it. | I can follow it while looking at the example, but I lose it when the wording changes. | I want to know what to pay attention to first.",,active_topic_reference,0.87,True,v3.1 early_activity_augmented; scenario=few_topic_active_followup
topic_label_v3_1_12000_11262,why is that true here? I mean in the current Electoral College thing.,Electoral College,Natural Selection | Deductive Reasoning | Pragmatics | Moral Luck | Electoral College,What would make this obvious if I saw it somewhere else? | I think I understand the words but not the mechanism. | I do not need more facts yet; I need the shape of it.,,active_topic_reference,0.90,True,v3.1 early_activity_augmented; scenario=few_topic_active_followup
topic_label_v3_1_12000_11263,I can copy the answer but I cannot explain why it works.,Free Body Diagrams,Inductive Reasoning | Circadian Rhythm | Free Body Diagrams,I want to know what to pay attention to first.,,active_topic_reference,0.91,True,v3.1 early_activity_augmented; scenario=few_topic_active_followup
topic_label_v3_1_12000_11264,the current topic is fine; I need a different angle on it. The nearby topics are distracting me.,Bayes Theorem,Bayes Theorem | Topic Sentences,Can we make it less abstract?,,active_topic_reference,0.88,True,v3.1 early_activity_augmented; scenario=few_topic_active_followup
topic_label_v3_1_12000_11265,Can we make the existing explanation more visual?,Engines,World War I Causes | Tokenization | API Routes | Engines | Panic Response,"The example helped a little, but I still cannot transfer it. | I do not need more facts yet; I need the shape of it.",,active_topic_reference,0.80,True,v3.1 early_activity_augmented; scenario=few_topic_active_followup
topic_label_v3_1_12000_11266,No new sphere yet — just help me repair this one.,React Props,React Props | REST APIs,"I might be missing the middle step. | The example helped a little, but I still cannot transfer it.",,active_topic_reference,0.79,True,v3.1 early_activity_augmented; scenario=few_topic_active_followup
topic_label_v3_1_12000_11267,"It makes sense while you say it, then I cannot reconstruct it. Still Map Scale. The nearby topics are distracting me.",Map Scale,Tenant Rights | Map Scale | Le Chatelier's Principle | Biodiversity,"I can follow it while looking at the example, but I lose it when the wording changes. | The answer is there, but I do not know why it is the answer. | I keep mixing this up with the nearby idea.",,active_topic_reference,0.87,True,v3.1 early_activity_augmented; scenario=few_topic_active_followup
topic_label_v3_1_12000_11268,Please do not create a new topic. I am asking about the same thing again. I am not trying to switch.,Circuit Breakers,Statistical Significance | Le Chatelier's Principle | Circuit Breakers,"I might be missing the middle step. | I think I understand the words but not the mechanism. | The example helped a little, but I still cannot transfer it.",,active_topic_reference,0.89,True,v3.1 early_activity_augmented; scenario=few_topic_active_followup
topic_label_v3_1_12000_11269,I can copy the answer but I cannot explain why it works. The nearby topics are distracting me.,Torque,Torque | Pay Stubs | Cash Flow,"I want to know what to pay attention to first. | I can follow it while looking at the example, but I lose it when the wording changes.",,active_topic_reference,0.86,True,v3.1 early_activity_augmented; scenario=few_topic_active_followup
topic_label_v3_1_12000_11270,"Hold on, with this same topic, what should I notice first? The nearby topics are distracting me.",Mitosis vs Meiosis,Inventory Turnover | Meal Planning | Churn Rate | Mitosis vs Meiosis,Can we make it less abstract? | I keep mixing this up with the nearby idea. | That sounded clear for five seconds and then disappeared.,,active_topic_reference,0.79,True,v3.1 early_activity_augmented; scenario=few_topic_active_followup
topic_label_v3_1_12000_11271,the current topic is fine; I need a different angle on it.,Electricity,Sodium-Potassium Pump | Necessary vs Sufficient Conditions | Electricity,I think I understand the words but not the mechanism.,,active_topic_reference,0.82,True,v3.1 early_activity_augmented; scenario=few_topic_active_followup
topic_label_v3_1_12000_11272,"this is probably obvious, but I need one more pass on the same idea.",Carbon Cycle,Food Safety | Carbon Cycle | Memorization vs Understanding | Meal Planning | Tidal Energy,"I think I understand the words but not the mechanism. | The answer is there, but I do not know why it is the answer.",,active_topic_reference,0.88,True,v3.1 early_activity_augmented; scenario=few_topic_active_followup
topic_label_v3_1_12000_11273,"this is probably obvious, but I need one more pass on the same idea. The nearby topics are distracting me.",Word Order in Spanish,Word Order in Spanish | Tax Forms | Virtue Ethics,"The first version made sense, then the second version made me realize I did not actually get the first one.",,active_topic_reference,0.94,True,v3.1 early_activity_augmented; scenario=few_topic_active_followup
topic_label_v3_1_12000_11274,Could you explain that part again without changing the example?,Supply and Demand,REST APIs | Supply and Demand,"The first version made sense, then the second version made me realize I did not actually get the first one. | I tried making my own example and it immediately got messy.",,active_topic_reference,0.78,True,v3.1 early_activity_augmented; scenario=few_topic_active_followup
topic_label_v3_1_12000_11275,the label is right; my problem is the middle step.,Cognitive Load,Cognitive Load | Pay Stubs | Cash Flow | Engines | Immune Memory,I do not need more facts yet; I need the shape of it. | I want to know what to pay attention to first. | I tried making my own example and it immediately got messy.,,active_topic_reference,0.93,True,v3.1 early_activity_augmented; scenario=few_topic_active_followup
topic_label_v3_1_12000_11276,the label is right; my problem is the middle step.,Caching,Caching | Organic Functional Groups | Geothermal Energy | JavaScript Promises | Carbon Cycle,I tried making my own example and it immediately got messy.,,active_topic_reference,0.82,True,v3.1 early_activity_augmented; scenario=few_topic_active_followup
topic_label_v3_1_12000_11277,I can copy the answer but I cannot explain why it works. The nearby topics are distracting me.,Circadian Rhythm,Circadian Rhythm | Problem of Induction,I want to know what to pay attention to first.,,active_topic_reference,0.84,True,v3.1 early_activity_augmented; scenario=few_topic_active_followup
topic_label_v3_1_12000_11278,I know we are on Correlation vs Causation; I just need the slower version.,Correlation vs Causation,Quadratic Functions | Correlation vs Causation | World War I Causes,"I think I understand the words but not the mechanism. | The first version made sense, then the second version made me realize I did not actually get the first one. | I keep mixing this up with the nearby idea.",,active_topic_reference,0.93,True,v3.1 early_activity_augmented; scenario=few_topic_active_followup
topic_label_v3_1_12000_11279,No new sphere yet — just help me repair this one.,Cloud Formation,Idioms | Supply and Demand | Reading Comprehension | Cloud Formation,"I tried making my own example and it immediately got messy. | The example helped a little, but I still cannot transfer it.",,active_topic_reference,0.93,True,v3.1 early_activity_augmented; scenario=few_topic_active_followup
topic_label_v3_1_12000_11280,"Could you explain that part again without changing the example? It is the same example, just a smaller question.",Credit Card Interest,Carbon Cycle | Credit Card Interest | Primary Source Analysis,I do not need more facts yet; I need the shape of it.,,active_topic_reference,0.85,True,v3.1 early_activity_augmented; scenario=few_topic_active_followup
topic_label_v3_1_12000_11281,Can we stay with Camera Framing? The second step is where I lose the thread.,Camera Framing,Tidal Energy | Camera Framing,"The answer is there, but I do not know why it is the answer.",,active_topic_reference,0.81,True,v3.1 early_activity_augmented; scenario=few_topic_active_followup
topic_label_v3_1_12000_11282,the topic is still Model Evaluation; the confusing bit is the bridge between the steps.,Model Evaluation,Meal Planning | Working Memory | Storyboarding | Model Evaluation,"The first version made sense, then the second version made me realize I did not actually get the first one. | I think I understand the words but not the mechanism. | I can follow it while looking at the example, but I lose it when the wording changes.",,active_topic_reference,0.87,True,v3.1 early_activity_augmented; scenario=few_topic_active_followup
topic_label_v3_1_12000_11283,"I still do not get it, but I do not think this is a new topic.",Camera Framing,Air Pressure Systems | Magnetic Induction | Camera Framing,"The first version made sense, then the second version made me realize I did not actually get the first one.",,active_topic_reference,0.87,True,v3.1 early_activity_augmented; scenario=few_topic_active_followup
topic_label_v3_1_12000_11284,Could you explain that part again without changing the example?,Engines,Visual Hierarchy | Dependency Conflicts | Engines,I want to know what to pay attention to first. | That sounded clear for five seconds and then disappeared.,,active_topic_reference,0.91,True,v3.1 early_activity_augmented; scenario=few_topic_active_followup
topic_label_v3_1_12000_11285,"No new sphere yet — just help me repair this one. It is the same example, just a smaller question.",Customer Segmentation,Customer Segmentation | Passive Voice,"The answer is there, but I do not know why it is the answer.",,active_topic_reference,0.90,True,v3.1 early_activity_augmented; scenario=few_topic_active_followup
topic_label_v3_1_12000_11286,why is that true here? I mean in the current Attention Mechanism thing.,Attention Mechanism,Circadian Rhythm | Attention Mechanism,"I think I understand the words but not the mechanism. | I can recognize it after I see it, but I cannot produce it myself.",,active_topic_reference,0.90,True,v3.1 early_activity_augmented; scenario=few_topic_active_followup
topic_label_v3_1_12000_11287,Please do not create a new topic. I am asking about the same thing again.,Voltage vs Current,Color Contrast | Voltage vs Current | One-Point Perspective,What would make this obvious if I saw it somewhere else? | I think I understand the words but not the mechanism.,,active_topic_reference,0.85,True,v3.1 early_activity_augmented; scenario=few_topic_active_followup
topic_label_v3_1_12000_11288,Can we make the existing explanation more visual?,Attention Mechanism,Attention Mechanism | Amortization | Carbon Cycle,"The answer is there, but I do not know why it is the answer. | The example helped a little, but I still cannot transfer it. | Can we make it less abstract?",,active_topic_reference,0.78,True,v3.1 early_activity_augmented; scenario=few_topic_active_followup
topic_label_v3_1_12000_11289,the topic is still Cognitive Load; the confusing bit is the bridge between the steps.,Cognitive Load,Virtue Ethics | Cognitive Load,I want to know what to pay attention to first. | What would make this obvious if I saw it somewhere else? | I do not need more facts yet; I need the shape of it.,,active_topic_reference,0.79,True,v3.1 early_activity_augmented; scenario=few_topic_active_followup
topic_label_v3_1_12000_11290,No new sphere yet — just help me repair this one.,Stoichiometry,Decision Fatigue | Action Potentials | Training Data Bias | Stoichiometry,"The first version made sense, then the second version made me realize I did not actually get the first one. | I want to know what to pay attention to first.",,active_topic_reference,0.87,True,v3.1 early_activity_augmented; scenario=few_topic_active_followup
topic_label_v3_1_12000_11291,No new sphere yet — just help me repair this one.,Osmosis,Blind Spot Checks | Osmosis,I think I understand the words but not the mechanism. | That sounded clear for five seconds and then disappeared.,,active_topic_reference,0.83,True,v3.1 early_activity_augmented; scenario=few_topic_active_followup
topic_label_v3_1_12000_11292,"I am following the words, but not the reason one part leads to the next. It is the same example, just a smaller question.",Function Notation,Function Notation | Civil Liberties vs Civil Rights,"The first version made sense, then the second version made me realize I did not actually get the first one. | I keep mixing this up with the nearby idea. | I tried making my own example and it immediately got messy.",,active_topic_reference,0.84,True,v3.1 early_activity_augmented; scenario=few_topic_active_followup
topic_label_v3_1_12000_11293,"I still do not get it, but I do not think this is a new topic.",Preterite vs Imperfect,Preterite vs Imperfect | Transcription and Translation,"The answer is there, but I do not know why it is the answer. | The first version made sense, then the second version made me realize I did not actually get the first one. | I can recognize it after I see it, but I cannot produce it myself.",,active_topic_reference,0.83,True,v3.1 early_activity_augmented; scenario=few_topic_active_followup
topic_label_v3_1_12000_11294,the label is right; my problem is the middle step. I am not trying to switch.,Preterite vs Imperfect,Engines | Preterite vs Imperfect,What would make this obvious if I saw it somewhere else? | I tried making my own example and it immediately got messy.,,active_topic_reference,0.92,True,v3.1 early_activity_augmented; scenario=few_topic_active_followup
topic_label_v3_1_12000_11295,"I am following the words, but not the reason one part leads to the next.",Spanish Pronouns,Spanish Pronouns | Panic Response,I tried making my own example and it immediately got messy. | I keep mixing this up with the nearby idea.,,active_topic_reference,0.85,True,v3.1 early_activity_augmented; scenario=few_topic_active_followup
topic_label_v3_1_12000_11296,"I still do not get it, but I do not think this is a new topic.",Torque,Torque | Passive Voice,"I can recognize it after I see it, but I cannot produce it myself.",,active_topic_reference,0.82,True,v3.1 early_activity_augmented; scenario=few_topic_active_followup
topic_label_v3_1_12000_11297,"I still do not get it, but I do not think this is a new topic. I am not trying to switch.",TypeScript Generics,TypeScript Generics | Tire Pressure | Urban Heat Islands,"The answer is there, but I do not know why it is the answer.",,active_topic_reference,0.83,True,v3.1 early_activity_augmented; scenario=few_topic_active_followup
topic_label_v3_1_12000_11298,not switching topics yet — why does the current example work? The nearby topics are distracting me.,Food Webs,Transcription and Translation | Stoichiometry | Chemical Equilibrium | Decision Fatigue | Food Webs,I do not need more facts yet; I need the shape of it.,,active_topic_reference,0.91,True,v3.1 early_activity_augmented; scenario=few_topic_active_followup
topic_label_v3_1_12000_11299,"I know we are on Model Evaluation; I just need the slower version. It is the same example, just a smaller question.",Model Evaluation,Model Evaluation | Systems of Equations,"I am trying not to memorize the surface pattern. | I can recognize it after I see it, but I cannot produce it myself.",,active_topic_reference,0.88,True,v3.1 early_activity_augmented; scenario=few_topic_active_followup
topic_label_v3_1_12000_11300,"this is probably obvious, but I need one more pass on the same idea.",Caching,Caching | Simple Harmonic Motion | Topic Sentences,"The first version made sense, then the second version made me realize I did not actually get the first one.",,active_topic_reference,0.81,True,v3.1 early_activity_augmented; scenario=few_topic_active_followup
topic_label_v3_1_12000_11301,the current topic is fine; I need a different angle on it.,Action Potentials,Action Potentials | Renewable Energy Grid | Passive Voice | Angular Momentum,"I can follow it while looking at the example, but I lose it when the wording changes. | The answer is there, but I do not know why it is the answer. | That sounded clear for five seconds and then disappeared.",,active_topic_reference,0.87,True,v3.1 early_activity_augmented; scenario=few_topic_active_followup
topic_label_v3_1_12000_11302,"that helped a bit, but what would it look like inside the same Carbon Cycle example?",Carbon Cycle,Osmosis | Gas Laws | Tidal Energy | Carbon Cycle | Problem of Induction,I am trying not to memorize the surface pattern.,,active_topic_reference,0.91,True,v3.1 early_activity_augmented; scenario=few_topic_active_followup
topic_label_v3_1_12000_11303,"not switching topics yet — why does the current example work? It is the same example, just a smaller question.",Word Order in Spanish,Contract Law Basics | Panic Response | Word Order in Spanish | Latitude vs Longitude | Integrals,"I might be missing the middle step. | I want to know what to pay attention to first. | The example helped a little, but I still cannot transfer it.",,active_topic_reference,0.89,True,v3.1 early_activity_augmented; scenario=few_topic_active_followup
topic_label_v3_1_12000_11304,Can we make the existing explanation more visual?,Electricity,Hydration Errors | Electricity | Storyboarding,"I can follow it while looking at the example, but I lose it when the wording changes. | Can we make it less abstract? | I can recognize it after I see it, but I cannot produce it myself.",,active_topic_reference,0.89,True,v3.1 early_activity_augmented; scenario=few_topic_active_followup
topic_label_v3_1_12000_11305,"I am following the words, but not the reason one part leads to the next. I am not trying to switch.",Photosynthesis,Urban Heat Islands | Copyright Fair Use | Photosynthesis | Color Contrast,"I can recognize it after I see it, but I cannot produce it myself. | I tried making my own example and it immediately got messy. | The first version made sense, then the second version made me realize I did not actually get the first one.",,active_topic_reference,0.91,True,v3.1 early_activity_augmented; scenario=few_topic_active_followup
topic_label_v3_1_12000_11306,the topic is still Free Body Diagrams; the confusing bit is the bridge between the steps. The nearby topics are distracting me.,Free Body Diagrams,World War I Causes | Free Body Diagrams,I am trying not to memorize the surface pattern. | What would make this obvious if I saw it somewhere else?,,active_topic_reference,0.90,True,v3.1 early_activity_augmented; scenario=few_topic_active_followup
topic_label_v3_1_12000_11307,I can copy the answer but I cannot explain why it works.,Action Potentials,Dependency Conflicts | Pain Signals | Map Scale | Action Potentials | Cloud Formation,"The first version made sense, then the second version made me realize I did not actually get the first one. | The example helped a little, but I still cannot transfer it.",,active_topic_reference,0.84,True,v3.1 early_activity_augmented; scenario=few_topic_active_followup
topic_label_v3_1_12000_11308,"I am following the words, but not the reason one part leads to the next. It is the same example, just a smaller question.",Treaty of Versailles,Immune Memory | Magnetic Induction | Treaty of Versailles | Sodium-Potassium Pump,What would make this obvious if I saw it somewhere else? | I want to know what to pay attention to first.,,active_topic_reference,0.85,True,v3.1 early_activity_augmented; scenario=few_topic_active_followup
topic_label_v3_1_12000_11309,I know we are on Caching; I just need the slower version.,Caching,Blind Spot Checks | Passive Voice | REST APIs | Gesture Drawing | Caching,"The first version made sense, then the second version made me realize I did not actually get the first one.",,active_topic_reference,0.92,True,v3.1 early_activity_augmented; scenario=few_topic_active_followup
topic_label_v3_1_12000_11310,"ok, same topic: where exactly does the idea enter the problem?",Meal Planning,Spanish Pronouns | Meal Planning,"I can follow it while looking at the example, but I lose it when the wording changes.",,active_topic_reference,0.87,True,v3.1 early_activity_augmented; scenario=few_topic_active_followup
topic_label_v3_1_12000_11311,the label is right; my problem is the middle step.,Mitosis vs Meiosis,Product-Market Fit | Deontology | Electoral College | Mitosis vs Meiosis,I tried making my own example and it immediately got messy. | Can we make it less abstract? | I want to know what to pay attention to first.,,active_topic_reference,0.94,True,v3.1 early_activity_augmented; scenario=few_topic_active_followup
topic_label_v3_1_12000_11312,not switching topics yet — why does the current example work?,Bayes Theorem,Dependency Conflicts | Model Evaluation | Bayes Theorem,That sounded clear for five seconds and then disappeared. | I keep mixing this up with the nearby idea.,,active_topic_reference,0.88,True,v3.1 early_activity_augmented; scenario=few_topic_active_followup
topic_label_v3_1_12000_11313,I wrote it down and it still sounds wrong. Keep us on Credit Card Interest.,Credit Card Interest,Credit Card Interest | Wave-Particle Duality | Deductive Reasoning,That sounded clear for five seconds and then disappeared.,,active_topic_reference,0.86,True,v3.1 early_activity_augmented; scenario=few_topic_active_followup
topic_label_v3_1_12000_11314,why is that true here? I mean in the current Tire Pressure thing.,Tire Pressure,Reinforcement Learning | Visual Hierarchy | Tire Pressure,"I keep mixing this up with the nearby idea. | I want to know what to pay attention to first. | The first version made sense, then the second version made me realize I did not actually get the first one.",,active_topic_reference,0.90,True,v3.1 early_activity_augmented; scenario=few_topic_active_followup
topic_label_v3_1_12000_11315,the label is right; my problem is the middle step.,Neural Networks,Regression Lines | Reading Comprehension | Electricity | Neural Networks | Dopamine,That sounded clear for five seconds and then disappeared. | What would make this obvious if I saw it somewhere else? | I tried making my own example and it immediately got messy.,,active_topic_reference,0.90,True,v3.1 early_activity_augmented; scenario=few_topic_active_followup
topic_label_v3_1_12000_11316,the label is right; my problem is the middle step.,Light as a Wave and Particle,Transcription and Translation | Light as a Wave and Particle,"I tried making my own example and it immediately got messy. | The example helped a little, but I still cannot transfer it.",,active_topic_reference,0.80,True,v3.1 early_activity_augmented; scenario=few_topic_active_followup
topic_label_v3_1_12000_11317,"ok, same topic: where exactly does the idea enter the problem?",Overfitting,Wireframes | Historical Significance | Overfitting | French Revolution Causes,"The answer is there, but I do not know why it is the answer. | The example helped a little, but I still cannot transfer it.",,active_topic_reference,0.89,True,v3.1 early_activity_augmented; scenario=few_topic_active_followup
topic_label_v3_1_12000_11318,"I am following the words, but not the reason one part leads to the next.",REST APIs,Derivatives | Free Body Diagrams | REST APIs | Caching,I do not need more facts yet; I need the shape of it. | I think I understand the words but not the mechanism.,,active_topic_reference,0.88,True,v3.1 early_activity_augmented; scenario=few_topic_active_followup
topic_label_v3_1_12000_11319,"I am following the words, but not the reason one part leads to the next.",Copyright Fair Use,Discourse Markers | Copyright Fair Use,"The first version made sense, then the second version made me realize I did not actually get the first one.",,active_topic_reference,0.92,True,v3.1 early_activity_augmented; scenario=few_topic_active_followup
topic_label_v3_1_12000_11320,"It makes sense while you say it, then I cannot reconstruct it. Still Meal Planning.",Meal Planning,Meal Planning | Product-Market Fit | Inflammation | Privacy Rights | Quadratic Functions,"What would make this obvious if I saw it somewhere else? | I can recognize it after I see it, but I cannot produce it myself.",,active_topic_reference,0.93,True,v3.1 early_activity_augmented; scenario=few_topic_active_followup
topic_label_v3_1_12000_11321,why is that true here? I mean in the current Dopamine thing.,Dopamine,Circadian Rhythm | Renewable Energy Grid | Dopamine,"The first version made sense, then the second version made me realize I did not actually get the first one. | I can follow it while looking at the example, but I lose it when the wording changes. | I keep mixing this up with the nearby idea.",,active_topic_reference,0.91,True,v3.1 early_activity_augmented; scenario=few_topic_active_followup
topic_label_v3_1_12000_11322,"It makes sense while you say it, then I cannot reconstruct it. Still Tire Pressure.",Tire Pressure,Hormone Regulation | Tire Pressure,That sounded clear for five seconds and then disappeared.,,active_topic_reference,0.94,True,v3.1 early_activity_augmented; scenario=few_topic_active_followup
topic_label_v3_1_12000_11323,"this is probably obvious, but I need one more pass on the same idea. The nearby topics are distracting me.",Chemical Equilibrium,Budgeting | Action Potentials | JavaScript Promises | Chemical Equilibrium | French Pronunciation,"I might be missing the middle step. | I can recognize it after I see it, but I cannot produce it myself. | That sounded clear for five seconds and then disappeared.",,active_topic_reference,0.84,True,v3.1 early_activity_augmented; scenario=few_topic_active_followup
topic_label_v3_1_12000_11324,the topic is still Cloud Formation; the confusing bit is the bridge between the steps.,Cloud Formation,Cloud Formation | Passive Voice | Latitude vs Longitude,"I do not need more facts yet; I need the shape of it. | The first version made sense, then the second version made me realize I did not actually get the first one. | I tried making my own example and it immediately got messy.",,active_topic_reference,0.92,True,v3.1 early_activity_augmented; scenario=few_topic_active_followup
topic_label_v3_1_12000_11325,"Please do not create a new topic. I am asking about the same thing again. It is the same example, just a smaller question.",Attention Mechanism,Conceptual Analysis | Le Chatelier's Principle | Torque | Attention Mechanism | Defamation,"I think I understand the words but not the mechanism. | I can follow it while looking at the example, but I lose it when the wording changes.",,active_topic_reference,0.81,True,v3.1 early_activity_augmented; scenario=few_topic_active_followup
topic_label_v3_1_12000_11326,Please do not create a new topic. I am asking about the same thing again.,Valid vs Sound Arguments,Valid vs Sound Arguments | Churn Rate | Checks and Balances,"I can recognize it after I see it, but I cannot produce it myself. | The answer is there, but I do not know why it is the answer.",,active_topic_reference,0.81,True,v3.1 early_activity_augmented; scenario=few_topic_active_followup
topic_label_v3_1_12000_11327,why is that true here? I mean in the current Action Potentials thing.,Action Potentials,Pragmatics | Action Potentials,I do not need more facts yet; I need the shape of it.,,active_topic_reference,0.84,True,v3.1 early_activity_augmented; scenario=few_topic_active_followup
topic_label_v3_1_12000_11328,Please do not create a new topic. I am asking about the same thing again.,Voltage vs Current,Knife Skills | Civil Liberties vs Civil Rights | False Cognates | Voltage vs Current | Simple Harmonic Motion,I might be missing the middle step. | That sounded clear for five seconds and then disappeared.,,active_topic_reference,0.92,True,v3.1 early_activity_augmented; scenario=few_topic_active_followup
topic_label_v3_1_12000_11329,"this is probably obvious, but I need one more pass on the same idea.",Word Order in Spanish,Working Memory | Correlation vs Causation | Stoichiometry | Word Order in Spanish,"The example helped a little, but I still cannot transfer it.",,active_topic_reference,0.94,True,v3.1 early_activity_augmented; scenario=few_topic_active_followup
topic_label_v3_1_12000_11330,the label is right; my problem is the middle step.,Copyright Fair Use,Copyright Fair Use | Utilitarianism | Action Potentials | Executive Function | Air Pressure Systems,Can we make it less abstract?,,active_topic_reference,0.88,True,v3.1 early_activity_augmented; scenario=few_topic_active_followup
topic_label_v3_1_12000_11331,"that helped a bit, but what would it look like inside the same Customer Segmentation example?",Customer Segmentation,Credit Card Interest | Customer Segmentation,I think I understand the words but not the mechanism. | I do not need more facts yet; I need the shape of it.,,active_topic_reference,0.86,True,v3.1 early_activity_augmented; scenario=few_topic_active_followup
topic_label_v3_1_12000_11332,"I am following the words, but not the reason one part leads to the next.",OAuth Flow,Fluid Pressure | Encryption | OAuth Flow | Climate Feedbacks | Simple Harmonic Motion,"The answer is there, but I do not know why it is the answer. | Can we make it less abstract? | I keep mixing this up with the nearby idea.",,active_topic_reference,0.87,True,v3.1 early_activity_augmented; scenario=few_topic_active_followup
topic_label_v3_1_12000_11333,No new sphere yet — just help me repair this one. The nearby topics are distracting me.,Separation of Powers,Cognitive Load | French Revolution Causes | Separation of Powers,I want to know what to pay attention to first. | I think I understand the words but not the mechanism.,,active_topic_reference,0.81,True,v3.1 early_activity_augmented; scenario=few_topic_active_followup
topic_label_v3_1_12000_11334,I can copy the answer but I cannot explain why it works. I am not trying to switch.,Camera Framing,Civil Liberties vs Civil Rights | Camera Framing | Tokenization,I think I understand the words but not the mechanism. | I keep mixing this up with the nearby idea.,,active_topic_reference,0.79,True,v3.1 early_activity_augmented; scenario=few_topic_active_followup
topic_label_v3_1_12000_11335,Could you explain that part again without changing the example?,Supply and Demand,Urban Heat Islands | Supply and Demand,"I might be missing the middle step. | That sounded clear for five seconds and then disappeared. | The answer is there, but I do not know why it is the answer.",,active_topic_reference,0.90,True,v3.1 early_activity_augmented; scenario=few_topic_active_followup
topic_label_v3_1_12000_11336,not switching topics yet — why does the current example work? The nearby topics are distracting me.,Function Notation,Overfitting | Inflammation | Food Webs | Function Notation,I might be missing the middle step. | I am trying not to memorize the surface pattern. | What would make this obvious if I saw it somewhere else?,,active_topic_reference,0.90,True,v3.1 early_activity_augmented; scenario=few_topic_active_followup
topic_label_v3_1_12000_11337,the current topic is fine; I need a different angle on it.,Action Potentials,Oil Changes | Action Potentials,I might be missing the middle step. | I want to know what to pay attention to first. | That sounded clear for five seconds and then disappeared.,,active_topic_reference,0.79,True,v3.1 early_activity_augmented; scenario=few_topic_active_followup
topic_label_v3_1_12000_11338,Could you explain that part again without changing the example?,Customer Segmentation,Customer Segmentation | Primary Source Analysis,"That sounded clear for five seconds and then disappeared. | The example helped a little, but I still cannot transfer it. | I might be missing the middle step.",,active_topic_reference,0.92,True,v3.1 early_activity_augmented; scenario=few_topic_active_followup
topic_label_v3_1_12000_11339,Could you explain that part again without changing the example?,Motivation Loops,Inductive Reasoning | Motivation Loops,"The answer is there, but I do not know why it is the answer. | I want to know what to pay attention to first. | I keep mixing this up with the nearby idea.",,active_topic_reference,0.91,True,v3.1 early_activity_augmented; scenario=few_topic_active_followup
topic_label_v3_1_12000_11340,"that helped a bit, but what would it look like inside the same Wave-Particle Duality example?",Wave-Particle Duality,Wave-Particle Duality | Quadratic Functions,What would make this obvious if I saw it somewhere else?,,active_topic_reference,0.79,True,v3.1 early_activity_augmented; scenario=few_topic_active_followup
topic_label_v3_1_12000_11341,No new sphere yet — just help me repair this one.,Statistical Significance,Enzyme Specificity | Unit Economics | Statistical Significance,"The first version made sense, then the second version made me realize I did not actually get the first one. | I do not need more facts yet; I need the shape of it. | I can recognize it after I see it, but I cannot produce it myself.",,active_topic_reference,0.87,True,v3.1 early_activity_augmented; scenario=few_topic_active_followup
topic_label_v3_1_12000_11342,I wrote it down and it still sounds wrong. Keep us on Vector Search.,Vector Search,Utilitarianism | Vector Search,"I can recognize it after I see it, but I cannot produce it myself. | What would make this obvious if I saw it somewhere else?",,active_topic_reference,0.91,True,v3.1 early_activity_augmented; scenario=few_topic_active_followup
topic_label_v3_1_12000_11343,the label is right; my problem is the middle step. I am not trying to switch.,Spanish Pronouns,Spanish Pronouns | Checks and Balances | Register in Language | Watersheds | Pain Signals,"The answer is there, but I do not know why it is the answer. | I do not need more facts yet; I need the shape of it.",,active_topic_reference,0.93,True,v3.1 early_activity_augmented; scenario=few_topic_active_followup
topic_label_v3_1_12000_11344,"Hold on, with this same topic, what should I notice first?",Function Notation,Blood Pressure Regulation | Function Notation | Chord Progressions,"That sounded clear for five seconds and then disappeared. | I can follow it while looking at the example, but I lose it when the wording changes.",,active_topic_reference,0.82,True,v3.1 early_activity_augmented; scenario=few_topic_active_followup
topic_label_v3_1_12000_11345,Please do not create a new topic. I am asking about the same thing again.,Le Chatelier's Principle,Residuals | Le Chatelier's Principle,Can we make it less abstract?,,active_topic_reference,0.94,True,v3.1 early_activity_augmented; scenario=few_topic_active_followup
topic_label_v3_1_12000_11346,I can copy the answer but I cannot explain why it works.,Separation of Powers,Industrial Revolution | Separation of Powers,"The first version made sense, then the second version made me realize I did not actually get the first one. | I am trying not to memorize the surface pattern. | What would make this obvious if I saw it somewhere else?",,active_topic_reference,0.85,True,v3.1 early_activity_augmented; scenario=few_topic_active_followup
topic_label_v3_1_12000_11347,the current topic is fine; I need a different angle on it.,React Props,Propaganda | React Props | Dependency Conflicts | Employment Standards,"The answer is there, but I do not know why it is the answer. | I want to know what to pay attention to first.",,active_topic_reference,0.84,True,v3.1 early_activity_augmented; scenario=few_topic_active_followup
topic_label_v3_1_12000_11348,"I am following the words, but not the reason one part leads to the next.",Function Notation,Function Notation | Pay Stubs | Necessary vs Sufficient Conditions | Immune Memory | Close Reading,I am trying not to memorize the surface pattern. | Can we make it less abstract?,,active_topic_reference,0.90,True,v3.1 early_activity_augmented; scenario=few_topic_active_followup
topic_label_v3_1_12000_11349,"I am following the words, but not the reason one part leads to the next.",Neural Networks,Neural Networks | Tokenization | Inflammation | Pronoun Reference,"The first version made sense, then the second version made me realize I did not actually get the first one. | I want to know what to pay attention to first. | I can recognize it after I see it, but I cannot produce it myself.",,active_topic_reference,0.79,True,v3.1 early_activity_augmented; scenario=few_topic_active_followup
topic_label_v3_1_12000_11350,the label is right; my problem is the middle step.,Chemical Equilibrium,Copyright Fair Use | Chemical Equilibrium,"I am trying not to memorize the surface pattern. | I can recognize it after I see it, but I cannot produce it myself.",,active_topic_reference,0.87,True,v3.1 early_activity_augmented; scenario=few_topic_active_followup
topic_label_v3_1_12000_11351,I can copy the answer but I cannot explain why it works. I am not trying to switch.,Attention Mechanism,Attention Mechanism | Discourse Markers | Checks and Balances | Motivation Loops | Color Contrast,I keep mixing this up with the nearby idea. | I want to know what to pay attention to first.,,active_topic_reference,0.84,True,v3.1 early_activity_augmented; scenario=few_topic_active_followup
topic_label_v3_1_12000_11352,"I still do not get it, but I do not think this is a new topic.",Circadian Rhythm,Circadian Rhythm | Urban Heat Islands | Encryption,"The first version made sense, then the second version made me realize I did not actually get the first one. | I am trying not to memorize the surface pattern. | I keep mixing this up with the nearby idea.",,active_topic_reference,0.86,True,v3.1 early_activity_augmented; scenario=few_topic_active_followup
topic_label_v3_1_12000_11353,why is that true here? I mean in the current Chord Progressions thing.,Chord Progressions,Camera Framing | Chord Progressions,I tried making my own example and it immediately got messy.,,active_topic_reference,0.82,True,v3.1 early_activity_augmented; scenario=few_topic_active_followup
topic_label_v3_1_12000_11354,"I still do not get it, but I do not think this is a new topic. It is the same example, just a smaller question.",Circadian Rhythm,Action Potentials | Separation of Powers | Attention Switching | Panic Response | Circadian Rhythm,"The first version made sense, then the second version made me realize I did not actually get the first one.",,active_topic_reference,0.79,True,v3.1 early_activity_augmented; scenario=few_topic_active_followup
topic_label_v3_1_12000_11355,"that helped a bit, but what would it look like inside the same Copyright Fair Use example?",Copyright Fair Use,French Pronunciation | REST APIs | Moral Luck | Dopamine | Copyright Fair Use,"I think I understand the words but not the mechanism. | The example helped a little, but I still cannot transfer it. | I want to know what to pay attention to first.",,active_topic_reference,0.92,True,v3.1 early_activity_augmented; scenario=few_topic_active_followup
topic_label_v3_1_12000_11356,Can we make the existing explanation more visual?,Budgeting,Quadratic Functions | Latitude vs Longitude | Civil Liberties vs Civil Rights | Product-Market Fit | Budgeting,"I can recognize it after I see it, but I cannot produce it myself. | The first version made sense, then the second version made me realize I did not actually get the first one. | I can follow it while looking at the example, but I lose it when the wording changes.",,active_topic_reference,0.81,True,v3.1 early_activity_augmented; scenario=few_topic_active_followup
topic_label_v3_1_12000_11357,the topic is still Wave-Particle Duality; the confusing bit is the bridge between the steps.,Wave-Particle Duality,Action Potentials | Wave-Particle Duality | Circadian Rhythm,I want to know what to pay attention to first. | That sounded clear for five seconds and then disappeared. | I do not need more facts yet; I need the shape of it.,,active_topic_reference,0.91,True,v3.1 early_activity_augmented; scenario=few_topic_active_followup
topic_label_v3_1_12000_11358,"It makes sense while you say it, then I cannot reconstruct it. Still Photosynthesis.",Photosynthesis,Circular Reasoning | Product-Market Fit | Carbon Cycle | Photosynthesis,"I can recognize it after I see it, but I cannot produce it myself. | The answer is there, but I do not know why it is the answer. | I might be missing the middle step.",,active_topic_reference,0.83,True,v3.1 early_activity_augmented; scenario=few_topic_active_followup
topic_label_v3_1_12000_11359,"ok, same topic: where exactly does the idea enter the problem?",Tire Pressure,Tire Pressure | Food Webs,"I can recognize it after I see it, but I cannot produce it myself. | I keep mixing this up with the nearby idea.",,active_topic_reference,0.85,True,v3.1 early_activity_augmented; scenario=few_topic_active_followup
topic_label_v3_1_12000_11360,not switching topics yet — why does the current example work?,Lifetime Value,Circadian Rhythm | Lifetime Value,"The answer is there, but I do not know why it is the answer. | I think I understand the words but not the mechanism.",,active_topic_reference,0.79,True,v3.1 early_activity_augmented; scenario=few_topic_active_followup
topic_label_v3_1_12000_11361,"Could you explain that part again without changing the example? It is the same example, just a smaller question.",Trigonometry,Market Positioning | Action Potentials | Trigonometry | Direct Objects in Spanish,I tried making my own example and it immediately got messy. | I am trying not to memorize the surface pattern.,,active_topic_reference,0.85,True,v3.1 early_activity_augmented; scenario=few_topic_active_followup
topic_label_v3_1_12000_11362,Can we stay with Word Order in Spanish? The second step is where I lose the thread.,Word Order in Spanish,Conversion Funnel | Word Order in Spanish | Panic Response | Map Scale,That sounded clear for five seconds and then disappeared.,,active_topic_reference,0.80,True,v3.1 early_activity_augmented; scenario=few_topic_active_followup
topic_label_v3_1_12000_11363,No new sphere yet — just help me repair this one.,Measuring Ingredients,Problem of Induction | Measuring Ingredients,"I can recognize it after I see it, but I cannot produce it myself. | The example helped a little, but I still cannot transfer it.",,active_topic_reference,0.81,True,v3.1 early_activity_augmented; scenario=few_topic_active_followup
topic_label_v3_1_12000_11364,Can we stay with Neural Networks? The second step is where I lose the thread.,Neural Networks,Color Contrast | Simple Harmonic Motion | Neural Networks,I might be missing the middle step.,,active_topic_reference,0.80,True,v3.1 early_activity_augmented; scenario=few_topic_active_followup
topic_label_v3_1_12000_11365,the current topic is fine; I need a different angle on it.,Sodium-Potassium Pump,Normal Distribution | Executive Function | Electoral College | Cell Membrane Transport | Sodium-Potassium Pump,Can we make it less abstract?,,active_topic_reference,0.82,True,v3.1 early_activity_augmented; scenario=few_topic_active_followup
topic_label_v3_1_12000_11366,Can we stay with Measuring Ingredients? The second step is where I lose the thread.,Measuring Ingredients,Measuring Ingredients | Electric Fields | Mole Concept,"The first version made sense, then the second version made me realize I did not actually get the first one. | I keep mixing this up with the nearby idea. | The answer is there, but I do not know why it is the answer.",,active_topic_reference,0.85,True,v3.1 early_activity_augmented; scenario=few_topic_active_followup
topic_label_v3_1_12000_11367,I wrote it down and it still sounds wrong. Keep us on Attention Mechanism.,Attention Mechanism,Attention Mechanism | Sodium-Potassium Pump,"That sounded clear for five seconds and then disappeared. | The first version made sense, then the second version made me realize I did not actually get the first one.",,active_topic_reference,0.81,True,v3.1 early_activity_augmented; scenario=few_topic_active_followup
topic_label_v3_1_12000_11368,Could you explain that part again without changing the example?,Osmosis,Mole Concept | Osmosis,I might be missing the middle step.,,active_topic_reference,0.79,True,v3.1 early_activity_augmented; scenario=few_topic_active_followup
topic_label_v3_1_12000_11369,"this is probably obvious, but I need one more pass on the same idea.",Statistical Significance,Confidence Intervals | Statistical Significance | Inductive Reasoning,"The first version made sense, then the second version made me realize I did not actually get the first one.",,active_topic_reference,0.84,True,v3.1 early_activity_augmented; scenario=few_topic_active_followup
topic_label_v3_1_12000_11370,the topic is still Synaptic Transmission; the confusing bit is the bridge between the steps. The nearby topics are distracting me.,Synaptic Transmission,Customer Segmentation | Preterite vs Imperfect | Synaptic Transmission | OAuth Flow | Normal Distribution,I want to know what to pay attention to first.,,active_topic_reference,0.83,True,v3.1 early_activity_augmented; scenario=few_topic_active_followup
topic_label_v3_1_12000_11371,"It makes sense while you say it, then I cannot reconstruct it. Still OAuth Flow.",OAuth Flow,Free Body Diagrams | OAuth Flow | Employment Standards | Discourse Markers,I do not need more facts yet; I need the shape of it. | Can we make it less abstract? | I want to know what to pay attention to first.,,active_topic_reference,0.83,True,v3.1 early_activity_augmented; scenario=few_topic_active_followup
topic_label_v3_1_12000_11372,the label is right; my problem is the middle step.,Lifetime Value,Electricity | Cash Flow | API Routes | REST APIs | Lifetime Value,I tried making my own example and it immediately got messy. | I keep mixing this up with the nearby idea. | I am trying not to memorize the surface pattern.,,active_topic_reference,0.86,True,v3.1 early_activity_augmented; scenario=few_topic_active_followup
topic_label_v3_1_12000_11373,the label is right; my problem is the middle step. The nearby topics are distracting me.,Engines,Renewable Energy Grid | Cash Flow | Inductive Reasoning | Engines,I want to know what to pay attention to first. | I do not need more facts yet; I need the shape of it.,,active_topic_reference,0.80,True,v3.1 early_activity_augmented; scenario=few_topic_active_followup
topic_label_v3_1_12000_11374,"I am following the words, but not the reason one part leads to the next.",Lifetime Value,Market Positioning | Acids vs Bases | Lifetime Value,"The example helped a little, but I still cannot transfer it. | I can recognize it after I see it, but I cannot produce it myself. | I am trying not to memorize the surface pattern.",,active_topic_reference,0.91,True,v3.1 early_activity_augmented; scenario=few_topic_active_followup
topic_label_v3_1_12000_11375,"I still do not get it, but I do not think this is a new topic. It is the same example, just a smaller question.",Spanish Pronouns,Residuals | Test Anxiety | Spanish Pronouns,"The answer is there, but I do not know why it is the answer.",,active_topic_reference,0.91,True,v3.1 early_activity_augmented; scenario=few_topic_active_followup
topic_label_v3_1_12000_11376,the topic is still Natural Selection; the confusing bit is the bridge between the steps.,Natural Selection,Passive Voice | Natural Selection | Correlation vs Causation | Geothermal Energy | Map Scale,I am trying not to memorize the surface pattern. | What would make this obvious if I saw it somewhere else? | I might be missing the middle step.,,active_topic_reference,0.79,True,v3.1 early_activity_augmented; scenario=few_topic_active_followup
topic_label_v3_1_12000_11377,I can copy the answer but I cannot explain why it works.,Electoral College,Electoral College | Lighting Ratios | Cloud Formation | Allergies,"The answer is there, but I do not know why it is the answer.",,active_topic_reference,0.86,True,v3.1 early_activity_augmented; scenario=few_topic_active_followup
topic_label_v3_1_12000_11378,the topic is still Correlation vs Causation; the confusing bit is the bridge between the steps.,Correlation vs Causation,Correlation vs Causation | Encryption,"The example helped a little, but I still cannot transfer it.",,active_topic_reference,0.91,True,v3.1 early_activity_augmented; scenario=few_topic_active_followup
topic_label_v3_1_12000_11379,"ok, same topic: where exactly does the idea enter the problem? The nearby topics are distracting me.",Chord Progressions,Market Positioning | Color Contrast | Covalent Bonding | Regression Lines | Chord Progressions,"The example helped a little, but I still cannot transfer it.",,active_topic_reference,0.83,True,v3.1 early_activity_augmented; scenario=few_topic_active_followup
topic_label_v3_1_12000_11380,the topic is still Synaptic Transmission; the confusing bit is the bridge between the steps.,Synaptic Transmission,Synaptic Transmission | Pragmatics | Market Positioning,"I want to know what to pay attention to first. | The answer is there, but I do not know why it is the answer. | Can we make it less abstract?",,active_topic_reference,0.82,True,v3.1 early_activity_augmented; scenario=few_topic_active_followup
topic_label_v3_1_12000_11381,Could you explain that part again without changing the example?,Separation of Powers,Budgeting | Privacy Rights | Potential Energy | Circular Reasoning | Fractions | Torque | Wave-Particle Duality | Valid vs Sound Arguments | Meal Planning | Typography | Confidence Intervals | Customer Segmentation | Tokenization | Angular Momentum | Geothermal Energy | Tax Forms | Digestive Enzymes | Quadratic Functions | Idioms | Topic Sentences | Encryption | Straw Man Arguments | SQL Joins | Lifetime Value | Virtue Ethics | Moral Luck | Separation of Powers | OAuth Flow | Circuit Breakers | Electoral College,I might be missing the middle step. | That sounded clear for five seconds and then disappeared. | Can we make it less abstract?,,active_topic_reference,0.89,True,v3.1 early_activity_augmented; scenario=many_topic_active_followup
topic_label_v3_1_12000_11382,"ok, same topic: where exactly does the idea enter the problem?",OAuth Flow,Renewable Energy Grid | Defamation | OAuth Flow | Training Data Bias | Natural Selection | Geothermal Energy | Kinetic Energy | Latitude vs Longitude | Blood Pressure Regulation | Oil Changes | Dopamine | Word Order in Spanish | Colonialism | Budgeting | Civil Liberties vs Civil Rights,"I can recognize it after I see it, but I cannot produce it myself. | I want to know what to pay attention to first.",,active_topic_reference,0.82,True,v3.1 early_activity_augmented; scenario=many_topic_active_followup
topic_label_v3_1_12000_11383,Please do not create a new topic. I am asking about the same thing again.,Reinforcement Learning,Industrial Revolution | Cold War Proxy Wars | Reinforcement Learning | Unit Economics | Idioms | Problem of Induction | False Cognates | Doppler Effect,I keep mixing this up with the nearby idea. | I tried making my own example and it immediately got messy.,,active_topic_reference,0.78,True,v3.1 early_activity_augmented; scenario=many_topic_active_followup
topic_label_v3_1_12000_11384,"It makes sense while you say it, then I cannot reconstruct it. Still Budgeting.",Budgeting,Circular Reasoning | Free Body Diagrams | Knife Skills | Budgeting | Logical Fallacies | Environment Variables | Climate Feedbacks | DNA Replication,I want to know what to pay attention to first. | What would make this obvious if I saw it somewhere else?,,active_topic_reference,0.78,True,v3.1 early_activity_augmented; scenario=many_topic_active_followup
topic_label_v3_1_12000_11385,Can we make the existing explanation more visual?,Credit Card Interest,Tenant Rights | Circadian Rhythm | Reading Comprehension | Oil Changes | Executive Orders | Conceptual Analysis | Pain Signals | Ecological Succession | Light as a Wave and Particle | Immune Memory | Visual Hierarchy | Credit Card Interest | Typography | Derivatives | Cold War Proxy Wars,Can we make it less abstract? | That sounded clear for five seconds and then disappeared. | What would make this obvious if I saw it somewhere else?,,active_topic_reference,0.91,True,v3.1 early_activity_augmented; scenario=many_topic_active_followup
topic_label_v3_1_12000_11386,"I am following the words, but not the reason one part leads to the next.",Synaptic Transmission,Visual Hierarchy | Genetic Drift | Moral Luck | Overfitting | Synaptic Transmission | Inductive Reasoning | Room Acoustics | Blind Spot Checks | Cell Membrane Transport | Propaganda | Acids vs Bases | Model Evaluation | Linear Equations | Budgeting | Correlation vs Causation,"I can recognize it after I see it, but I cannot produce it myself. | I think I understand the words but not the mechanism. | Can we make it less abstract?",,active_topic_reference,0.83,True,v3.1 early_activity_augmented; scenario=many_topic_active_followup
topic_label_v3_1_12000_11387,I wrote it down and it still sounds wrong. Keep us on Cognitive Load.,Cognitive Load,Reinforcement Learning | Tire Pressure | Organic Functional Groups | Cognitive Load | Oil Changes | Passive Voice | Register in Language | French Pronunciation | Civil Liberties vs Civil Rights | Checks and Balances | Gas Laws | Caching | Storyboarding | World War I Causes | Industrial Revolution,"That sounded clear for five seconds and then disappeared. | The answer is there, but I do not know why it is the answer. | I want to know what to pay attention to first.",,active_topic_reference,0.94,True,v3.1 early_activity_augmented; scenario=many_topic_active_followup
topic_label_v3_1_12000_11388,don’t move me yet — please do not create a new topic. I am asking about the same thing again.,Spanish Pronouns,Gesture Drawing | Category Errors | Topic Sentences | Test Anxiety | Meal Planning | Password Hashing | One-Point Perspective | Inventory Turnover | Wireframes | Working Memory | Spanish Pronouns | Linear Equations | Colonialism | Historical Significance | Circadian Rhythm,"I can follow it while looking at the example, but I lose it when the wording changes. | I do not need more facts yet; I need the shape of it. | I keep mixing this up with the nearby idea.",,active_topic_reference,0.91,True,v3.1 early_activity_augmented; scenario=many_topic_active_followup
topic_label_v3_1_12000_11389,same sphere: the topic is still Correlation vs Causation; the confusing bit is the bridge between the steps.,Correlation vs Causation,Regression Lines | Register in Language | Problem of Induction | Blood Pressure Regulation | False Cognates | Cloud Formation | Correlation vs Causation | Tokenization | Electricity | Covalent Bonding | Enzyme Specificity | Employment Standards | Cash Flow | Inductive Reasoning | REST APIs | Electron Configuration | Copyright Fair Use | Checks and Balances | Vector Search | Discourse Markers | World War I Causes | Emotional Regulation | Room Acoustics | Product-Market Fit | Circuit Breakers | Light as a Wave and Particle | Le Chatelier's Principle | Pain Signals | Ocean Currents | Moral Luck,"That sounded clear for five seconds and then disappeared. | I can follow it while looking at the example, but I lose it when the wording changes.",,active_topic_reference,0.87,True,v3.1 early_activity_augmented; scenario=many_topic_active_followup
topic_label_v3_1_12000_11390,not switching topics yet — why does the current example work?,Cloud Formation,TypeScript Generics | Tire Pressure | Idioms | Separation of Powers | Storyboarding | Decision Fatigue | Hydration Errors | Motivation Loops | Dependency Conflicts | Customer Segmentation | Cold War Proxy Wars | Gas Laws | Food Safety | Civil Liberties vs Civil Rights | Attention Mechanism | Memorization vs Understanding | Renewable Energy Grid | REST APIs | Cloud Formation | Defamation | Potential Energy | Product-Market Fit | Vector Search | Credit Card Interest | Break-Even Point | Bayes Theorem | Tenant Rights | Treaty of Versailles | Moral Luck | Privacy Rights,I might be missing the middle step. | I do not need more facts yet; I need the shape of it.,,active_topic_reference,0.89,True,v3.1 early_activity_augmented; scenario=many_topic_active_followup
topic_label_v3_1_12000_11391,"for this topic only, not switching topics yet — why does the current example work?",Caching,Market Positioning | Torque | Cell Membrane Transport | Credit Card Interest | Caching | Chord Progressions | Laundry Symbols | Climate Feedbacks | Photosynthesis | Engines | Model Evaluation | Lighting Ratios | Encryption | Civil Liberties vs Civil Rights | Fractions,"The answer is there, but I do not know why it is the answer. | What would make this obvious if I saw it somewhere else?",,active_topic_reference,0.90,True,v3.1 early_activity_augmented; scenario=many_topic_active_followup
topic_label_v3_1_12000_11392,I wrote it down and it still sounds wrong. Keep us on Synaptic Transmission.,Synaptic Transmission,Resonance | Spanish Pronouns | Chain Rule | Synaptic Transmission | Decision Fatigue | Circle of Fifths | Kinetic Energy | Mole Concept | Typography | Circular Reasoning | Environment Variables | Problem of Induction | Free Will | Product-Market Fit | Ecological Succession,"I can follow it while looking at the example, but I lose it when the wording changes. | I might be missing the middle step. | I am trying not to memorize the surface pattern.",,active_topic_reference,0.80,True,v3.1 early_activity_augmented; scenario=many_topic_active_followup
topic_label_v3_1_12000_11393,Can we make the existing explanation more visual?,Motivation Loops,Electricity | Typography | Trigonometry | Gesture Drawing | Inflammation | Treaty of Versailles | Ocean Currents | Logical Fallacies | Lifetime Value | Motivation Loops | Shading Values | Terminal Velocity | Pragmatics | Derivatives | Photosynthesis,That sounded clear for five seconds and then disappeared. | What would make this obvious if I saw it somewhere else?,,active_topic_reference,0.92,True,v3.1 early_activity_augmented; scenario=many_topic_active_followup
topic_label_v3_1_12000_11394,Please do not create a new topic. I am asking about the same thing again.,Reinforcement Learning,Tax Forms | Emotional Regulation | Measuring Ingredients | Plea Bargains | Working Memory | Necessary vs Sufficient Conditions | Category Errors | Employment Standards | Urban Heat Islands | Transcription and Translation | Circuit Breakers | Inventory Turnover | Derivatives | Fight-or-Flight Response | Regression Lines | Renewable Energy Grid | Engines | Wireframes | Close Reading | Storyboarding | Checks and Balances | Preterite vs Imperfect | Doppler Effect | Digestive Enzymes | Biodiversity | Knife Skills | Industrial Revolution | Reinforcement Learning | Watersheds | Cash Flow,"The first version made sense, then the second version made me realize I did not actually get the first one. | I tried making my own example and it immediately got messy. | The answer is there, but I do not know why it is the answer.",,active_topic_reference,0.81,True,v3.1 early_activity_augmented; scenario=many_topic_active_followup
topic_label_v3_1_12000_11395,No new sphere yet — just help me repair this one.,OAuth Flow,Circular Reasoning | Caching | Bayes Theorem | Statistical Significance | Test Anxiety | Integrals | Separation of Powers | Color Contrast | Simple Harmonic Motion | Liability | Action Potentials | Light as a Wave and Particle | Oil Changes | Civil Liberties vs Civil Rights | OAuth Flow,That sounded clear for five seconds and then disappeared. | What would make this obvious if I saw it somewhere else?,,active_topic_reference,0.83,True,v3.1 early_activity_augmented; scenario=many_topic_active_followup
topic_label_v3_1_12000_11396,"same sphere: this is probably obvious, but I need one more pass on the same idea.",Le Chatelier's Principle,TypeScript Generics | Conceptual Analysis | Model Evaluation | Visual Hierarchy | Mitosis vs Meiosis | Churn Rate | Covalent Bonding | Customer Segmentation | Ocean Currents | Market Positioning | Free Will | Transcription and Translation | Food Safety | Neural Networks | Storyboarding | REST APIs | Lifetime Value | Reading Comprehension | Le Chatelier's Principle | Oil Changes | Measuring Ingredients | Civil Liberties vs Civil Rights | Natural Selection | Battery Chemistry | Terminal Velocity | Rate Limits | Magnetic Induction | Kinetic Energy | Meal Planning | Electric Fields,"I can recognize it after I see it, but I cannot produce it myself. | The first version made sense, then the second version made me realize I did not actually get the first one.",,active_topic_reference,0.81,True,v3.1 early_activity_augmented; scenario=many_topic_active_followup
topic_label_v3_1_12000_11397,Can we make the existing explanation more visual?,Cell Membrane Transport,Colonialism | Rate Limits | Wireframes | Color Contrast | Blood Pressure Regulation | Unit Economics | Civil Liberties vs Civil Rights | Natural Selection | TypeScript Generics | Pain Signals | Simple Harmonic Motion | Treaty of Versailles | Propaganda | Idioms | Cell Membrane Transport | Free Will | Password Hashing | Copyright Fair Use | Renewable Energy Grid | Dependency Conflicts | Direct Objects in Spanish | Resonance | Insurance Deductible | Product-Market Fit | Food Webs | Electricity | Camera Framing | Discourse Markers | Chord Progressions | Caching,"I can follow it while looking at the example, but I lose it when the wording changes. | I do not need more facts yet; I need the shape of it.",,active_topic_reference,0.82,True,v3.1 early_activity_augmented; scenario=many_topic_active_followup
topic_label_v3_1_12000_11398,No new sphere yet — just help me repair this one.,Working Memory,Working Memory | Function Notation | Circadian Rhythm | Vector Search | Copyright Fair Use | Engines | Battery Chemistry | Systems of Equations,"That sounded clear for five seconds and then disappeared. | I can follow it while looking at the example, but I lose it when the wording changes.",,active_topic_reference,0.83,True,v3.1 early_activity_augmented; scenario=many_topic_active_followup
topic_label_v3_1_12000_11399,why is that true here? I mean in the current Sodium-Potassium Pump thing.,Sodium-Potassium Pump,Historical Significance | Utilitarianism | Kidney Filtration | Paragraph Transitions | Natural Selection | Electric Fields | Propaganda | Organic Functional Groups | Category Errors | Break-Even Point | Virtue Ethics | Test Anxiety | Tax Forms | Sodium-Potassium Pump | Cash Flow,I am trying not to memorize the surface pattern. | I do not need more facts yet; I need the shape of it.,,active_topic_reference,0.90,True,v3.1 early_activity_augmented; scenario=many_topic_active_followup
topic_label_v3_1_12000_11400,I wrote it down and it still sounds wrong. Keep us on Derivatives.,Derivatives,Topic Sentences | Confidence Intervals | Typography | JavaScript Promises | Inductive Reasoning | Derivatives | Credit Card Interest | Passive Voice,"I want to know what to pay attention to first. | I can follow it while looking at the example, but I lose it when the wording changes.",,active_topic_reference,0.93,True,v3.1 early_activity_augmented; scenario=many_topic_active_followup
topic_label_v3_1_12000_11401,not switching topics yet — why does the current example work?,Credit Card Interest,Sodium-Potassium Pump | Mole Concept | Direct Objects in Spanish | Climate Feedbacks | Attention Mechanism | Potential Energy | Gas Laws | Latitude vs Longitude | Cash Flow | Circadian Rhythm | French Revolution Causes | Renewable Energy Grid | Doppler Effect | Credit Card Interest | Geothermal Energy,"I do not need more facts yet; I need the shape of it. | The answer is there, but I do not know why it is the answer. | The first version made sense, then the second version made me realize I did not actually get the first one.",,active_topic_reference,0.90,True,v3.1 early_activity_augmented; scenario=many_topic_active_followup
topic_label_v3_1_12000_11402,"for this topic only, no new sphere yet — just help me repair this one.",Air Pressure Systems,Tire Pressure | Close Reading | Circular Reasoning | Torque | Battery Chemistry | Logical Fallacies | World War I Causes | Electoral College | SQL Joins | Electricity | Profit Margin | Valid vs Sound Arguments | Wave-Particle Duality | Ecological Succession | Break-Even Point | Air Pressure Systems | Executive Function | Normal Distribution | Food Webs | Storyboarding | Voltage vs Current | Password Hashing | Gas Laws | Deductive Reasoning | Attention Mechanism | Camera Framing | Angular Momentum | Visual Hierarchy | Defamation | Regression Lines,"I might be missing the middle step. | I can recognize it after I see it, but I cannot produce it myself.",,active_topic_reference,0.88,True,v3.1 early_activity_augmented; scenario=many_topic_active_followup
topic_label_v3_1_12000_11403,why is that true here? I mean in the current Confidence Intervals thing.,Confidence Intervals,Blood Pressure Regulation | Osmosis | Liability | Storyboarding | Angular Momentum | Lifetime Value | Blind Spot Checks | Residuals | Fractions | Primary Source Analysis | Function Notation | Genetic Drift | Circle of Fifths | Organic Functional Groups | Confidence Intervals | Electric Fields | Engines | DNA Replication | Historical Significance | Ecological Succession | Supply and Demand | Chord Progressions | Caching | Mitosis vs Meiosis | Torque | Correlation vs Causation | Food Webs | Color Contrast | Meal Planning | Emergency Fund,"The answer is there, but I do not know why it is the answer. | I think I understand the words but not the mechanism. | I can recognize it after I see it, but I cannot produce it myself.",,active_topic_reference,0.89,True,v3.1 early_activity_augmented; scenario=many_topic_active_followup
topic_label_v3_1_12000_11404,"I still do not get it, but I do not think this is a new topic.",Cell Membrane Transport,Electric Fields | Model Evaluation | Potential Energy | Shading Values | Bayes Theorem | Electron Configuration | Credit Card Interest | Category Errors | Cell Membrane Transport | Topic Sentences | DNA Replication | Tire Pressure | Covalent Bonding | Dopamine | Room Acoustics | Synaptic Transmission | Gesture Drawing | Lighting Ratios | Mitosis vs Meiosis | Utilitarianism | Cold War Proxy Wars | Resonance | Urban Heat Islands | Gas Laws | Neural Networks | Osmosis | Visual Hierarchy | Linear Equations | Mole Concept | Tidal Energy,"The example helped a little, but I still cannot transfer it. | That sounded clear for five seconds and then disappeared.",,active_topic_reference,0.78,True,v3.1 early_activity_augmented; scenario=many_topic_active_followup
topic_label_v3_1_12000_11405,I know we are on Voltage vs Current; I just need the slower version.,Voltage vs Current,Food Webs | Gas Laws | Ocean Currents | Regression Lines | Electron Configuration | Room Acoustics | React Props | Measuring Ingredients | Mitosis vs Meiosis | Valid vs Sound Arguments | Encryption | Unit Economics | Supply and Demand | Terminal Velocity | Training Data Bias | Plea Bargains | Circle of Fifths | Utilitarianism | Conceptual Analysis | Passive Voice | Confidence Intervals | OAuth Flow | French Revolution Causes | SQL Joins | Kinetic Energy | Knife Skills | Statistical Significance | Reading Comprehension | Break-Even Point | Voltage vs Current,What would make this obvious if I saw it somewhere else? | I am trying not to memorize the surface pattern.,,active_topic_reference,0.86,True,v3.1 early_activity_augmented; scenario=many_topic_active_followup
topic_label_v3_1_12000_11406,"Hold on, with this same topic, what should I notice first?",Wave-Particle Duality,Ecological Succession | Food Safety | Wave-Particle Duality | Immune Memory | SQL Joins | Doppler Effect | Product-Market Fit | Primary Source Analysis | Dependency Conflicts | Color Contrast | False Cognates | Panic Response | Circadian Rhythm | Unit Economics | Conversion Funnel | Deductive Reasoning | Correlation vs Causation | Engines | Amortization | One-Point Perspective | Pay Stubs | Overfitting | Trigonometry | Watersheds | Biodiversity | Attention Switching | Room Acoustics | Sodium-Potassium Pump | Discourse Markers | Visual Hierarchy,"I can follow it while looking at the example, but I lose it when the wording changes. | I do not need more facts yet; I need the shape of it. | That sounded clear for five seconds and then disappeared.",,active_topic_reference,0.84,True,v3.1 early_activity_augmented; scenario=many_topic_active_followup
topic_label_v3_1_12000_11407,"staying here: this is probably obvious, but I need one more pass on the same idea.",Spanish Pronouns,Pragmatics | Terminal Velocity | Category Errors | Historical Significance | Budgeting | Mitosis vs Meiosis | Word Order in Spanish | Spanish Pronouns,"Can we make it less abstract? | I can recognize it after I see it, but I cannot produce it myself.",,active_topic_reference,0.89,True,v3.1 early_activity_augmented; scenario=many_topic_active_followup
topic_label_v3_1_12000_11408,Please do not create a new topic. I am asking about the same thing again.,Electricity,Utilitarianism | Electricity | Quadratic Functions | Potential Energy | Hormone Regulation | Register in Language | Inflammation | Attention Switching,"The answer is there, but I do not know why it is the answer. | I think I understand the words but not the mechanism. | I tried making my own example and it immediately got messy.",,active_topic_reference,0.90,True,v3.1 early_activity_augmented; scenario=many_topic_active_followup
topic_label_v3_1_12000_11409,"ok, same topic: where exactly does the idea enter the problem?",Attention Mechanism,Attention Mechanism | Pain Signals | Test Anxiety | Light as a Wave and Particle | Gas Laws | Topic Sentences | Oil Changes | Linear Equations,"The answer is there, but I do not know why it is the answer. | I can recognize it after I see it, but I cannot produce it myself. | I do not need more facts yet; I need the shape of it.",,active_topic_reference,0.92,True,v3.1 early_activity_augmented; scenario=many_topic_active_followup
topic_label_v3_1_12000_11410,staying here: can we stay with Mitosis vs Meiosis? The second step is where I lose the thread.,Mitosis vs Meiosis,Allergies | Watersheds | Transcription and Translation | Break-Even Point | Mitosis vs Meiosis | Tenant Rights | Room Acoustics | French Pronunciation | Hydration Errors | Propaganda | TypeScript Generics | Checks and Balances | Voltage vs Current | Photosynthesis | Tax Forms,I keep mixing this up with the nearby idea. | I want to know what to pay attention to first. | I tried making my own example and it immediately got messy.,,active_topic_reference,0.84,True,v3.1 early_activity_augmented; scenario=many_topic_active_followup
topic_label_v3_1_12000_11411,staying here: i can copy the answer but I cannot explain why it works.,Bayes Theorem,Sodium-Potassium Pump | Gas Laws | Air Pressure Systems | Privacy Rights | Customer Segmentation | Bayes Theorem | Insurance Deductible | Encryption | Normal Distribution | Attention Switching | Caching | Tire Pressure | Geothermal Energy | Derivatives | Free Body Diagrams | French Pronunciation | Register in Language | Dopamine | Blood Pressure Regulation | Virtue Ethics | Quadratic Functions | Oil Changes | Motivation Loops | Blind Spot Checks | Storyboarding | Reading Comprehension | Civil Liberties vs Civil Rights | Password Hashing | TypeScript Generics | Attention Mechanism,I tried making my own example and it immediately got messy. | I am trying not to memorize the surface pattern. | I might be missing the middle step.,,active_topic_reference,0.78,True,v3.1 early_activity_augmented; scenario=many_topic_active_followup
topic_label_v3_1_12000_11412,"I am following the words, but not the reason one part leads to the next.",Treaty of Versailles,Quadratic Functions | Environment Variables | Necessary vs Sufficient Conditions | Enzyme Specificity | Fight-or-Flight Response | Room Acoustics | Stoichiometry | Knife Sharpening | Derivatives | Tire Pressure | Circular Reasoning | Correlation vs Causation | Free Will | Chemical Equilibrium | Insurance Deductible | Kinetic Energy | Treaty of Versailles | Contract Law Basics | Inflammation | Torque | REST APIs | Conversion Funnel | Ocean Currents | Organic Functional Groups | Electric Fields | Propaganda | Moral Luck | Genetic Drift | Vector Search | SQL Joins,"I keep mixing this up with the nearby idea. | I think I understand the words but not the mechanism. | The first version made sense, then the second version made me realize I did not actually get the first one.",,active_topic_reference,0.92,True,v3.1 early_activity_augmented; scenario=many_topic_active_followup
topic_label_v3_1_12000_11413,"for this topic only, could you explain that part again without changing the example?",API Routes,Colonialism | Model Evaluation | Renewable Energy Grid | API Routes | Carbon Cycle | Gas Laws | One-Point Perspective | Liability | Climate Feedbacks | Dopamine | Neural Networks | Digestive Enzymes | Residuals | French Revolution Causes | Confidence Intervals | Tenant Rights | Organic Functional Groups | Procrastination | Copyright Fair Use | Circuit Breakers | Circle of Fifths | Chain Rule | False Cognates | Password Hashing | Topic Sentences | Passive Voice | Magnetic Induction | Cash Flow | Meal Planning | Transcription and Translation,I might be missing the middle step. | I am trying not to memorize the surface pattern.,,active_topic_reference,0.85,True,v3.1 early_activity_augmented; scenario=many_topic_active_followup
topic_label_v3_1_12000_11414,"I am following the words, but not the reason one part leads to the next.",Electricity,Doppler Effect | Electricity | Hormone Regulation | Test Anxiety | Virtue Ethics | Circadian Rhythm | Circuit Breakers | Function Notation | Pronoun Reference | Reading Comprehension | Gas Laws | Encryption | Inflammation | Hydration Errors | Camera Framing | Reinforcement Learning | Cash Flow | Churn Rate | Trigonometry | Rate Limits | Profit Margin | Geothermal Energy | Blood Pressure Regulation | Tire Pressure | Fight-or-Flight Response | Caching | Electoral College | JavaScript Promises | Market Positioning | Storyboarding,I might be missing the middle step. | That sounded clear for five seconds and then disappeared.,,active_topic_reference,0.94,True,v3.1 early_activity_augmented; scenario=many_topic_active_followup
topic_label_v3_1_12000_11415,Could you explain that part again without changing the example?,Natural Selection,Reading Comprehension | Inflammation | Gas Laws | Chord Progressions | Overfitting | Pragmatics | Liability | Transcription and Translation | Carbon Cycle | Knife Skills | Climate Feedbacks | Color Contrast | Product-Market Fit | Measuring Ingredients | Natural Selection,"The first version made sense, then the second version made me realize I did not actually get the first one. | I can follow it while looking at the example, but I lose it when the wording changes. | I think I understand the words but not the mechanism.",,active_topic_reference,0.81,True,v3.1 early_activity_augmented; scenario=many_topic_active_followup
topic_label_v3_1_12000_11416,No new sphere yet — just help me repair this one.,Neural Networks,Battery Chemistry | Pain Signals | Measuring Ingredients | Free Body Diagrams | Ocean Currents | Conversion Funnel | Idioms | JavaScript Promises | Neural Networks | Cold War Proxy Wars | Webhooks | Spanish Pronouns | Vector Search | Renewable Energy Grid | Osmosis | Map Scale | Pay Stubs | Urban Heat Islands | Mitosis vs Meiosis | Necessary vs Sufficient Conditions | Working Memory | Supply and Demand | Product-Market Fit | Tenant Rights | Circular Reasoning | Hormone Regulation | Function Notation | Credit Card Interest | Resonance | Conceptual Analysis,"I can recognize it after I see it, but I cannot produce it myself. | The first version made sense, then the second version made me realize I did not actually get the first one. | I can follow it while looking at the example, but I lose it when the wording changes.",,active_topic_reference,0.90,True,v3.1 early_activity_augmented; scenario=many_topic_active_followup
topic_label_v3_1_12000_11417,Can we stay with Training Data Bias? The second step is where I lose the thread.,Training Data Bias,Close Reading | Cash Flow | Simple Harmonic Motion | Acids vs Bases | Conceptual Analysis | Treaty of Versailles | Valid vs Sound Arguments | Pain Signals | Visual Hierarchy | Magnetic Induction | Torque | Training Data Bias | Photosynthesis | Wave-Particle Duality | Blind Spot Checks,Can we make it less abstract? | That sounded clear for five seconds and then disappeared.,,active_topic_reference,0.84,True,v3.1 early_activity_augmented; scenario=many_topic_active_followup
topic_label_v3_1_12000_11418,I can copy the answer but I cannot explain why it works.,Close Reading,Historical Significance | Correlation vs Causation | Dopamine | Derivatives | Hydration Errors | Panic Response | Engines | Necessary vs Sufficient Conditions | Overfitting | Rate Limits | Market Positioning | Systems of Equations | Enzyme Specificity | REST APIs | OAuth Flow | Close Reading | Decision Fatigue | Attention Mechanism | One-Point Perspective | Insurance Deductible | Air Pressure Systems | Typography | Potential Energy | Sodium-Potassium Pump | Emotional Regulation | Vector Search | French Pronunciation | Attention Switching | Word Order in Spanish | Free Body Diagrams,"The example helped a little, but I still cannot transfer it. | I keep mixing this up with the nearby idea. | Can we make it less abstract?",,active_topic_reference,0.79,True,v3.1 early_activity_augmented; scenario=many_topic_active_followup
topic_label_v3_1_12000_11419,I can copy the answer but I cannot explain why it works.,Action Potentials,Historical Significance | Action Potentials | Wireframes | Typography | Integrals | Attention Mechanism | Vector Search | Valid vs Sound Arguments | REST APIs | Passive Voice | Photosynthesis | Separation of Powers | Gesture Drawing | Circular Reasoning | OAuth Flow,Can we make it less abstract? | That sounded clear for five seconds and then disappeared.,,active_topic_reference,0.82,True,v3.1 early_activity_augmented; scenario=many_topic_active_followup
topic_label_v3_1_12000_11420,"for this topic only, could you explain that part again without changing the example?",Tire Pressure,DNA Replication | Inventory Turnover | Residuals | Valid vs Sound Arguments | Churn Rate | Tire Pressure | Defamation | Discourse Markers,"I can recognize it after I see it, but I cannot produce it myself. | I can follow it while looking at the example, but I lose it when the wording changes. | What would make this obvious if I saw it somewhere else?",,active_topic_reference,0.82,True,v3.1 early_activity_augmented; scenario=many_topic_active_followup
topic_label_v3_1_12000_11421,"same sphere: i am following the words, but not the reason one part leads to the next.",Confidence Intervals,Emotional Regulation | Supply and Demand | Propaganda | Straw Man Arguments | Confidence Intervals | Simple Harmonic Motion | Resonance | Cognitive Load,"I might be missing the middle step. | The answer is there, but I do not know why it is the answer.",,active_topic_reference,0.82,True,v3.1 early_activity_augmented; scenario=many_topic_active_followup
topic_label_v3_1_12000_11422,"I am following the words, but not the reason one part leads to the next.",Electoral College,Torque | Linear Equations | Privacy Rights | Bayes Theorem | Historical Significance | React Props | Close Reading | Electoral College | API Routes | Conversion Funnel | Decision Fatigue | Gesture Drawing | Chord Progressions | Food Safety | Fluid Pressure,"The answer is there, but I do not know why it is the answer. | I keep mixing this up with the nearby idea. | I want to know what to pay attention to first.",,active_topic_reference,0.83,True,v3.1 early_activity_augmented; scenario=many_topic_active_followup
topic_label_v3_1_12000_11423,not switching topics yet — why does the current example work?,Action Potentials,Reading Comprehension | Preterite vs Imperfect | Dependency Conflicts | Inflammation | Action Potentials | Sodium-Potassium Pump | Gesture Drawing | Osmosis,I might be missing the middle step. | I am trying not to memorize the surface pattern. | I do not need more facts yet; I need the shape of it.,,active_topic_reference,0.80,True,v3.1 early_activity_augmented; scenario=many_topic_active_followup
topic_label_v3_1_12000_11424,why is that true here? I mean in the current Chemical Equilibrium thing.,Chemical Equilibrium,Regression Lines | Defamation | Fractions | Knife Skills | Wave-Particle Duality | Unit Economics | Checks and Balances | Allergies | Correlation vs Causation | Inflammation | Supply and Demand | Logical Fallacies | Register in Language | OAuth Flow | Colonialism | Overfitting | Product-Market Fit | Conceptual Analysis | Industrial Revolution | Chemical Equilibrium | Deductive Reasoning | Employment Standards | Immune Memory | Food Safety | Primary Source Analysis | Camera Framing | Chord Progressions | Circular Reasoning | Environment Variables | Fluid Pressure,"I am trying not to memorize the surface pattern. | The first version made sense, then the second version made me realize I did not actually get the first one. | The example helped a little, but I still cannot transfer it.",,active_topic_reference,0.81,True,v3.1 early_activity_augmented; scenario=many_topic_active_followup
topic_label_v3_1_12000_11425,Can we stay with OAuth Flow? The second step is where I lose the thread.,OAuth Flow,OAuth Flow | World War I Causes | Emergency Fund | Gesture Drawing | Caching | Direct Objects in Spanish | Churn Rate | Paragraph Transitions | Overfitting | Digestive Enzymes | Enzyme Specificity | Tire Pressure | Conceptual Analysis | Lifetime Value | Integrals,What would make this obvious if I saw it somewhere else? | I want to know what to pay attention to first.,,active_topic_reference,0.81,True,v3.1 early_activity_augmented; scenario=many_topic_active_followup
topic_label_v3_1_12000_11426,"this is probably obvious, but I need one more pass on the same idea.",Mitosis vs Meiosis,Ecological Succession | Unit Economics | Reading Comprehension | Topic Sentences | Encryption | Mitosis vs Meiosis | Biodiversity | Knife Sharpening,Can we make it less abstract? | I tried making my own example and it immediately got messy. | What would make this obvious if I saw it somewhere else?,,active_topic_reference,0.84,True,v3.1 early_activity_augmented; scenario=many_topic_active_followup
topic_label_v3_1_12000_11427,"Hold on, with this same topic, what should I notice first?",Engines,Gesture Drawing | Urban Heat Islands | Geothermal Energy | Resonance | Profit Margin | Acids vs Bases | Engines | Photosynthesis,"That sounded clear for five seconds and then disappeared. | The first version made sense, then the second version made me realize I did not actually get the first one.",,active_topic_reference,0.79,True,v3.1 early_activity_augmented; scenario=many_topic_active_followup
topic_label_v3_1_12000_11428,"same sphere: i still do not get it, but I do not think this is a new topic.",Reinforcement Learning,Cloud Formation | Resonance | Simple Harmonic Motion | Organic Functional Groups | Storyboarding | Vector Search | Amortization | Reinforcement Learning | Stoichiometry | Test Anxiety | Lighting Ratios | Topic Sentences | Urban Heat Islands | Product-Market Fit | Allergies | Confidence Intervals | Word Order in Spanish | Utilitarianism | Tire Pressure | False Cognates | JavaScript Promises | OAuth Flow | Civil Liberties vs Civil Rights | Copyright Fair Use | Geothermal Energy | Cash Flow | Attention Switching | Shading Values | Gesture Drawing | Mole Concept,"The answer is there, but I do not know why it is the answer. | I am trying not to memorize the surface pattern.",,active_topic_reference,0.92,True,v3.1 early_activity_augmented; scenario=many_topic_active_followup
topic_label_v3_1_12000_11429,"don’t move me yet — it makes sense while you say it, then I cannot reconstruct it. Still API Routes.",API Routes,Cell Membrane Transport | Carbon Cycle | Geothermal Energy | Separation of Powers | API Routes | Word Order in Spanish | Ecological Succession | Free Body Diagrams,I think I understand the words but not the mechanism. | What would make this obvious if I saw it somewhere else?,,active_topic_reference,0.94,True,v3.1 early_activity_augmented; scenario=many_topic_active_followup
topic_label_v3_1_12000_11430,Can we stay with Natural Selection? The second step is where I lose the thread.,Natural Selection,Budgeting | Discourse Markers | Renewable Energy Grid | Word Order in Spanish | Covalent Bonding | Integrals | Natural Selection | Ocean Currents | Color Contrast | Encryption | Copyright Fair Use | Fluid Pressure | Burden of Proof | Derivatives | Lifetime Value | Battery Chemistry | Straw Man Arguments | Knife Sharpening | Typography | Laundry Symbols | Cell Membrane Transport | Linear Equations | Food Safety | API Routes | REST APIs | Free Will | Acids vs Bases | Reinforcement Learning | Valid vs Sound Arguments | Light as a Wave and Particle,"I want to know what to pay attention to first. | The example helped a little, but I still cannot transfer it.",,active_topic_reference,0.82,True,v3.1 early_activity_augmented; scenario=many_topic_active_followup
topic_label_v3_1_12000_11431,Please do not create a new topic. I am asking about the same thing again.,Overfitting,Transcription and Translation | Paragraph Transitions | Simple Harmonic Motion | Air Pressure Systems | Mole Concept | Rate Limits | Knife Skills | Executive Function | Electron Configuration | Circular Reasoning | Neural Networks | Contract Law Basics | Hormone Regulation | Overfitting | Ocean Currents,"The answer is there, but I do not know why it is the answer. | I might be missing the middle step. | I keep mixing this up with the nearby idea.",,active_topic_reference,0.89,True,v3.1 early_activity_augmented; scenario=many_topic_active_followup
topic_label_v3_1_12000_11432,"for this topic only, please do not create a new topic. I am asking about the same thing again.",Statistical Significance,Mole Concept | Defamation | Problem of Induction | Conceptual Analysis | Chain Rule | Customer Segmentation | Vector Search | Statistical Significance | Light as a Wave and Particle | DNA Replication | Mitosis vs Meiosis | Biodiversity | Environment Variables | Plea Bargains | Food Safety | Pay Stubs | Engines | Digestive Enzymes | Circle of Fifths | Electricity | Meal Planning | Free Will | Logical Fallacies | Torque | Circular Reasoning | Potential Energy | Category Errors | Paragraph Transitions | French Pronunciation | Food Webs,"I can recognize it after I see it, but I cannot produce it myself. | That sounded clear for five seconds and then disappeared.",,active_topic_reference,0.81,True,v3.1 early_activity_augmented; scenario=many_topic_active_followup
topic_label_v3_1_12000_11433,I know we are on Electoral College; I just need the slower version.,Electoral College,Room Acoustics | Checks and Balances | Quadratic Functions | API Routes | Electoral College | Password Hashing | Moral Luck | Cognitive Load,I do not need more facts yet; I need the shape of it. | What would make this obvious if I saw it somewhere else? | I am trying not to memorize the surface pattern.,,active_topic_reference,0.83,True,v3.1 early_activity_augmented; scenario=many_topic_active_followup
topic_label_v3_1_12000_11434,"this is probably obvious, but I need one more pass on the same idea.",Trigonometry,Genetic Drift | Food Webs | Trigonometry | Residuals | Mitosis vs Meiosis | Vector Search | Tidal Energy | Torque,"I can recognize it after I see it, but I cannot produce it myself. | I want to know what to pay attention to first.",,active_topic_reference,0.94,True,v3.1 early_activity_augmented; scenario=many_topic_active_followup
topic_label_v3_1_12000_11435,I know we are on Chemical Equilibrium; I just need the slower version.,Chemical Equilibrium,Inflammation | Reinforcement Learning | Air Pressure Systems | Knife Sharpening | Magnetic Induction | Chemical Equilibrium | Emotional Regulation | Measuring Ingredients,"That sounded clear for five seconds and then disappeared. | The example helped a little, but I still cannot transfer it. | I might be missing the middle step.",,active_topic_reference,0.90,True,v3.1 early_activity_augmented; scenario=many_topic_active_followup
topic_label_v3_1_12000_11436,"this is probably obvious, but I need one more pass on the same idea.",Treaty of Versailles,Tidal Energy | Primary Source Analysis | API Routes | Photosynthesis | Plea Bargains | Gesture Drawing | Treaty of Versailles | Oil Changes,"I do not need more facts yet; I need the shape of it. | I can recognize it after I see it, but I cannot produce it myself. | That sounded clear for five seconds and then disappeared.",,active_topic_reference,0.93,True,v3.1 early_activity_augmented; scenario=many_topic_active_followup
topic_label_v3_1_12000_11437,No new sphere yet — just help me repair this one.,Stoichiometry,Blood Pressure Regulation | Photosynthesis | Osmosis | Circadian Rhythm | Logical Fallacies | Camera Framing | Lifetime Value | Necessary vs Sufficient Conditions | Burden of Proof | Supply and Demand | Neural Networks | Allergies | Wireframes | Terminal Velocity | Watersheds | Market Positioning | Conversion Funnel | Insurance Deductible | Meal Planning | Primary Source Analysis | Emotional Regulation | Topic Sentences | Stoichiometry | Immune Memory | Spanish Pronouns | Profit Margin | Circuit Breakers | Pay Stubs | Typography | One-Point Perspective,"I want to know what to pay attention to first. | The first version made sense, then the second version made me realize I did not actually get the first one.",,active_topic_reference,0.92,True,v3.1 early_activity_augmented; scenario=many_topic_active_followup
topic_label_v3_1_12000_11438,"Hold on, with this same topic, what should I notice first?",Natural Selection,Chemical Equilibrium | Hormone Regulation | Conceptual Analysis | False Cognates | Room Acoustics | Dependency Conflicts | Colonialism | Hydration Errors | Spanish Pronouns | Natural Selection | Immune Memory | Synaptic Transmission | Working Memory | Gesture Drawing | Typography,"I can follow it while looking at the example, but I lose it when the wording changes. | The answer is there, but I do not know why it is the answer. | The first version made sense, then the second version made me realize I did not actually get the first one.",,active_topic_reference,0.92,True,v3.1 early_activity_augmented; scenario=many_topic_active_followup
topic_label_v3_1_12000_11439,Please do not create a new topic. I am asking about the same thing again.,Chord Progressions,Latitude vs Longitude | Carbon Cycle | World War I Causes | Moral Luck | Executive Orders | Visual Hierarchy | Renewable Energy Grid | Deductive Reasoning | Privacy Rights | French Revolution Causes | Paragraph Transitions | Supply and Demand | Potential Energy | Liability | Photosynthesis | Wireframes | Conversion Funnel | Systems of Equations | Voltage vs Current | SQL Joins | Working Memory | Chord Progressions | Blood Pressure Regulation | Covalent Bonding | Normal Distribution | Sodium-Potassium Pump | Neural Networks | Reading Comprehension | Propaganda | Acids vs Bases,"I keep mixing this up with the nearby idea. | I am trying not to memorize the surface pattern. | The first version made sense, then the second version made me realize I did not actually get the first one.",,active_topic_reference,0.81,True,v3.1 early_activity_augmented; scenario=many_topic_active_followup
topic_label_v3_1_12000_11440,Could you explain that part again without changing the example?,Air Pressure Systems,Discourse Markers | Emergency Fund | Regression Lines | Market Positioning | Hormone Regulation | Voltage vs Current | Air Pressure Systems | Cell Membrane Transport | Checks and Balances | Action Potentials | Straw Man Arguments | Genetic Drift | Passive Voice | Pronoun Reference | Budgeting | Executive Function | Room Acoustics | Knife Sharpening | Engines | Colonialism | Memorization vs Understanding | Supply and Demand | Defamation | Storyboarding | Wireframes | Civil Liberties vs Civil Rights | Latitude vs Longitude | Knife Skills | Enzyme Specificity | Paragraph Transitions,I think I understand the words but not the mechanism. | I might be missing the middle step.,,active_topic_reference,0.88,True,v3.1 early_activity_augmented; scenario=many_topic_active_followup
topic_label_v3_1_12000_11441,"staying here: hold on, with this same topic, what should I notice first?",Statistical Significance,Market Positioning | Necessary vs Sufficient Conditions | Engines | Budgeting | Food Safety | Knife Sharpening | Natural Selection | Potential Energy | Word Order in Spanish | Tokenization | Straw Man Arguments | Circle of Fifths | Shading Values | Conceptual Analysis | Unit Economics | Pragmatics | Tire Pressure | Statistical Significance | Mitosis vs Meiosis | Dependency Conflicts | Doppler Effect | Emotional Regulation | Treaty of Versailles | Working Memory | Liability | Historical Significance | Cash Flow | Inductive Reasoning | Color Contrast | Urban Heat Islands,"The answer is there, but I do not know why it is the answer. | Can we make it less abstract? | I do not need more facts yet; I need the shape of it.",,active_topic_reference,0.79,True,v3.1 early_activity_augmented; scenario=many_topic_active_followup
topic_label_v3_1_12000_11442,"for this topic only, i wrote it down and it still sounds wrong. Keep us on Voltage vs Current.",Voltage vs Current,Voltage vs Current | Trigonometry | Churn Rate | Blood Pressure Regulation | Discourse Markers | Paragraph Transitions | Unit Economics | Wireframes | Pragmatics | Blind Spot Checks | Executive Orders | Electric Fields | Osmosis | Sodium-Potassium Pump | Hydration Errors,"The example helped a little, but I still cannot transfer it. | The answer is there, but I do not know why it is the answer.",,active_topic_reference,0.80,True,v3.1 early_activity_augmented; scenario=many_topic_active_followup
topic_label_v3_1_12000_11443,"It makes sense while you say it, then I cannot reconstruct it. Still Plea Bargains.",Plea Bargains,Direct Objects in Spanish | Close Reading | Inflammation | Meal Planning | Plea Bargains | Tire Pressure | Oil Changes | Word Order in Spanish,I am trying not to memorize the surface pattern. | I tried making my own example and it immediately got messy.,,active_topic_reference,0.82,True,v3.1 early_activity_augmented; scenario=many_topic_active_followup
topic_label_v3_1_12000_11444,"don’t move me yet — ok, same topic: where exactly does the idea enter the problem?",Typography,French Revolution Causes | Storyboarding | TypeScript Generics | Shading Values | Caching | Map Scale | Chain Rule | Free Body Diagrams | Quadratic Functions | Knife Skills | Preterite vs Imperfect | Normal Distribution | Residuals | Necessary vs Sufficient Conditions | Discourse Markers | Amortization | Market Positioning | Function Notation | Wave-Particle Duality | False Cognates | Valid vs Sound Arguments | Unit Economics | Budgeting | Typography | Password Hashing | Dependency Conflicts | Tax Forms | Tokenization | Voltage vs Current | React Props,"The example helped a little, but I still cannot transfer it. | I do not need more facts yet; I need the shape of it.",,active_topic_reference,0.93,True,v3.1 early_activity_augmented; scenario=many_topic_active_followup
topic_label_v3_1_12000_11445,staying here: the topic is still Measuring Ingredients; the confusing bit is the bridge between the steps.,Measuring Ingredients,Bayes Theorem | Integrals | Natural Selection | Organic Functional Groups | Kinetic Energy | Passive Voice | Fluid Pressure | Terminal Velocity | Storyboarding | Contract Law Basics | Measuring Ingredients | Market Positioning | Close Reading | Discourse Markers | Biodiversity,"I can recognize it after I see it, but I cannot produce it myself. | What would make this obvious if I saw it somewhere else? | I do not need more facts yet; I need the shape of it.",,active_topic_reference,0.86,True,v3.1 early_activity_augmented; scenario=many_topic_active_followup
topic_label_v3_1_12000_11446,"staying here: this is probably obvious, but I need one more pass on the same idea.",Training Data Bias,Gas Laws | Organic Functional Groups | Training Data Bias | Electron Configuration | Attention Switching | Shading Values | Product-Market Fit | Churn Rate | Break-Even Point | Tax Forms | Working Memory | Model Evaluation | Contract Law Basics | Market Positioning | Tidal Energy,"The first version made sense, then the second version made me realize I did not actually get the first one. | I might be missing the middle step.",,active_topic_reference,0.82,True,v3.1 early_activity_augmented; scenario=many_topic_active_followup
topic_label_v3_1_12000_11447,same sphere: please do not create a new topic. I am asking about the same thing again.,Vector Search,Test Anxiety | Motivation Loops | Blood Pressure Regulation | Attention Switching | Mole Concept | Vector Search | Circular Reasoning | Virtue Ethics | Doppler Effect | Tax Forms | Angular Momentum | Preterite vs Imperfect | Map Scale | Deductive Reasoning | Color Contrast,"The answer is there, but I do not know why it is the answer. | What would make this obvious if I saw it somewhere else? | I might be missing the middle step.",,active_topic_reference,0.87,True,v3.1 early_activity_augmented; scenario=many_topic_active_followup
topic_label_v3_1_12000_11448,the topic is still Neural Networks; the confusing bit is the bridge between the steps.,Neural Networks,Photosynthesis | Encryption | Terminal Velocity | False Cognates | Wireframes | Circular Reasoning | Mitosis vs Meiosis | Register in Language | Supply and Demand | Password Hashing | Acids vs Bases | Liability | Kinetic Energy | Training Data Bias | Room Acoustics | Budgeting | Map Scale | Defamation | Pain Signals | Emergency Fund | Unit Economics | Neural Networks | Tokenization | Environment Variables | REST APIs | Normal Distribution | Plea Bargains | Blood Pressure Regulation | Engines | Fight-or-Flight Response,"The first version made sense, then the second version made me realize I did not actually get the first one. | The example helped a little, but I still cannot transfer it. | I tried making my own example and it immediately got messy.",,active_topic_reference,0.88,True,v3.1 early_activity_augmented; scenario=many_topic_active_followup
topic_label_v3_1_12000_11449,No new sphere yet — just help me repair this one.,Caching,Discourse Markers | Caching | Tenant Rights | Word Order in Spanish | Valid vs Sound Arguments | Ocean Currents | Electron Configuration | Motivation Loops | Action Potentials | Electricity | Organic Functional Groups | Tire Pressure | Latitude vs Longitude | Mitosis vs Meiosis | Vector Search | Mole Concept | Inventory Turnover | Emergency Fund | Magnetic Induction | Carbon Cycle | Laundry Symbols | Executive Function | Working Memory | Integrals | Attention Mechanism | Ecological Succession | Environment Variables | Typography | Pay Stubs | Enzyme Specificity,I think I understand the words but not the mechanism. | Can we make it less abstract?,,active_topic_reference,0.89,True,v3.1 early_activity_augmented; scenario=many_topic_active_followup
topic_label_v3_1_12000_11450,why is that true here? I mean in the current Derivatives thing.,Derivatives,Conceptual Analysis | Executive Orders | Moral Luck | Amortization | Oil Changes | Profit Margin | API Routes | Derivatives,Can we make it less abstract? | I tried making my own example and it immediately got messy.,,active_topic_reference,0.80,True,v3.1 early_activity_augmented; scenario=many_topic_active_followup
topic_label_v3_1_12000_11451,staying here: the topic is still Working Memory; the confusing bit is the bridge between the steps.,Working Memory,Decision Fatigue | Employment Standards | Working Memory | Cognitive Load | Linear Equations | Action Potentials | Executive Function | Dopamine,"The answer is there, but I do not know why it is the answer. | That sounded clear for five seconds and then disappeared.",,active_topic_reference,0.85,True,v3.1 early_activity_augmented; scenario=many_topic_active_followup
topic_label_v3_1_12000_11452,"ok, same topic: where exactly does the idea enter the problem?",Confidence Intervals,Burden of Proof | Plea Bargains | Close Reading | Confidence Intervals | Vector Search | Fight-or-Flight Response | Biodiversity | Color Contrast,"That sounded clear for five seconds and then disappeared. | The example helped a little, but I still cannot transfer it.",,active_topic_reference,0.89,True,v3.1 early_activity_augmented; scenario=many_topic_active_followup
topic_label_v3_1_12000_11453,staying here: could you explain that part again without changing the example?,Air Pressure Systems,Regression Lines | Air Pressure Systems | Knife Sharpening | Electron Configuration | Preterite vs Imperfect | Measuring Ingredients | Statistical Significance | Training Data Bias | Separation of Powers | Food Safety | Circuit Breakers | Visual Hierarchy | Circadian Rhythm | Oil Changes | Chemical Equilibrium | Pay Stubs | False Cognates | Colonialism | Churn Rate | Food Webs | Lighting Ratios | Fractions | Attention Mechanism | French Pronunciation | Reinforcement Learning | Terminal Velocity | Circular Reasoning | World War I Causes | Free Body Diagrams | Unit Economics,"I might be missing the middle step. | I can recognize it after I see it, but I cannot produce it myself.",,active_topic_reference,0.81,True,v3.1 early_activity_augmented; scenario=many_topic_active_followup
topic_label_v3_1_12000_11454,staying here: i wrote it down and it still sounds wrong. Keep us on Voltage vs Current.,Voltage vs Current,Word Order in Spanish | Transcription and Translation | Ocean Currents | Voltage vs Current | Plea Bargains | Panic Response | Chemical Equilibrium | Dependency Conflicts,"I tried making my own example and it immediately got messy. | I do not need more facts yet; I need the shape of it. | The example helped a little, but I still cannot transfer it.",,active_topic_reference,0.91,True,v3.1 early_activity_augmented; scenario=many_topic_active_followup
topic_label_v3_1_12000_11455,I know we are on Light as a Wave and Particle; I just need the slower version.,Light as a Wave and Particle,Preterite vs Imperfect | Fractions | Treaty of Versailles | False Cognates | Light as a Wave and Particle | Quadratic Functions | Voltage vs Current | Tax Forms,I keep mixing this up with the nearby idea. | I am trying not to memorize the surface pattern.,,active_topic_reference,0.89,True,v3.1 early_activity_augmented; scenario=many_topic_active_followup
topic_label_v3_1_12000_11456,"Hold on, with this same topic, what should I notice first?",Action Potentials,Category Errors | Action Potentials | Systems of Equations | Food Webs | Linear Equations | Conceptual Analysis | Simple Harmonic Motion | Trigonometry | Statistical Significance | Employment Standards | Enzyme Specificity | Straw Man Arguments | Caching | Colonialism | Acids vs Bases | Circadian Rhythm | Product-Market Fit | Osmosis | Reading Comprehension | Oil Changes | Separation of Powers | Ecological Succession | Biodiversity | Break-Even Point | Credit Card Interest | Measuring Ingredients | Blind Spot Checks | Mole Concept | Meal Planning | Attention Switching,"The first version made sense, then the second version made me realize I did not actually get the first one. | Can we make it less abstract? | I do not need more facts yet; I need the shape of it.",,active_topic_reference,0.90,True,v3.1 early_activity_augmented; scenario=many_topic_active_followup
topic_label_v3_1_12000_11457,don’t move me yet — please do not create a new topic. I am asking about the same thing again.,Customer Segmentation,Terminal Velocity | Break-Even Point | Test Anxiety | Free Will | Word Order in Spanish | Confidence Intervals | Engines | Decision Fatigue | Lighting Ratios | Customer Segmentation | Deontology | Gas Laws | Integrals | Attention Switching | Torque | Electron Configuration | Regression Lines | Wave-Particle Duality | Knife Skills | Latitude vs Longitude | Typography | Virtue Ethics | Separation of Powers | Necessary vs Sufficient Conditions | Action Potentials | Battery Chemistry | Deductive Reasoning | Idioms | Caching | Angular Momentum,"Can we make it less abstract? | The answer is there, but I do not know why it is the answer.",,active_topic_reference,0.79,True,v3.1 early_activity_augmented; scenario=many_topic_active_followup
topic_label_v3_1_12000_11458,"for this topic only, ok, same topic: where exactly does the idea enter the problem?",Genetic Drift,Historical Significance | Procrastination | Carbon Cycle | Climate Feedbacks | TypeScript Generics | Genetic Drift | Normal Distribution | French Pronunciation,Can we make it less abstract? | I tried making my own example and it immediately got messy.,,active_topic_reference,0.92,True,v3.1 early_activity_augmented; scenario=many_topic_active_followup
topic_label_v3_1_12000_11459,staying here: no new sphere yet — just help me repair this one.,Civil Liberties vs Civil Rights,Systems of Equations | Tenant Rights | Model Evaluation | Passive Voice | Natural Selection | Map Scale | Bayes Theorem | Food Safety | Customer Segmentation | Regression Lines | Measuring Ingredients | Ocean Currents | Moral Luck | Civil Liberties vs Civil Rights | Resonance | Supply and Demand | Hydration Errors | Neural Networks | Discourse Markers | Propaganda | React Props | Privacy Rights | Direct Objects in Spanish | Electric Fields | Gesture Drawing | Circle of Fifths | Circular Reasoning | Renewable Energy Grid | Blood Pressure Regulation | Engines,"Can we make it less abstract? | I want to know what to pay attention to first. | The first version made sense, then the second version made me realize I did not actually get the first one.",,active_topic_reference,0.91,True,v3.1 early_activity_augmented; scenario=many_topic_active_followup
topic_label_v3_1_12000_11460,I wrote it down and it still sounds wrong. Keep us on Training Data Bias.,Training Data Bias,Natural Selection | OAuth Flow | Training Data Bias | Register in Language | Free Will | Pronoun Reference | Chain Rule | Market Positioning,"The first version made sense, then the second version made me realize I did not actually get the first one. | I tried making my own example and it immediately got messy.",,active_topic_reference,0.93,True,v3.1 early_activity_augmented; scenario=many_topic_active_followup
topic_label_v3_1_12000_11461,the current topic is fine; I need a different angle on it.,Circuit Breakers,Budgeting | DNA Replication | Rate Limits | Circuit Breakers | Urban Heat Islands | Food Webs | Attention Mechanism | Market Positioning,"I keep mixing this up with the nearby idea. | I can recognize it after I see it, but I cannot produce it myself. | The first version made sense, then the second version made me realize I did not actually get the first one.",,active_topic_reference,0.94,True,v3.1 early_activity_augmented; scenario=many_topic_active_followup
topic_label_v3_1_12000_11462,the label is right; my problem is the middle step.,Lifetime Value,Stoichiometry | Shading Values | Measuring Ingredients | French Revolution Causes | Inflammation | Bayes Theorem | Hydration Errors | Dopamine | Correlation vs Causation | Password Hashing | Lifetime Value | Liability | Circular Reasoning | Neural Networks | Burden of Proof | Voltage vs Current | Genetic Drift | Pronoun Reference | Rate Limits | Webhooks | Ocean Currents | Acids vs Bases | Unit Economics | Virtue Ethics | Cash Flow | Potential Energy | Executive Function | Resonance | Pay Stubs | Necessary vs Sufficient Conditions,"The example helped a little, but I still cannot transfer it. | The answer is there, but I do not know why it is the answer. | I am trying not to memorize the surface pattern.",,active_topic_reference,0.85,True,v3.1 early_activity_augmented; scenario=many_topic_active_followup
topic_label_v3_1_12000_11463,not switching topics yet — why does the current example work?,Air Pressure Systems,Inventory Turnover | Unit Economics | Fight-or-Flight Response | Air Pressure Systems | Urban Heat Islands | Procrastination | Reinforcement Learning | Close Reading,"What would make this obvious if I saw it somewhere else? | I think I understand the words but not the mechanism. | I can recognize it after I see it, but I cannot produce it myself.",,active_topic_reference,0.93,True,v3.1 early_activity_augmented; scenario=many_topic_active_followup
topic_label_v3_1_12000_11464,not switching topics yet — why does the current example work?,Cognitive Load,Cognitive Load | Emotional Regulation | Knife Skills | Trigonometry | Statistical Significance | Password Hashing | Magnetic Induction | Organic Functional Groups,"That sounded clear for five seconds and then disappeared. | What would make this obvious if I saw it somewhere else? | The answer is there, but I do not know why it is the answer.",,active_topic_reference,0.82,True,v3.1 early_activity_augmented; scenario=many_topic_active_followup
topic_label_v3_1_12000_11465,"I am following the words, but not the reason one part leads to the next.",Reinforcement Learning,Room Acoustics | TypeScript Generics | Pragmatics | Magnetic Induction | Reinforcement Learning | World War I Causes | Deductive Reasoning | Organic Functional Groups,"I do not need more facts yet; I need the shape of it. | I might be missing the middle step. | The example helped a little, but I still cannot transfer it.",,active_topic_reference,0.87,True,v3.1 early_activity_augmented; scenario=many_topic_active_followup
topic_label_v3_1_12000_11466,"staying here: i am following the words, but not the reason one part leads to the next.",Osmosis,Simple Harmonic Motion | Engines | Attention Switching | Cash Flow | Meal Planning | Renewable Energy Grid | Osmosis | Food Safety,Can we make it less abstract? | I tried making my own example and it immediately got messy.,,active_topic_reference,0.82,True,v3.1 early_activity_augmented; scenario=many_topic_active_followup
topic_label_v3_1_12000_11467,I know we are on Treaty of Versailles; I just need the slower version.,Treaty of Versailles,Shading Values | Cell Membrane Transport | OAuth Flow | Lighting Ratios | Food Safety | Battery Chemistry | Contract Law Basics | Industrial Revolution | TypeScript Generics | Transcription and Translation | Integrals | Simple Harmonic Motion | Blood Pressure Regulation | Circadian Rhythm | Free Body Diagrams | Direct Objects in Spanish | React Props | Hydration Errors | Normal Distribution | Attention Switching | Valid vs Sound Arguments | Treaty of Versailles | French Revolution Causes | Typography | Knife Skills | Quadratic Functions | Executive Function | Profit Margin | Tidal Energy | Regression Lines,"I can recognize it after I see it, but I cannot produce it myself. | The example helped a little, but I still cannot transfer it.",,active_topic_reference,0.81,True,v3.1 early_activity_augmented; scenario=many_topic_active_followup
topic_label_v3_1_12000_11468,same sphere: why is that true here? I mean in the current Air Pressure Systems thing.,Air Pressure Systems,Unit Economics | Air Pressure Systems | Working Memory | Organic Functional Groups | Copyright Fair Use | Cash Flow | Chord Progressions | Linear Equations | Amortization | Camera Framing | Typography | Cell Membrane Transport | Lifetime Value | Pain Signals | Action Potentials | Defamation | Churn Rate | Color Contrast | Logical Fallacies | Procrastination | Chain Rule | Gesture Drawing | Virtue Ethics | Transcription and Translation | REST APIs | Primary Source Analysis | Utilitarianism | Motivation Loops | Magnetic Induction | One-Point Perspective,"I can follow it while looking at the example, but I lose it when the wording changes. | I am trying not to memorize the surface pattern.",,active_topic_reference,0.87,True,v3.1 early_activity_augmented; scenario=many_topic_active_followup
topic_label_v3_1_12000_11469,why is that true here? I mean in the current Synaptic Transmission thing.,Synaptic Transmission,Unit Economics | Encryption | Cell Membrane Transport | Tax Forms | Circular Reasoning | Executive Function | Executive Orders | Synaptic Transmission | Logical Fallacies | Engines | Room Acoustics | Historical Significance | Model Evaluation | Conceptual Analysis | Conversion Funnel | Food Safety | Simple Harmonic Motion | Ocean Currents | Decision Fatigue | Pay Stubs | Normal Distribution | Free Body Diagrams | Burden of Proof | Procrastination | Deontology | Electricity | Circadian Rhythm | Insurance Deductible | Knife Sharpening | Sodium-Potassium Pump,"The first version made sense, then the second version made me realize I did not actually get the first one. | I do not need more facts yet; I need the shape of it.",,active_topic_reference,0.80,True,v3.1 early_activity_augmented; scenario=many_topic_active_followup
topic_label_v3_1_12000_11470,same sphere: why is that true here? I mean in the current JavaScript Promises thing.,JavaScript Promises,Function Notation | Environment Variables | Pain Signals | Pay Stubs | Residuals | Electric Fields | Wireframes | Tax Forms | Conceptual Analysis | Food Webs | Test Anxiety | Covalent Bonding | Circadian Rhythm | Watersheds | Cloud Formation | Cognitive Load | Genetic Drift | JavaScript Promises | Topic Sentences | Contract Law Basics | Circuit Breakers | Primary Source Analysis | Shading Values | Colonialism | Fractions | SQL Joins | Deontology | Pragmatics | Kinetic Energy | Chemical Equilibrium,"The example helped a little, but I still cannot transfer it. | I might be missing the middle step. | I want to know what to pay attention to first.",,active_topic_reference,0.82,True,v3.1 early_activity_augmented; scenario=many_topic_active_followup
topic_label_v3_1_12000_11471,not switching topics yet — why does the current example work?,Sodium-Potassium Pump,Integrals | Close Reading | Action Potentials | Electric Fields | Function Notation | Paragraph Transitions | Panic Response | Quadratic Functions | Laundry Symbols | Treaty of Versailles | Hydration Errors | Primary Source Analysis | Fractions | Conceptual Analysis | Idioms | Mole Concept | Wave-Particle Duality | Hormone Regulation | Sodium-Potassium Pump | Inventory Turnover | Utilitarianism | Blood Pressure Regulation | Light as a Wave and Particle | Model Evaluation | Normal Distribution | Password Hashing | Virtue Ethics | Regression Lines | Privacy Rights | Direct Objects in Spanish,I am trying not to memorize the surface pattern. | Can we make it less abstract?,,active_topic_reference,0.85,True,v3.1 early_activity_augmented; scenario=many_topic_active_followup
topic_label_v3_1_12000_11472,"I am following the words, but not the reason one part leads to the next.",Sodium-Potassium Pump,Reading Comprehension | Word Order in Spanish | Carbon Cycle | Hydration Errors | API Routes | False Cognates | Room Acoustics | Terminal Velocity | Measuring Ingredients | Sodium-Potassium Pump | Procrastination | Shading Values | Potential Energy | Attention Switching | Circuit Breakers,"I am trying not to memorize the surface pattern. | I can recognize it after I see it, but I cannot produce it myself. | The answer is there, but I do not know why it is the answer.",,active_topic_reference,0.90,True,v3.1 early_activity_augmented; scenario=many_topic_active_followup
topic_label_v3_1_12000_11473,Please do not create a new topic. I am asking about the same thing again.,Lifetime Value,Cloud Formation | Tire Pressure | Lifetime Value | Renewable Energy Grid | Linear Equations | Electric Fields | Immune Memory | Free Body Diagrams,"I can follow it while looking at the example, but I lose it when the wording changes. | The example helped a little, but I still cannot transfer it.",,active_topic_reference,0.79,True,v3.1 early_activity_augmented; scenario=many_topic_active_followup
topic_label_v3_1_12000_11474,same sphere: the current topic is fine; I need a different angle on it.,Derivatives,Derivatives | Measuring Ingredients | Conversion Funnel | Hydration Errors | Pragmatics | Tokenization | Rate Limits | Defamation,I might be missing the middle step. | I want to know what to pay attention to first.,,active_topic_reference,0.87,True,v3.1 early_activity_augmented; scenario=many_topic_active_followup
topic_label_v3_1_12000_11475,"for this topic only, this is probably obvious, but I need one more pass on the same idea.",Spanish Pronouns,World War I Causes | Color Contrast | Knife Skills | Attention Switching | DNA Replication | Spanish Pronouns | Fight-or-Flight Response | REST APIs,"I keep mixing this up with the nearby idea. | The example helped a little, but I still cannot transfer it. | I want to know what to pay attention to first.",,active_topic_reference,0.88,True,v3.1 early_activity_augmented; scenario=many_topic_active_followup
topic_label_v3_1_12000_11476,the topic is still Environment Variables; the confusing bit is the bridge between the steps.,Environment Variables,Necessary vs Sufficient Conditions | Discourse Markers | Battery Chemistry | Shading Values | Reinforcement Learning | Checks and Balances | Trigonometry | Electric Fields | Cash Flow | Magnetic Induction | Cold War Proxy Wars | Propaganda | Environment Variables | Confidence Intervals | Close Reading,I want to know what to pay attention to first. | I might be missing the middle step. | I tried making my own example and it immediately got messy.,,active_topic_reference,0.89,True,v3.1 early_activity_augmented; scenario=many_topic_active_followup
topic_label_v3_1_12000_11477,don’t move me yet — can we stay with Budgeting? The second step is where I lose the thread.,Budgeting,Contract Law Basics | Organic Functional Groups | Pronoun Reference | Resonance | OAuth Flow | Chord Progressions | Problem of Induction | Passive Voice | Watersheds | Vector Search | Budgeting | Cognitive Load | Valid vs Sound Arguments | Preterite vs Imperfect | Word Order in Spanish,"I can recognize it after I see it, but I cannot produce it myself. | That sounded clear for five seconds and then disappeared.",,active_topic_reference,0.86,True,v3.1 early_activity_augmented; scenario=many_topic_active_followup
topic_label_v3_1_12000_11478,same sphere: no new sphere yet — just help me repair this one.,Map Scale,Tokenization | Map Scale | Inductive Reasoning | Meal Planning | Renewable Energy Grid | Panic Response | Decision Fatigue | Copyright Fair Use,"I think I understand the words but not the mechanism. | The answer is there, but I do not know why it is the answer.",,active_topic_reference,0.83,True,v3.1 early_activity_augmented; scenario=many_topic_active_followup
topic_label_v3_1_12000_11479,Can we make the existing explanation more visual?,Synaptic Transmission,Tax Forms | Blood Pressure Regulation | Derivatives | Wireframes | Colonialism | Employment Standards | Treaty of Versailles | Simple Harmonic Motion | Normal Distribution | Synaptic Transmission | Doppler Effect | Lighting Ratios | Bayes Theorem | Decision Fatigue | Linear Equations,I think I understand the words but not the mechanism. | I am trying not to memorize the surface pattern.,,active_topic_reference,0.80,True,v3.1 early_activity_augmented; scenario=many_topic_active_followup
topic_label_v3_1_12000_11480,the current topic is fine; I need a different angle on it.,Spanish Pronouns,Normal Distribution | Gas Laws | Inflammation | Transcription and Translation | Cash Flow | Working Memory | Organic Functional Groups | Voltage vs Current | Digestive Enzymes | Close Reading | Resonance | Electoral College | Virtue Ethics | Linear Equations | Spanish Pronouns,That sounded clear for five seconds and then disappeared. | I do not need more facts yet; I need the shape of it. | I tried making my own example and it immediately got messy.,,active_topic_reference,0.80,True,v3.1 early_activity_augmented; scenario=many_topic_active_followup
topic_label_v3_1_12000_11481,"I still do not get it, but I do not think this is a new topic.",Stoichiometry,Insurance Deductible | Wave-Particle Duality | Vector Search | Laundry Symbols | Battery Chemistry | Fractions | Direct Objects in Spanish | Storyboarding | Environment Variables | Checks and Balances | Cold War Proxy Wars | Straw Man Arguments | Normal Distribution | Tidal Energy | Kidney Filtration | Liability | Stoichiometry | Defamation | Topic Sentences | React Props | Preterite vs Imperfect | Virtue Ethics | Civil Liberties vs Civil Rights | Action Potentials | Food Safety | Sodium-Potassium Pump | Tenant Rights | Derivatives | Knife Skills | Le Chatelier's Principle,I tried making my own example and it immediately got messy. | That sounded clear for five seconds and then disappeared.,,active_topic_reference,0.93,True,v3.1 early_activity_augmented; scenario=many_topic_active_followup
topic_label_v3_1_12000_11482,"that helped a bit, but what would it look like inside the same Fight-or-Flight Response example?",Fight-or-Flight Response,Chemical Equilibrium | JavaScript Promises | Ocean Currents | Historical Significance | Executive Function | Problem of Induction | Meal Planning | Statistical Significance | Mitosis vs Meiosis | Spanish Pronouns | Air Pressure Systems | Circadian Rhythm | Oil Changes | Reading Comprehension | Residuals | Budgeting | Emergency Fund | Idioms | Food Webs | World War I Causes | Organic Functional Groups | Function Notation | Credit Card Interest | Fight-or-Flight Response | Contract Law Basics | Visual Hierarchy | Insurance Deductible | Privacy Rights | Synaptic Transmission | REST APIs,"The answer is there, but I do not know why it is the answer. | I tried making my own example and it immediately got messy.",,active_topic_reference,0.92,True,v3.1 early_activity_augmented; scenario=many_topic_active_followup
topic_label_v3_1_12000_11483,the current topic is fine; I need a different angle on it.,Voltage vs Current,Word Order in Spanish | Sodium-Potassium Pump | Cloud Formation | Potential Energy | Working Memory | Valid vs Sound Arguments | Deductive Reasoning | Voltage vs Current,"Can we make it less abstract? | The answer is there, but I do not know why it is the answer. | I tried making my own example and it immediately got messy.",,active_topic_reference,0.83,True,v3.1 early_activity_augmented; scenario=many_topic_active_followup
topic_label_v3_1_12000_11484,"that helped a bit, but what would it look like inside the same Photosynthesis example?",Photosynthesis,Fluid Pressure | Knife Sharpening | Photosynthesis | Contract Law Basics | Emotional Regulation | API Routes | Pragmatics | Measuring Ingredients,"The example helped a little, but I still cannot transfer it. | I keep mixing this up with the nearby idea.",,active_topic_reference,0.94,True,v3.1 early_activity_augmented; scenario=many_topic_active_followup
topic_label_v3_1_12000_11485,Please do not create a new topic. I am asking about the same thing again.,Visual Hierarchy,Pragmatics | Attention Switching | Liability | Cognitive Load | Ocean Currents | Primary Source Analysis | Checks and Balances | Knife Skills | Mitosis vs Meiosis | Burden of Proof | Electron Configuration | Necessary vs Sufficient Conditions | Emergency Fund | Visual Hierarchy | Decision Fatigue,"Can we make it less abstract? | I might be missing the middle step. | The answer is there, but I do not know why it is the answer.",,active_topic_reference,0.87,True,v3.1 early_activity_augmented; scenario=many_topic_active_followup
topic_label_v3_1_12000_11486,"for this topic only, i wrote it down and it still sounds wrong. Keep us on Genetic Drift.",Genetic Drift,Potential Energy | Genetic Drift | Statistical Significance | Decision Fatigue | Photosynthesis | Word Order in Spanish | Circuit Breakers | Spanish Pronouns,I keep mixing this up with the nearby idea. | What would make this obvious if I saw it somewhere else? | I do not need more facts yet; I need the shape of it.,,active_topic_reference,0.94,True,v3.1 early_activity_augmented; scenario=many_topic_active_followup
topic_label_v3_1_12000_11487,"I am following the words, but not the reason one part leads to the next.",Camera Framing,Urban Heat Islands | Ocean Currents | Camera Framing | Lighting Ratios | Employment Standards | Voltage vs Current | Simple Harmonic Motion | Reinforcement Learning,"What would make this obvious if I saw it somewhere else? | I am trying not to memorize the surface pattern. | The example helped a little, but I still cannot transfer it.",,active_topic_reference,0.90,True,v3.1 early_activity_augmented; scenario=many_topic_active_followup
topic_label_v3_1_12000_11488,"I still do not get it, but I do not think this is a new topic.",Caching,Gesture Drawing | Fluid Pressure | World War I Causes | Dependency Conflicts | Fractions | Wireframes | Straw Man Arguments | Historical Significance | Pay Stubs | Discourse Markers | Customer Segmentation | Mole Concept | Osmosis | Caching | Potential Energy,"I can recognize it after I see it, but I cannot produce it myself. | I tried making my own example and it immediately got messy. | The answer is there, but I do not know why it is the answer.",,active_topic_reference,0.87,True,v3.1 early_activity_augmented; scenario=many_topic_active_followup
topic_label_v3_1_12000_11489,why is that true here? I mean in the current Cell Membrane Transport thing.,Cell Membrane Transport,API Routes | Fight-or-Flight Response | Electric Fields | Linear Equations | Light as a Wave and Particle | Contract Law Basics | Procrastination | Pronoun Reference | Idioms | Synaptic Transmission | Osmosis | Straw Man Arguments | Encryption | Cell Membrane Transport | Organic Functional Groups,"The answer is there, but I do not know why it is the answer. | I tried making my own example and it immediately got messy. | I think I understand the words but not the mechanism.",,active_topic_reference,0.89,True,v3.1 early_activity_augmented; scenario=many_topic_active_followup
topic_label_v3_1_12000_11490,"ok, same topic: where exactly does the idea enter the problem?",Action Potentials,Measuring Ingredients | Copyright Fair Use | Action Potentials | Electricity | Cash Flow | Reading Comprehension | Rate Limits | Typography,"What would make this obvious if I saw it somewhere else? | I can follow it while looking at the example, but I lose it when the wording changes.",,active_topic_reference,0.91,True,v3.1 early_activity_augmented; scenario=many_topic_active_followup
topic_label_v3_1_12000_11491,Can we make the existing explanation more visual?,Close Reading,Encryption | Close Reading | Residuals | Environment Variables | Food Safety | Shading Values | Emergency Fund | Allergies,"I might be missing the middle step. | The example helped a little, but I still cannot transfer it. | I do not need more facts yet; I need the shape of it.",,active_topic_reference,0.83,True,v3.1 early_activity_augmented; scenario=many_topic_active_followup
topic_label_v3_1_12000_11492,the current topic is fine; I need a different angle on it.,Customer Segmentation,Tire Pressure | Climate Feedbacks | Residuals | Lifetime Value | One-Point Perspective | Pay Stubs | Shading Values | Inductive Reasoning | Copyright Fair Use | Customer Segmentation | Insurance Deductible | Preterite vs Imperfect | REST APIs | Biodiversity | Webhooks,"I can recognize it after I see it, but I cannot produce it myself. | The example helped a little, but I still cannot transfer it.",,active_topic_reference,0.91,True,v3.1 early_activity_augmented; scenario=many_topic_active_followup
topic_label_v3_1_12000_11493,"I still do not get it, but I do not think this is a new topic.",Working Memory,Ecological Succession | Voltage vs Current | Problem of Induction | TypeScript Generics | Working Memory | Industrial Revolution | Contract Law Basics | Dependency Conflicts | Mitosis vs Meiosis | Deductive Reasoning | Wireframes | Training Data Bias | OAuth Flow | Doppler Effect | Memorization vs Understanding,"I think I understand the words but not the mechanism. | That sounded clear for five seconds and then disappeared. | I can recognize it after I see it, but I cannot produce it myself.",,active_topic_reference,0.82,True,v3.1 early_activity_augmented; scenario=many_topic_active_followup
topic_label_v3_1_12000_11494,"this is probably obvious, but I need one more pass on the same idea.",Genetic Drift,Straw Man Arguments | Torque | Training Data Bias | REST APIs | Cell Membrane Transport | Typography | Deductive Reasoning | Integrals | Paragraph Transitions | Panic Response | Category Errors | Circle of Fifths | Electron Configuration | Genetic Drift | Lifetime Value,"The first version made sense, then the second version made me realize I did not actually get the first one. | That sounded clear for five seconds and then disappeared.",,active_topic_reference,0.88,True,v3.1 early_activity_augmented; scenario=many_topic_active_followup
topic_label_v3_1_12000_11495,the current topic is fine; I need a different angle on it.,Preterite vs Imperfect,French Pronunciation | Market Positioning | Latitude vs Longitude | React Props | Bayes Theorem | Reading Comprehension | Biodiversity | False Cognates | Primary Source Analysis | Inventory Turnover | Allergies | Preterite vs Imperfect | Camera Framing | Vector Search | Derivatives | Osmosis | Function Notation | Ecological Succession | Emergency Fund | Engines | Tidal Energy | Churn Rate | Model Evaluation | Linear Equations | Historical Significance | API Routes | Doppler Effect | Potential Energy | Climate Feedbacks | Straw Man Arguments,I am trying not to memorize the surface pattern. | I might be missing the middle step. | Can we make it less abstract?,,active_topic_reference,0.89,True,v3.1 early_activity_augmented; scenario=many_topic_active_followup
topic_label_v3_1_12000_11496,"Hold on, with this same topic, what should I notice first?",Free Body Diagrams,Historical Significance | Pain Signals | Confidence Intervals | Knife Sharpening | Cold War Proxy Wars | Inventory Turnover | Climate Feedbacks | Primary Source Analysis | Circular Reasoning | Engines | Systems of Equations | REST APIs | Defamation | Preterite vs Imperfect | Correlation vs Causation | Straw Man Arguments | Valid vs Sound Arguments | Bayes Theorem | Storyboarding | Electoral College | Pragmatics | Food Safety | False Cognates | Hormone Regulation | Deontology | Free Body Diagrams | Fractions | Fight-or-Flight Response | Fluid Pressure | Meal Planning,"I keep mixing this up with the nearby idea. | I can follow it while looking at the example, but I lose it when the wording changes.",,active_topic_reference,0.84,True,v3.1 early_activity_augmented; scenario=many_topic_active_followup
topic_label_v3_1_12000_11497,not switching topics yet — why does the current example work?,Training Data Bias,Password Hashing | API Routes | Climate Feedbacks | REST APIs | Separation of Powers | Topic Sentences | Register in Language | Panic Response | Electron Configuration | Organic Functional Groups | Plea Bargains | Product-Market Fit | Spanish Pronouns | Training Data Bias | Battery Chemistry,Can we make it less abstract? | I want to know what to pay attention to first.,,active_topic_reference,0.84,True,v3.1 early_activity_augmented; scenario=many_topic_active_followup
topic_label_v3_1_12000_11498,Could you explain that part again without changing the example?,Correlation vs Causation,Separation of Powers | Correlation vs Causation | Training Data Bias | Gesture Drawing | Word Order in Spanish | Biodiversity | Acids vs Bases | Discourse Markers,"Can we make it less abstract? | The example helped a little, but I still cannot transfer it. | I do not need more facts yet; I need the shape of it.",,active_topic_reference,0.90,True,v3.1 early_activity_augmented; scenario=many_topic_active_followup
topic_label_v3_1_12000_11499,"It makes sense while you say it, then I cannot reconstruct it. Still Spanish Pronouns.",Spanish Pronouns,Laundry Symbols | Overfitting | Tire Pressure | Circuit Breakers | Tax Forms | Preterite vs Imperfect | Liability | Tokenization | Acids vs Bases | Integrals | Industrial Revolution | Burden of Proof | Training Data Bias | Natural Selection | Supply and Demand | Utilitarianism | Employment Standards | Chemical Equilibrium | Word Order in Spanish | Spanish Pronouns | Transcription and Translation | Wave-Particle Duality | Valid vs Sound Arguments | Primary Source Analysis | Environment Variables | Inventory Turnover | Checks and Balances | Vector Search | Potential Energy | Digestive Enzymes,"The answer is there, but I do not know why it is the answer. | I can recognize it after I see it, but I cannot produce it myself. | I can follow it while looking at the example, but I lose it when the wording changes.",,active_topic_reference,0.80,True,v3.1 early_activity_augmented; scenario=many_topic_active_followup
topic_label_v3_1_12000_11500,"don’t move me yet — ok, same topic: where exactly does the idea enter the problem?",Circadian Rhythm,Electoral College | Rate Limits | Preterite vs Imperfect | Churn Rate | Biodiversity | Close Reading | Attention Switching | Plea Bargains | Neural Networks | Electricity | Executive Function | Deductive Reasoning | Room Acoustics | Topic Sentences | Conversion Funnel | Problem of Induction | Spanish Pronouns | Le Chatelier's Principle | Shading Values | Budgeting | Carbon Cycle | Allergies | Mitosis vs Meiosis | Discourse Markers | Doppler Effect | REST APIs | Circadian Rhythm | Magnetic Induction | Systems of Equations | Idioms,"Can we make it less abstract? | I can follow it while looking at the example, but I lose it when the wording changes. | I think I understand the words but not the mechanism.",,active_topic_reference,0.91,True,v3.1 early_activity_augmented; scenario=many_topic_active_followup
topic_label_v3_1_12000_11501,not sure what I want to learn. I just know I am stuck.,,,,,no_topic,0.77,True,v3.1 early_activity_augmented; scenario=cold_start_no_topic
topic_label_v3_1_12000_11502,"there is a problem, but I cannot point to the concept yet. Please do not guess a random label from this.",,,,,no_topic,0.76,True,v3.1 early_activity_augmented; scenario=cold_start_no_topic
topic_label_v3_1_12000_11503,"the whole page feels like fog, and I cannot tell what object to click mentally. I am not ready to name a concept.",,,,,no_topic,0.70,True,v3.1 early_activity_augmented; scenario=cold_start_no_topic
topic_label_v3_1_12000_11504,"there is a problem, but I cannot point to the concept yet. I am not ready to name a concept.",,,,,no_topic,0.67,True,v3.1 early_activity_augmented; scenario=cold_start_no_topic
topic_label_v3_1_12000_11505,this is hard to say without sounding dramatic: I cannot find the handle on the confusion.,,,,,no_topic,0.84,True,v3.1 early_activity_augmented; scenario=cold_start_no_topic
topic_label_v3_1_12000_11506,"the whole page feels like fog, and I cannot tell what object to click mentally.",,,,,no_topic,0.73,True,v3.1 early_activity_augmented; scenario=cold_start_no_topic
topic_label_v3_1_12000_11507,I do not want MyWay to make a random topic from this; I need help locating the issue. Maybe ask me a sorting question first.,,,,,no_topic,0.81,True,v3.1 early_activity_augmented; scenario=cold_start_no_topic
topic_label_v3_1_12000_11508,"the whole page feels like fog, and I cannot tell what object to click mentally. I am not ready to name a concept. The same question keeps coming back from a slightly different angle.",,,,,no_topic,0.69,True,v3.1 early_activity_augmented; scenario=cold_start_no_topic
topic_label_v3_1_12000_11509,not sure what I want to learn. I just know I am stuck. Maybe ask me a sorting question first.,,,,,no_topic,0.84,True,v3.1 early_activity_augmented; scenario=cold_start_no_topic
topic_label_v3_1_12000_11510,maybe ask me something first? I do not know what the topic should be.,,,,,no_topic,0.67,True,v3.1 early_activity_augmented; scenario=cold_start_no_topic
topic_label_v3_1_12000_11511,nothing specific yet. I am trying to figure out what I am even asking.,,,,,no_topic,0.83,True,v3.1 early_activity_augmented; scenario=cold_start_no_topic
topic_label_v3_1_12000_11512,"before naming a topic, can we figure out what kind of confusion this is?",,,,,no_topic,0.65,True,v3.1 early_activity_augmented; scenario=cold_start_no_topic
topic_label_v3_1_12000_11513,"the whole page feels like fog, and I cannot tell what object to click mentally. That is probably the cleanest way I can say it for now.",,,,,no_topic,0.71,True,v3.1 early_activity_augmented; scenario=cold_start_no_topic
topic_label_v3_1_12000_11514,"I need help choosing where to start, because I do not have a topic in mind.",,,,,no_topic,0.74,True,v3.1 early_activity_augmented; scenario=cold_start_no_topic
topic_label_v3_1_12000_11515,"there is a problem, but I cannot point to the concept yet.",,,,,no_topic,0.69,True,v3.1 early_activity_augmented; scenario=cold_start_no_topic
topic_label_v3_1_12000_11516,this is hard to say without sounding dramatic: I cannot find the handle on the confusion. Please do not guess a random label from this.,,,,,no_topic,0.72,True,v3.1 early_activity_augmented; scenario=cold_start_no_topic
topic_label_v3_1_12000_11517,"before naming a topic, can we figure out what kind of confusion this is? Please do not guess a random label from this.",,,,,no_topic,0.71,True,v3.1 early_activity_augmented; scenario=cold_start_no_topic
topic_label_v3_1_12000_11518,"before naming a topic, can we figure out what kind of confusion this is? The same question keeps coming back from a slightly different angle.",,,,,no_topic,0.64,True,v3.1 early_activity_augmented; scenario=cold_start_no_topic
topic_label_v3_1_12000_11519,"the whole page feels like fog, and I cannot tell what object to click mentally. I am not ready to name a concept. The app is still early in the session, so there is not much context yet.",,,,,no_topic,0.83,True,v3.1 early_activity_augmented; scenario=cold_start_no_topic
topic_label_v3_1_12000_11520,"maybe ask me something first? I do not know what the topic should be. I might be saying it awkwardly, but the target feels real.",,,,,no_topic,0.83,True,v3.1 early_activity_augmented; scenario=cold_start_no_topic
topic_label_v3_1_12000_11521,I opened the app but my brain is just kind of blank right now. I am not ready to name a concept.,,,,,no_topic,0.74,True,v3.1 early_activity_augmented; scenario=cold_start_no_topic
topic_label_v3_1_12000_11522,"the whole page feels like fog, and I cannot tell what object to click mentally. That is the version of the confusion showing up today.",,,,,no_topic,0.66,True,v3.1 early_activity_augmented; scenario=cold_start_no_topic
topic_label_v3_1_12000_11523,not sure what I want to learn. I just know I am stuck. I want the topic boundary to be right before we move on.,,,,,no_topic,0.74,True,v3.1 early_activity_augmented; scenario=cold_start_no_topic
topic_label_v3_1_12000_11524,nothing specific yet. I am trying to figure out what I am even asking. The same question keeps coming back from a slightly different angle.,,,,,no_topic,0.77,True,v3.1 early_activity_augmented; scenario=cold_start_no_topic
topic_label_v3_1_12000_11525,nothing specific yet. I am trying to figure out what I am even asking. Please do not guess a random label from this.,,,,,no_topic,0.69,True,v3.1 early_activity_augmented; scenario=cold_start_no_topic
topic_label_v3_1_12000_11526,"nothing specific yet. I am trying to figure out what I am even asking. The wording is clumsy, but that is the shape of it.",,,,,no_topic,0.70,True,v3.1 early_activity_augmented; scenario=cold_start_no_topic
topic_label_v3_1_12000_11527,"I have the feeling of not understanding, but no useful label for it.",,,,,no_topic,0.74,True,v3.1 early_activity_augmented; scenario=cold_start_no_topic
topic_label_v3_1_12000_11528,maybe ask me something first? I do not know what the topic should be. Maybe ask me a sorting question first.,,,,,no_topic,0.83,True,v3.1 early_activity_augmented; scenario=cold_start_no_topic
topic_label_v3_1_12000_11529,not sure what I want to learn. I just know I am stuck. There are not many prior topics to lean on here.,,,,,no_topic,0.76,True,v3.1 early_activity_augmented; scenario=cold_start_no_topic
topic_label_v3_1_12000_11530,"not sure what I want to learn. I just know I am stuck. I might be saying it awkwardly, but the target feels real.",,,,,no_topic,0.79,True,v3.1 early_activity_augmented; scenario=cold_start_no_topic
topic_label_v3_1_12000_11531,maybe ask me something first? I do not know what the topic should be. This is the smallest handle I can find for it right now.,,,,,no_topic,0.78,True,v3.1 early_activity_augmented; scenario=cold_start_no_topic
topic_label_v3_1_12000_11532,not sure what I want to learn. I just know I am stuck. I am trying to name it before it turns into a random pile of notes.,,,,,no_topic,0.82,True,v3.1 early_activity_augmented; scenario=cold_start_no_topic
topic_label_v3_1_12000_11533,I opened the app but my brain is just kind of blank right now.,,,,,no_topic,0.76,True,v3.1 early_activity_augmented; scenario=cold_start_no_topic
topic_label_v3_1_12000_11534,not sure what I want to learn. I just know I am stuck. I am trying to separate the topic from the mood of being stuck.,,,,,no_topic,0.73,True,v3.1 early_activity_augmented; scenario=cold_start_no_topic
topic_label_v3_1_12000_11535,"the whole page feels like fog, and I cannot tell what object to click mentally. I want the topic boundary to be right before we move on.",,,,,no_topic,0.78,True,v3.1 early_activity_augmented; scenario=cold_start_no_topic
topic_label_v3_1_12000_11536,"nothing specific yet. I am trying to figure out what I am even asking. Please do not guess a random label from this. The app is still early in the session, so there is not much context yet.",,,,,no_topic,0.69,True,v3.1 early_activity_augmented; scenario=cold_start_no_topic
topic_label_v3_1_12000_11537,nothing specific yet. I am trying to figure out what I am even asking. I am not ready to name a concept.,,,,,no_topic,0.72,True,v3.1 early_activity_augmented; scenario=cold_start_no_topic
topic_label_v3_1_12000_11538,I opened the app but my brain is just kind of blank right now. I want MyWay to treat this carefully instead of guessing too fast.,,,,,no_topic,0.69,True,v3.1 early_activity_augmented; scenario=cold_start_no_topic
topic_label_v3_1_12000_11539,this is hard to say without sounding dramatic: I cannot find the handle on the confusion. Maybe ask me a sorting question first.,,,,,no_topic,0.76,True,v3.1 early_activity_augmented; scenario=cold_start_no_topic
topic_label_v3_1_12000_11540,"the whole page feels like fog, and I cannot tell what object to click mentally. I am not ready to name a concept. There are not many prior topics to lean on here.",,,,,no_topic,0.80,True,v3.1 early_activity_augmented; scenario=cold_start_no_topic
topic_label_v3_1_12000_11541,"I opened the app but my brain is just kind of blank right now. The wording is clumsy, but that is the shape of it.",,,,,no_topic,0.85,True,v3.1 early_activity_augmented; scenario=cold_start_no_topic
topic_label_v3_1_12000_11542,"there is a problem, but I cannot point to the concept yet. Maybe ask me a sorting question first.",,,,,no_topic,0.70,True,v3.1 early_activity_augmented; scenario=cold_start_no_topic
topic_label_v3_1_12000_11543,"I opened the app but my brain is just kind of blank right now. The app is still early in the session, so there is not much context yet.",,,,,no_topic,0.84,True,v3.1 early_activity_augmented; scenario=cold_start_no_topic
topic_label_v3_1_12000_11544,everything feels blurry and I cannot name the thing that is wrong yet. I am not ready to name a concept.,,,,,no_topic,0.75,True,v3.1 early_activity_augmented; scenario=cold_start_no_topic
topic_label_v3_1_12000_11545,"I need help choosing where to start, because I do not have a topic in mind. I want the topic boundary to be right before we move on.",,,,,no_topic,0.70,True,v3.1 early_activity_augmented; scenario=cold_start_no_topic
topic_label_v3_1_12000_11546,I do not want MyWay to make a random topic from this; I need help locating the issue.,,,,,no_topic,0.85,True,v3.1 early_activity_augmented; scenario=cold_start_no_topic
topic_label_v3_1_12000_11547,"I have the feeling of not understanding, but no useful label for it. Maybe ask me a sorting question first.",,,,,no_topic,0.69,True,v3.1 early_activity_augmented; scenario=cold_start_no_topic
topic_label_v3_1_12000_11548,nothing specific yet. I am trying to figure out what I am even asking. That is probably the cleanest way I can say it for now.,,,,,no_topic,0.64,True,v3.1 early_activity_augmented; scenario=cold_start_no_topic
topic_label_v3_1_12000_11549,"before naming a topic, can we figure out what kind of confusion this is? That is the version of the confusion showing up today.",,,,,no_topic,0.83,True,v3.1 early_activity_augmented; scenario=cold_start_no_topic
topic_label_v3_1_12000_11550,"the whole page feels like fog, and I cannot tell what object to click mentally. There are not many prior topics to lean on here.",,,,,no_topic,0.79,True,v3.1 early_activity_augmented; scenario=cold_start_no_topic
topic_label_v3_1_12000_11551,nothing specific yet. I am trying to figure out what I am even asking. Please do not guess a random label from this. I am trying to name it before it turns into a random pile of notes.,,,,,no_topic,0.68,True,v3.1 early_activity_augmented; scenario=cold_start_no_topic
topic_label_v3_1_12000_11552,"I have the feeling of not understanding, but no useful label for it. Maybe ask me a sorting question first. This is the smallest handle I can find for it right now.",,,,,no_topic,0.72,True,v3.1 early_activity_augmented; scenario=cold_start_no_topic
topic_label_v3_1_12000_11553,"I have the feeling of not understanding, but no useful label for it. I want the topic boundary to be right before we move on.",,,,,no_topic,0.83,True,v3.1 early_activity_augmented; scenario=cold_start_no_topic
topic_label_v3_1_12000_11554,"maybe ask me something first? I do not know what the topic should be. The app is still early in the session, so there is not much context yet.",,,,,no_topic,0.85,True,v3.1 early_activity_augmented; scenario=cold_start_no_topic
topic_label_v3_1_12000_11555,"there is a problem, but I cannot point to the concept yet. That is the version of the confusion showing up today.",,,,,no_topic,0.72,True,v3.1 early_activity_augmented; scenario=cold_start_no_topic
topic_label_v3_1_12000_11556,"before naming a topic, can we figure out what kind of confusion this is? Maybe ask me a sorting question first.",,,,,no_topic,0.81,True,v3.1 early_activity_augmented; scenario=cold_start_no_topic
topic_label_v3_1_12000_11557,"I need help choosing where to start, because I do not have a topic in mind. The wording is clumsy, but that is the shape of it.",,,,,no_topic,0.85,True,v3.1 early_activity_augmented; scenario=cold_start_no_topic
topic_label_v3_1_12000_11558,not sure what I want to learn. I just know I am stuck. I want MyWay to treat this carefully instead of guessing too fast.,,,,,no_topic,0.67,True,v3.1 early_activity_augmented; scenario=cold_start_no_topic
topic_label_v3_1_12000_11559,"I have the feeling of not understanding, but no useful label for it. Please do not guess a random label from this.",,,,,no_topic,0.82,True,v3.1 early_activity_augmented; scenario=cold_start_no_topic
topic_label_v3_1_12000_11560,"the whole page feels like fog, and I cannot tell what object to click mentally. Please do not guess a random label from this.",,,,,no_topic,0.67,True,v3.1 early_activity_augmented; scenario=cold_start_no_topic
topic_label_v3_1_12000_11561,"nothing specific yet. I am trying to figure out what I am even asking. Please do not guess a random label from this. The wording is clumsy, but that is the shape of it.",,,,,no_topic,0.83,True,v3.1 early_activity_augmented; scenario=cold_start_no_topic
topic_label_v3_1_12000_11562,"I need help choosing where to start, because I do not have a topic in mind. Please do not guess a random label from this.",,,,,no_topic,0.64,True,v3.1 early_activity_augmented; scenario=cold_start_no_topic
topic_label_v3_1_12000_11563,I do not want MyWay to make a random topic from this; I need help locating the issue. I am not ready to name a concept.,,,,,no_topic,0.72,True,v3.1 early_activity_augmented; scenario=cold_start_no_topic
topic_label_v3_1_12000_11564,I opened the app but my brain is just kind of blank right now. I am not ready to name a concept. That is probably the cleanest way I can say it for now.,,,,,no_topic,0.78,True,v3.1 early_activity_augmented; scenario=cold_start_no_topic
topic_label_v3_1_12000_11565,I do not want MyWay to make a random topic from this; I need help locating the issue. That is probably the cleanest way I can say it for now.,,,,,no_topic,0.71,True,v3.1 early_activity_augmented; scenario=cold_start_no_topic
topic_label_v3_1_12000_11566,"not sure what I want to learn. I just know I am stuck. The app is still early in the session, so there is not much context yet.",,,,,no_topic,0.80,True,v3.1 early_activity_augmented; scenario=cold_start_no_topic
topic_label_v3_1_12000_11567,"there is a problem, but I cannot point to the concept yet. This is the smallest handle I can find for it right now.",,,,,no_topic,0.65,True,v3.1 early_activity_augmented; scenario=cold_start_no_topic
topic_label_v3_1_12000_11568,"the whole page feels like fog, and I cannot tell what object to click mentally. Please do not guess a random label from this. The app is still early in the session, so there is not much context yet.",,,,,no_topic,0.78,True,v3.1 early_activity_augmented; scenario=cold_start_no_topic
topic_label_v3_1_12000_11569,"I need help choosing where to start, because I do not have a topic in mind. The app is still early in the session, so there is not much context yet.",,,,,no_topic,0.83,True,v3.1 early_activity_augmented; scenario=cold_start_no_topic
topic_label_v3_1_12000_11570,"I have the feeling of not understanding, but no useful label for it. Maybe ask me a sorting question first. The same question keeps coming back from a slightly different angle.",,,,,no_topic,0.82,True,v3.1 early_activity_augmented; scenario=cold_start_no_topic
topic_label_v3_1_12000_11571,maybe ask me something first? I do not know what the topic should be. The same question keeps coming back from a slightly different angle.,,,,,no_topic,0.76,True,v3.1 early_activity_augmented; scenario=cold_start_no_topic
topic_label_v3_1_12000_11572,"before naming a topic, can we figure out what kind of confusion this is? The app is still early in the session, so there is not much context yet.",,,,,no_topic,0.70,True,v3.1 early_activity_augmented; scenario=cold_start_no_topic
topic_label_v3_1_12000_11573,everything feels blurry and I cannot name the thing that is wrong yet.,,,,,no_topic,0.66,True,v3.1 early_activity_augmented; scenario=cold_start_no_topic
topic_label_v3_1_12000_11574,"the whole page feels like fog, and I cannot tell what object to click mentally. This is the smallest handle I can find for it right now.",,,,,no_topic,0.71,True,v3.1 early_activity_augmented; scenario=cold_start_no_topic
topic_label_v3_1_12000_11575,I do not want MyWay to make a random topic from this; I need help locating the issue. Maybe ask me a sorting question first. There are not many prior topics to lean on here.,,,,,no_topic,0.75,True,v3.1 early_activity_augmented; scenario=cold_start_no_topic
topic_label_v3_1_12000_11576,"I have the feeling of not understanding, but no useful label for it. I am trying to name it before it turns into a random pile of notes.",,,,,no_topic,0.83,True,v3.1 early_activity_augmented; scenario=cold_start_no_topic
topic_label_v3_1_12000_11577,"before naming a topic, can we figure out what kind of confusion this is? Maybe ask me a sorting question first. I might be saying it awkwardly, but the target feels real.",,,,,no_topic,0.83,True,v3.1 early_activity_augmented; scenario=cold_start_no_topic
topic_label_v3_1_12000_11578,"I have the feeling of not understanding, but no useful label for it. I am not ready to name a concept.",,,,,no_topic,0.86,True,v3.1 early_activity_augmented; scenario=cold_start_no_topic
topic_label_v3_1_12000_11579,"before naming a topic, can we figure out what kind of confusion this is? I am trying to separate the topic from the mood of being stuck.",,,,,no_topic,0.84,True,v3.1 early_activity_augmented; scenario=cold_start_no_topic
topic_label_v3_1_12000_11580,maybe ask me something first? I do not know what the topic should be. That is probably the cleanest way I can say it for now.,,,,,no_topic,0.82,True,v3.1 early_activity_augmented; scenario=cold_start_no_topic
topic_label_v3_1_12000_11581,I opened the app but my brain is just kind of blank right now. I am trying to separate the topic from the mood of being stuck.,,,,,no_topic,0.73,True,v3.1 early_activity_augmented; scenario=cold_start_no_topic
topic_label_v3_1_12000_11582,"nothing specific yet. I am trying to figure out what I am even asking. I might be saying it awkwardly, but the target feels real.",,,,,no_topic,0.69,True,v3.1 early_activity_augmented; scenario=cold_start_no_topic
topic_label_v3_1_12000_11583,not sure what I want to learn. I just know I am stuck. That is the version of the confusion showing up today.,,,,,no_topic,0.70,True,v3.1 early_activity_augmented; scenario=cold_start_no_topic
topic_label_v3_1_12000_11584,I opened the app but my brain is just kind of blank right now. I want the topic boundary to be right before we move on.,,,,,no_topic,0.76,True,v3.1 early_activity_augmented; scenario=cold_start_no_topic
topic_label_v3_1_12000_11585,maybe ask me something first? I do not know what the topic should be. I am not ready to name a concept.,,,,,no_topic,0.66,True,v3.1 early_activity_augmented; scenario=cold_start_no_topic
topic_label_v3_1_12000_11586,"everything feels blurry and I cannot name the thing that is wrong yet. I am not ready to name a concept. The wording is clumsy, but that is the shape of it.",,,,,no_topic,0.85,True,v3.1 early_activity_augmented; scenario=cold_start_no_topic
topic_label_v3_1_12000_11587,"not sure what I want to learn. I just know I am stuck. The wording is clumsy, but that is the shape of it.",,,,,no_topic,0.83,True,v3.1 early_activity_augmented; scenario=cold_start_no_topic
topic_label_v3_1_12000_11588,not sure what I want to learn. I just know I am stuck. This is the smallest handle I can find for it right now.,,,,,no_topic,0.82,True,v3.1 early_activity_augmented; scenario=cold_start_no_topic
topic_label_v3_1_12000_11589,"the whole page feels like fog, and I cannot tell what object to click mentally. The wording is clumsy, but that is the shape of it.",,,,,no_topic,0.79,True,v3.1 early_activity_augmented; scenario=cold_start_no_topic
topic_label_v3_1_12000_11590,nothing specific yet. I am trying to figure out what I am even asking. I am trying to separate the topic from the mood of being stuck.,,,,,no_topic,0.65,True,v3.1 early_activity_augmented; scenario=cold_start_no_topic
topic_label_v3_1_12000_11591,"the whole page feels like fog, and I cannot tell what object to click mentally. I want MyWay to treat this carefully instead of guessing too fast.",,,,,no_topic,0.70,True,v3.1 early_activity_augmented; scenario=cold_start_no_topic
topic_label_v3_1_12000_11592,"before naming a topic, can we figure out what kind of confusion this is? I want MyWay to treat this carefully instead of guessing too fast.",,,,,no_topic,0.67,True,v3.1 early_activity_augmented; scenario=cold_start_no_topic
topic_label_v3_1_12000_11593,everything feels blurry and I cannot name the thing that is wrong yet. That is probably the cleanest way I can say it for now.,,,,,no_topic,0.75,True,v3.1 early_activity_augmented; scenario=cold_start_no_topic
topic_label_v3_1_12000_11594,"I opened the app but my brain is just kind of blank right now. I might be saying it awkwardly, but the target feels real.",,,,,no_topic,0.80,True,v3.1 early_activity_augmented; scenario=cold_start_no_topic
topic_label_v3_1_12000_11595,"I have the feeling of not understanding, but no useful label for it. The app is still early in the session, so there is not much context yet.",,,,,no_topic,0.75,True,v3.1 early_activity_augmented; scenario=cold_start_no_topic
topic_label_v3_1_12000_11596,"I have the feeling of not understanding, but no useful label for it. The same question keeps coming back from a slightly different angle.",,,,,no_topic,0.72,True,v3.1 early_activity_augmented; scenario=cold_start_no_topic
topic_label_v3_1_12000_11597,"nothing specific yet. I am trying to figure out what I am even asking. The app is still early in the session, so there is not much context yet.",,,,,no_topic,0.68,True,v3.1 early_activity_augmented; scenario=cold_start_no_topic
topic_label_v3_1_12000_11598,"I have the feeling of not understanding, but no useful label for it. Maybe ask me a sorting question first. There are not many prior topics to lean on here.",,,,,no_topic,0.78,True,v3.1 early_activity_augmented; scenario=cold_start_no_topic
topic_label_v3_1_12000_11599,everything feels blurry and I cannot name the thing that is wrong yet. Please do not guess a random label from this.,,,,,no_topic,0.76,True,v3.1 early_activity_augmented; scenario=cold_start_no_topic
topic_label_v3_1_12000_11600,not sure what I want to learn. I just know I am stuck. Please do not guess a random label from this.,,,,,no_topic,0.72,True,v3.1 early_activity_augmented; scenario=cold_start_no_topic
topic_label_v3_1_12000_11601,"the whole page feels like fog, and I cannot tell what object to click mentally. The same question keeps coming back from a slightly different angle.",,,,,no_topic,0.81,True,v3.1 early_activity_augmented; scenario=cold_start_no_topic
topic_label_v3_1_12000_11602,everything feels blurry and I cannot name the thing that is wrong yet. Please do not guess a random label from this. I want MyWay to treat this carefully instead of guessing too fast.,,,,,no_topic,0.80,True,v3.1 early_activity_augmented; scenario=cold_start_no_topic
topic_label_v3_1_12000_11603,I opened the app but my brain is just kind of blank right now. That is probably the cleanest way I can say it for now.,,,,,no_topic,0.68,True,v3.1 early_activity_augmented; scenario=cold_start_no_topic
topic_label_v3_1_12000_11604,I opened the app but my brain is just kind of blank right now. This is the smallest handle I can find for it right now.,,,,,no_topic,0.77,True,v3.1 early_activity_augmented; scenario=cold_start_no_topic
topic_label_v3_1_12000_11605,not sure what I want to learn. I just know I am stuck. Please do not guess a random label from this. The same question keeps coming back from a slightly different angle.,,,,,no_topic,0.68,True,v3.1 early_activity_augmented; scenario=cold_start_no_topic
topic_label_v3_1_12000_11606,"there is a problem, but I cannot point to the concept yet. I want MyWay to treat this carefully instead of guessing too fast.",,,,,no_topic,0.76,True,v3.1 early_activity_augmented; scenario=cold_start_no_topic
topic_label_v3_1_12000_11607,"the whole page feels like fog, and I cannot tell what object to click mentally. I am trying to separate the topic from the mood of being stuck.",,,,,no_topic,0.80,True,v3.1 early_activity_augmented; scenario=cold_start_no_topic
topic_label_v3_1_12000_11608,not sure what I want to learn. I just know I am stuck. The same question keeps coming back from a slightly different angle.,,,,,no_topic,0.77,True,v3.1 early_activity_augmented; scenario=cold_start_no_topic
topic_label_v3_1_12000_11609,"the whole page feels like fog, and I cannot tell what object to click mentally. I am not ready to name a concept. I want the topic boundary to be right before we move on.",,,,,no_topic,0.79,True,v3.1 early_activity_augmented; scenario=cold_start_no_topic
topic_label_v3_1_12000_11610,"I need help choosing where to start, because I do not have a topic in mind. I am trying to separate the topic from the mood of being stuck.",,,,,no_topic,0.64,True,v3.1 early_activity_augmented; scenario=cold_start_no_topic
topic_label_v3_1_12000_11611,everything feels blurry and I cannot name the thing that is wrong yet. I want the topic boundary to be right before we move on.,,,,,no_topic,0.73,True,v3.1 early_activity_augmented; scenario=cold_start_no_topic
topic_label_v3_1_12000_11612,"before naming a topic, can we figure out what kind of confusion this is? I might be saying it awkwardly, but the target feels real.",,,,,no_topic,0.84,True,v3.1 early_activity_augmented; scenario=cold_start_no_topic
topic_label_v3_1_12000_11613,not sure what I want to learn. I just know I am stuck. That is probably the cleanest way I can say it for now.,,,,,no_topic,0.65,True,v3.1 early_activity_augmented; scenario=cold_start_no_topic
topic_label_v3_1_12000_11614,maybe ask me something first? I do not know what the topic should be. Maybe ask me a sorting question first. That is the version of the confusion showing up today.,,,,,no_topic,0.84,True,v3.1 early_activity_augmented; scenario=cold_start_no_topic
topic_label_v3_1_12000_11615,"before naming a topic, can we figure out what kind of confusion this is? I am trying to name it before it turns into a random pile of notes.",,,,,no_topic,0.66,True,v3.1 early_activity_augmented; scenario=cold_start_no_topic
topic_label_v3_1_12000_11616,"I do not want MyWay to make a random topic from this; I need help locating the issue. The wording is clumsy, but that is the shape of it.",,,,,no_topic,0.67,True,v3.1 early_activity_augmented; scenario=cold_start_no_topic
topic_label_v3_1_12000_11617,everything feels blurry and I cannot name the thing that is wrong yet. I am trying to separate the topic from the mood of being stuck.,,,,,no_topic,0.71,True,v3.1 early_activity_augmented; scenario=cold_start_no_topic
topic_label_v3_1_12000_11618,nothing specific yet. I am trying to figure out what I am even asking. I am trying to name it before it turns into a random pile of notes.,,,,,no_topic,0.65,True,v3.1 early_activity_augmented; scenario=cold_start_no_topic
topic_label_v3_1_12000_11619,nothing specific yet. I am trying to figure out what I am even asking. That is the version of the confusion showing up today.,,,,,no_topic,0.67,True,v3.1 early_activity_augmented; scenario=cold_start_no_topic
topic_label_v3_1_12000_11620,not sure what I want to learn. I just know I am stuck. I am not ready to name a concept.,,,,,no_topic,0.74,True,v3.1 early_activity_augmented; scenario=cold_start_no_topic
topic_label_v3_1_12000_11621,I opened the app but my brain is just kind of blank right now. That is the version of the confusion showing up today.,,,,,no_topic,0.68,True,v3.1 early_activity_augmented; scenario=cold_start_no_topic
topic_label_v3_1_12000_11622,maybe ask me something first? I do not know what the topic should be. That is the version of the confusion showing up today.,,,,,no_topic,0.74,True,v3.1 early_activity_augmented; scenario=cold_start_no_topic
topic_label_v3_1_12000_11623,"I need help choosing where to start, because I do not have a topic in mind. I want MyWay to treat this carefully instead of guessing too fast.",,,,,no_topic,0.85,True,v3.1 early_activity_augmented; scenario=cold_start_no_topic
topic_label_v3_1_12000_11624,"the whole page feels like fog, and I cannot tell what object to click mentally. I might be saying it awkwardly, but the target feels real.",,,,,no_topic,0.84,True,v3.1 early_activity_augmented; scenario=cold_start_no_topic
topic_label_v3_1_12000_11625,this is hard to say without sounding dramatic: I cannot find the handle on the confusion. I want MyWay to treat this carefully instead of guessing too fast.,,,,,no_topic,0.77,True,v3.1 early_activity_augmented; scenario=cold_start_no_topic
topic_label_v3_1_12000_11626,"the whole page feels like fog, and I cannot tell what object to click mentally. I am trying to name it before it turns into a random pile of notes.",,,,,no_topic,0.82,True,v3.1 early_activity_augmented; scenario=cold_start_no_topic
topic_label_v3_1_12000_11627,I opened the app but my brain is just kind of blank right now. I am not ready to name a concept. This is the smallest handle I can find for it right now.,,,,,no_topic,0.65,True,v3.1 early_activity_augmented; scenario=cold_start_no_topic
topic_label_v3_1_12000_11628,I opened the app but my brain is just kind of blank right now. Please do not guess a random label from this.,,,,,no_topic,0.69,True,v3.1 early_activity_augmented; scenario=cold_start_no_topic
topic_label_v3_1_12000_11629,"before naming a topic, can we figure out what kind of confusion this is? The wording is clumsy, but that is the shape of it.",,,,,no_topic,0.78,True,v3.1 early_activity_augmented; scenario=cold_start_no_topic
topic_label_v3_1_12000_11630,this is hard to say without sounding dramatic: I cannot find the handle on the confusion. I am trying to name it before it turns into a random pile of notes.,,,,,no_topic,0.73,True,v3.1 early_activity_augmented; scenario=cold_start_no_topic
topic_label_v3_1_12000_11631,"the whole page feels like fog, and I cannot tell what object to click mentally. Please do not guess a random label from this. I am trying to name it before it turns into a random pile of notes.",,,,,no_topic,0.73,True,v3.1 early_activity_augmented; scenario=cold_start_no_topic
topic_label_v3_1_12000_11632,"I need help choosing where to start, because I do not have a topic in mind. Maybe ask me a sorting question first.",,,,,no_topic,0.85,True,v3.1 early_activity_augmented; scenario=cold_start_no_topic
topic_label_v3_1_12000_11633,"I have the feeling of not understanding, but no useful label for it. There are not many prior topics to lean on here.",,,,,no_topic,0.81,True,v3.1 early_activity_augmented; scenario=cold_start_no_topic
topic_label_v3_1_12000_11634,"I need help choosing where to start, because I do not have a topic in mind. Please do not guess a random label from this. This is the smallest handle I can find for it right now.",,,,,no_topic,0.65,True,v3.1 early_activity_augmented; scenario=cold_start_no_topic
topic_label_v3_1_12000_11635,I opened the app but my brain is just kind of blank right now. The same question keeps coming back from a slightly different angle.,,,,,no_topic,0.78,True,v3.1 early_activity_augmented; scenario=cold_start_no_topic
topic_label_v3_1_12000_11636,nothing specific yet. I am trying to figure out what I am even asking. I want MyWay to treat this carefully instead of guessing too fast.,,,,,no_topic,0.69,True,v3.1 early_activity_augmented; scenario=cold_start_no_topic
topic_label_v3_1_12000_11637,"before naming a topic, can we figure out what kind of confusion this is? There are not many prior topics to lean on here.",,,,,no_topic,0.80,True,v3.1 early_activity_augmented; scenario=cold_start_no_topic
topic_label_v3_1_12000_11638,"I need help choosing where to start, because I do not have a topic in mind. This is the smallest handle I can find for it right now.",,,,,no_topic,0.74,True,v3.1 early_activity_augmented; scenario=cold_start_no_topic
topic_label_v3_1_12000_11639,"before naming a topic, can we figure out what kind of confusion this is? Please do not guess a random label from this. I want the topic boundary to be right before we move on.",,,,,no_topic,0.72,True,v3.1 early_activity_augmented; scenario=cold_start_no_topic
topic_label_v3_1_12000_11640,"this is hard to say without sounding dramatic: I cannot find the handle on the confusion. Please do not guess a random label from this. The wording is clumsy, but that is the shape of it.",,,,,no_topic,0.84,True,v3.1 early_activity_augmented; scenario=cold_start_no_topic
topic_label_v3_1_12000_11641,this is hard to say without sounding dramatic: I cannot find the handle on the confusion. Please do not guess a random label from this. This is the smallest handle I can find for it right now.,,,,,no_topic,0.70,True,v3.1 early_activity_augmented; scenario=cold_start_no_topic
topic_label_v3_1_12000_11642,"I need help choosing where to start, because I do not have a topic in mind. Maybe ask me a sorting question first. The same question keeps coming back from a slightly different angle.",,,,,no_topic,0.82,True,v3.1 early_activity_augmented; scenario=cold_start_no_topic
topic_label_v3_1_12000_11643,everything feels blurry and I cannot name the thing that is wrong yet. Maybe ask me a sorting question first.,,,,,no_topic,0.78,True,v3.1 early_activity_augmented; scenario=cold_start_no_topic
topic_label_v3_1_12000_11644,maybe ask me something first? I do not know what the topic should be. There are not many prior topics to lean on here.,,,,,no_topic,0.83,True,v3.1 early_activity_augmented; scenario=cold_start_no_topic
topic_label_v3_1_12000_11645,"before naming a topic, can we figure out what kind of confusion this is? I want the topic boundary to be right before we move on.",,,,,no_topic,0.86,True,v3.1 early_activity_augmented; scenario=cold_start_no_topic
topic_label_v3_1_12000_11646,this is hard to say without sounding dramatic: I cannot find the handle on the confusion. That is probably the cleanest way I can say it for now.,,,,,no_topic,0.78,True,v3.1 early_activity_augmented; scenario=cold_start_no_topic
topic_label_v3_1_12000_11647,"before naming a topic, can we figure out what kind of confusion this is? This is the smallest handle I can find for it right now.",,,,,no_topic,0.71,True,v3.1 early_activity_augmented; scenario=cold_start_no_topic
topic_label_v3_1_12000_11648,nothing specific yet. I am trying to figure out what I am even asking. There are not many prior topics to lean on here.,,,,,no_topic,0.82,True,v3.1 early_activity_augmented; scenario=cold_start_no_topic
topic_label_v3_1_12000_11649,this is hard to say without sounding dramatic: I cannot find the handle on the confusion. I am not ready to name a concept.,,,,,no_topic,0.67,True,v3.1 early_activity_augmented; scenario=cold_start_no_topic
topic_label_v3_1_12000_11650,this is hard to say without sounding dramatic: I cannot find the handle on the confusion. I am trying to separate the topic from the mood of being stuck.,,,,,no_topic,0.84,True,v3.1 early_activity_augmented; scenario=cold_start_no_topic
topic_label_v3_1_12000_11651,"there is a problem, but I cannot point to the concept yet. I am not ready to name a concept. The same question keeps coming back from a slightly different angle.",,,,,no_topic,0.81,True,v3.1 early_activity_augmented; scenario=cold_start_no_topic
topic_label_v3_1_12000_11652,"before naming a topic, can we figure out what kind of confusion this is? That is probably the cleanest way I can say it for now.",,,,,no_topic,0.65,True,v3.1 early_activity_augmented; scenario=cold_start_no_topic
topic_label_v3_1_12000_11653,"I have the feeling of not understanding, but no useful label for it. I am not ready to name a concept. This is the smallest handle I can find for it right now.",,,,,no_topic,0.77,True,v3.1 early_activity_augmented; scenario=cold_start_no_topic
topic_label_v3_1_12000_11654,"the whole page feels like fog, and I cannot tell what object to click mentally. The app is still early in the session, so there is not much context yet.",,,,,no_topic,0.68,True,v3.1 early_activity_augmented; scenario=cold_start_no_topic
topic_label_v3_1_12000_11655,"I have the feeling of not understanding, but no useful label for it. Please do not guess a random label from this. The same question keeps coming back from a slightly different angle.",,,,,no_topic,0.70,True,v3.1 early_activity_augmented; scenario=cold_start_no_topic
topic_label_v3_1_12000_11656,maybe ask me something first? I do not know what the topic should be. Maybe ask me a sorting question first. I am trying to separate the topic from the mood of being stuck.,,,,,no_topic,0.64,True,v3.1 early_activity_augmented; scenario=cold_start_no_topic
topic_label_v3_1_12000_11657,everything feels blurry and I cannot name the thing that is wrong yet. Please do not guess a random label from this. This is the smallest handle I can find for it right now.,,,,,no_topic,0.67,True,v3.1 early_activity_augmented; scenario=cold_start_no_topic
topic_label_v3_1_12000_11658,"this is hard to say without sounding dramatic: I cannot find the handle on the confusion. I might be saying it awkwardly, but the target feels real.",,,,,no_topic,0.85,True,v3.1 early_activity_augmented; scenario=cold_start_no_topic
topic_label_v3_1_12000_11659,this is hard to say without sounding dramatic: I cannot find the handle on the confusion. Maybe ask me a sorting question first. That is the version of the confusion showing up today.,,,,,no_topic,0.71,True,v3.1 early_activity_augmented; scenario=cold_start_no_topic
topic_label_v3_1_12000_11660,"I have the feeling of not understanding, but no useful label for it. The wording is clumsy, but that is the shape of it.",,,,,no_topic,0.67,True,v3.1 early_activity_augmented; scenario=cold_start_no_topic
topic_label_v3_1_12000_11661,nothing specific yet. I am trying to figure out what I am even asking.,,Utilitarianism | Encryption,,,no_topic,0.63,True,v3.1 early_activity_augmented; scenario=early_state_no_topic_with_topic_list
topic_label_v3_1_12000_11662,"I need help choosing where to start, because I do not have a topic in mind.",Camera Framing,Camera Framing,,,no_topic,0.69,True,v3.1 early_activity_augmented; scenario=early_state_no_topic_with_topic_list
topic_label_v3_1_12000_11663,not sure what I want to learn. I just know I am stuck.,REST APIs,REST APIs,,,no_topic,0.77,True,v3.1 early_activity_augmented; scenario=early_state_no_topic_with_topic_list
topic_label_v3_1_12000_11664,"before naming a topic, can we figure out what kind of confusion this is?",,Angular Momentum,,,no_topic,0.72,True,v3.1 early_activity_augmented; scenario=early_state_no_topic_with_topic_list
topic_label_v3_1_12000_11665,I opened the app but my brain is just kind of blank right now.,,Liability | Credit Card Interest | Voltage vs Current,,,no_topic,0.81,True,v3.1 early_activity_augmented; scenario=early_state_no_topic_with_topic_list
topic_label_v3_1_12000_11666,everything feels blurry and I cannot name the thing that is wrong yet.,,Map Scale,,,no_topic,0.65,True,v3.1 early_activity_augmented; scenario=early_state_no_topic_with_topic_list
topic_label_v3_1_12000_11667,"there is a problem, but I cannot point to the concept yet.",,Angular Momentum,,,no_topic,0.70,True,v3.1 early_activity_augmented; scenario=early_state_no_topic_with_topic_list
topic_label_v3_1_12000_11668,"there is a problem, but I cannot point to the concept yet.",Cognitive Load,Cognitive Load | Virtue Ethics | Carbon Cycle,That sounded clear for five seconds and then disappeared.,,no_topic,0.81,True,v3.1 early_activity_augmented; scenario=early_state_no_topic_with_topic_list
topic_label_v3_1_12000_11669,I do not want MyWay to make a random topic from this; I need help locating the issue.,,Regression Lines | JavaScript Promises,"The first version made sense, then the second version made me realize I did not actually get the first one.",,no_topic,0.79,True,v3.1 early_activity_augmented; scenario=early_state_no_topic_with_topic_list
topic_label_v3_1_12000_11670,everything feels blurry and I cannot name the thing that is wrong yet.,,Treaty of Versailles | Amortization,"I can follow it while looking at the example, but I lose it when the wording changes.",,no_topic,0.68,True,v3.1 early_activity_augmented; scenario=early_state_no_topic_with_topic_list
topic_label_v3_1_12000_11671,"before naming a topic, can we figure out what kind of confusion this is?",,Le Chatelier's Principle | Angular Momentum,What would make this obvious if I saw it somewhere else?,,no_topic,0.83,True,v3.1 early_activity_augmented; scenario=early_state_no_topic_with_topic_list
topic_label_v3_1_12000_11672,"the whole page feels like fog, and I cannot tell what object to click mentally.",OAuth Flow,OAuth Flow,,,no_topic,0.62,True,v3.1 early_activity_augmented; scenario=early_state_no_topic_with_topic_list
topic_label_v3_1_12000_11673,"before naming a topic, can we figure out what kind of confusion this is?",Copyright Fair Use,Copyright Fair Use,"I can recognize it after I see it, but I cannot produce it myself.",,no_topic,0.83,True,v3.1 early_activity_augmented; scenario=early_state_no_topic_with_topic_list
topic_label_v3_1_12000_11674,I opened the app but my brain is just kind of blank right now.,Voltage vs Current,Voltage vs Current | Idioms | Statistical Significance,,,no_topic,0.82,True,v3.1 early_activity_augmented; scenario=early_state_no_topic_with_topic_list
topic_label_v3_1_12000_11675,this is hard to say without sounding dramatic: I cannot find the handle on the confusion.,,Linear Equations | Tax Forms | Food Webs,I might be missing the middle step.,,no_topic,0.84,True,v3.1 early_activity_augmented; scenario=early_state_no_topic_with_topic_list
topic_label_v3_1_12000_11676,"I have the feeling of not understanding, but no useful label for it.",,Tire Pressure,,,no_topic,0.63,True,v3.1 early_activity_augmented; scenario=early_state_no_topic_with_topic_list
topic_label_v3_1_12000_11677,I do not want MyWay to make a random topic from this; I need help locating the issue.,Cell Membrane Transport,Cell Membrane Transport | Mole Concept | Tax Forms,"The example helped a little, but I still cannot transfer it.",,no_topic,0.72,True,v3.1 early_activity_augmented; scenario=early_state_no_topic_with_topic_list
topic_label_v3_1_12000_11678,nothing specific yet. I am trying to figure out what I am even asking.,,Electron Configuration | Emotional Regulation | Spanish Pronouns,I keep mixing this up with the nearby idea.,,no_topic,0.78,True,v3.1 early_activity_augmented; scenario=early_state_no_topic_with_topic_list
topic_label_v3_1_12000_11679,maybe ask me something first? I do not know what the topic should be.,,Meal Planning | Correlation vs Causation,I might be missing the middle step.,,no_topic,0.70,True,v3.1 early_activity_augmented; scenario=early_state_no_topic_with_topic_list
topic_label_v3_1_12000_11680,"before naming a topic, can we figure out what kind of confusion this is?",,Renewable Energy Grid | Latitude vs Longitude | Derivatives,I am trying not to memorize the surface pattern.,,no_topic,0.69,True,v3.1 early_activity_augmented; scenario=early_state_no_topic_with_topic_list
topic_label_v3_1_12000_11681,"I have the feeling of not understanding, but no useful label for it.",Profit Margin,Separation of Powers | Profit Margin | Simple Harmonic Motion,"The example helped a little, but I still cannot transfer it.",,no_topic,0.65,True,v3.1 early_activity_augmented; scenario=early_state_no_topic_with_topic_list
topic_label_v3_1_12000_11682,not sure what I want to learn. I just know I am stuck.,,Allergies,,,no_topic,0.73,True,v3.1 early_activity_augmented; scenario=early_state_no_topic_with_topic_list
topic_label_v3_1_12000_11683,I do not want MyWay to make a random topic from this; I need help locating the issue.,,Preterite vs Imperfect | Engines | Allergies,,,no_topic,0.67,True,v3.1 early_activity_augmented; scenario=early_state_no_topic_with_topic_list
topic_label_v3_1_12000_11684,not sure what I want to learn. I just know I am stuck.,,Doppler Effect | Lighting Ratios | Insurance Deductible,I tried making my own example and it immediately got messy.,,no_topic,0.73,True,v3.1 early_activity_augmented; scenario=early_state_no_topic_with_topic_list
topic_label_v3_1_12000_11685,maybe ask me something first? I do not know what the topic should be.,,TypeScript Generics | Password Hashing | French Pronunciation,I tried making my own example and it immediately got messy.,,no_topic,0.82,True,v3.1 early_activity_augmented; scenario=early_state_no_topic_with_topic_list
topic_label_v3_1_12000_11686,"there is a problem, but I cannot point to the concept yet.",Circuit Breakers,Supply and Demand | Circuit Breakers | Cloud Formation,,,no_topic,0.83,True,v3.1 early_activity_augmented; scenario=early_state_no_topic_with_topic_list
topic_label_v3_1_12000_11687,"I need help choosing where to start, because I do not have a topic in mind.",Credit Card Interest,Defamation | Environment Variables | Credit Card Interest,I keep mixing this up with the nearby idea.,,no_topic,0.74,True,v3.1 early_activity_augmented; scenario=early_state_no_topic_with_topic_list
topic_label_v3_1_12000_11688,"before naming a topic, can we figure out what kind of confusion this is?",,False Cognates | Checks and Balances | Residuals,"The answer is there, but I do not know why it is the answer.",,no_topic,0.68,True,v3.1 early_activity_augmented; scenario=early_state_no_topic_with_topic_list
topic_label_v3_1_12000_11689,"there is a problem, but I cannot point to the concept yet.",,Deductive Reasoning | Cash Flow | Chord Progressions,,,no_topic,0.71,True,v3.1 early_activity_augmented; scenario=early_state_no_topic_with_topic_list
topic_label_v3_1_12000_11690,this is hard to say without sounding dramatic: I cannot find the handle on the confusion.,,OAuth Flow,"The answer is there, but I do not know why it is the answer.",,no_topic,0.72,True,v3.1 early_activity_augmented; scenario=early_state_no_topic_with_topic_list
topic_label_v3_1_12000_11691,not sure what I want to learn. I just know I am stuck.,,Virtue Ethics | Free Body Diagrams,I might be missing the middle step.,,no_topic,0.83,True,v3.1 early_activity_augmented; scenario=early_state_no_topic_with_topic_list
topic_label_v3_1_12000_11692,nothing specific yet. I am trying to figure out what I am even asking.,,Amortization | Free Will | Chain Rule,That sounded clear for five seconds and then disappeared.,,no_topic,0.76,True,v3.1 early_activity_augmented; scenario=early_state_no_topic_with_topic_list
topic_label_v3_1_12000_11693,"before naming a topic, can we figure out what kind of confusion this is?",,Typography | Camera Framing,,,no_topic,0.82,True,v3.1 early_activity_augmented; scenario=early_state_no_topic_with_topic_list
topic_label_v3_1_12000_11694,"before naming a topic, can we figure out what kind of confusion this is?",,Color Contrast,I do not need more facts yet; I need the shape of it.,,no_topic,0.65,True,v3.1 early_activity_augmented; scenario=early_state_no_topic_with_topic_list
topic_label_v3_1_12000_11695,this is hard to say without sounding dramatic: I cannot find the handle on the confusion.,,Word Order in Spanish,I want to know what to pay attention to first.,,no_topic,0.65,True,v3.1 early_activity_augmented; scenario=early_state_no_topic_with_topic_list
topic_label_v3_1_12000_11696,"I have the feeling of not understanding, but no useful label for it.",,Tidal Energy,,,no_topic,0.62,True,v3.1 early_activity_augmented; scenario=early_state_no_topic_with_topic_list
topic_label_v3_1_12000_11697,"I have the feeling of not understanding, but no useful label for it.",Caching,Insurance Deductible | Caching | Churn Rate,,,no_topic,0.69,True,v3.1 early_activity_augmented; scenario=early_state_no_topic_with_topic_list
topic_label_v3_1_12000_11698,not sure what I want to learn. I just know I am stuck.,Cell Membrane Transport,Cell Membrane Transport,,,no_topic,0.81,True,v3.1 early_activity_augmented; scenario=early_state_no_topic_with_topic_list
topic_label_v3_1_12000_11699,not sure what I want to learn. I just know I am stuck.,Neural Networks,Immune Memory | Neural Networks,I do not need more facts yet; I need the shape of it.,,no_topic,0.67,True,v3.1 early_activity_augmented; scenario=early_state_no_topic_with_topic_list
topic_label_v3_1_12000_11700,nothing specific yet. I am trying to figure out what I am even asking.,Circadian Rhythm,Circadian Rhythm | Electron Configuration | Supply and Demand,"The example helped a little, but I still cannot transfer it.",,no_topic,0.67,True,v3.1 early_activity_augmented; scenario=early_state_no_topic_with_topic_list
topic_label_v3_1_12000_11701,"there is a problem, but I cannot point to the concept yet.",Carbon Cycle,Cold War Proxy Wars | Chain Rule | Carbon Cycle,,,no_topic,0.71,True,v3.1 early_activity_augmented; scenario=early_state_no_topic_with_topic_list
topic_label_v3_1_12000_11702,"there is a problem, but I cannot point to the concept yet.",,Profit Margin | Blood Pressure Regulation | Correlation vs Causation,,,no_topic,0.73,True,v3.1 early_activity_augmented; scenario=early_state_no_topic_with_topic_list
topic_label_v3_1_12000_11703,not sure what I want to learn. I just know I am stuck.,Bayes Theorem,TypeScript Generics | Bayes Theorem,What would make this obvious if I saw it somewhere else?,,no_topic,0.74,True,v3.1 early_activity_augmented; scenario=early_state_no_topic_with_topic_list
topic_label_v3_1_12000_11704,not sure what I want to learn. I just know I am stuck.,Carbon Cycle,Latitude vs Longitude | Carbon Cycle,What would make this obvious if I saw it somewhere else?,,no_topic,0.72,True,v3.1 early_activity_augmented; scenario=early_state_no_topic_with_topic_list
topic_label_v3_1_12000_11705,"the whole page feels like fog, and I cannot tell what object to click mentally.",Free Body Diagrams,Free Body Diagrams | Topic Sentences | Voltage vs Current,That sounded clear for five seconds and then disappeared.,,no_topic,0.82,True,v3.1 early_activity_augmented; scenario=early_state_no_topic_with_topic_list
topic_label_v3_1_12000_11706,not sure what I want to learn. I just know I am stuck.,,Preterite vs Imperfect | Unit Economics | OAuth Flow,,,no_topic,0.84,True,v3.1 early_activity_augmented; scenario=early_state_no_topic_with_topic_list
topic_label_v3_1_12000_11707,"I have the feeling of not understanding, but no useful label for it.",,Wireframes | Liability,"The first version made sense, then the second version made me realize I did not actually get the first one.",,no_topic,0.76,True,v3.1 early_activity_augmented; scenario=early_state_no_topic_with_topic_list
topic_label_v3_1_12000_11708,"I have the feeling of not understanding, but no useful label for it.",Derivatives,Derivatives,"The example helped a little, but I still cannot transfer it.",,no_topic,0.69,True,v3.1 early_activity_augmented; scenario=early_state_no_topic_with_topic_list
topic_label_v3_1_12000_11709,nothing specific yet. I am trying to figure out what I am even asking.,,Conceptual Analysis | Fractions | Statistical Significance,I am trying not to memorize the surface pattern.,,no_topic,0.62,True,v3.1 early_activity_augmented; scenario=early_state_no_topic_with_topic_list
topic_label_v3_1_12000_11710,this is hard to say without sounding dramatic: I cannot find the handle on the confusion.,,Civil Liberties vs Civil Rights | Regression Lines | Word Order in Spanish,"I can recognize it after I see it, but I cannot produce it myself.",,no_topic,0.82,True,v3.1 early_activity_augmented; scenario=early_state_no_topic_with_topic_list
topic_label_v3_1_12000_11711,I do not want MyWay to make a random topic from this; I need help locating the issue.,Credit Card Interest,Credit Card Interest,"The first version made sense, then the second version made me realize I did not actually get the first one.",,no_topic,0.79,True,v3.1 early_activity_augmented; scenario=early_state_no_topic_with_topic_list
topic_label_v3_1_12000_11712,"I need help choosing where to start, because I do not have a topic in mind.",,Topic Sentences | Copyright Fair Use | Simple Harmonic Motion,,,no_topic,0.63,True,v3.1 early_activity_augmented; scenario=early_state_no_topic_with_topic_list
topic_label_v3_1_12000_11713,this is hard to say without sounding dramatic: I cannot find the handle on the confusion.,Word Order in Spanish,Word Order in Spanish,,,no_topic,0.66,True,v3.1 early_activity_augmented; scenario=early_state_no_topic_with_topic_list
topic_label_v3_1_12000_11714,not sure what I want to learn. I just know I am stuck.,,Cloud Formation | Moral Luck | Allergies,"I can recognize it after I see it, but I cannot produce it myself.",,no_topic,0.67,True,v3.1 early_activity_augmented; scenario=early_state_no_topic_with_topic_list
topic_label_v3_1_12000_11715,"there is a problem, but I cannot point to the concept yet.",Treaty of Versailles,Treaty of Versailles,,,no_topic,0.76,True,v3.1 early_activity_augmented; scenario=early_state_no_topic_with_topic_list
topic_label_v3_1_12000_11716,"there is a problem, but I cannot point to the concept yet.",,Stoichiometry | Deontology,,,no_topic,0.62,True,v3.1 early_activity_augmented; scenario=early_state_no_topic_with_topic_list
topic_label_v3_1_12000_11717,"before naming a topic, can we figure out what kind of confusion this is?",Chemical Equilibrium,Chemical Equilibrium,Can we make it less abstract?,,no_topic,0.82,True,v3.1 early_activity_augmented; scenario=early_state_no_topic_with_topic_list
topic_label_v3_1_12000_11718,"there is a problem, but I cannot point to the concept yet.",,OAuth Flow | Circuit Breakers | Cell Membrane Transport,What would make this obvious if I saw it somewhere else?,,no_topic,0.68,True,v3.1 early_activity_augmented; scenario=early_state_no_topic_with_topic_list
topic_label_v3_1_12000_11719,I opened the app but my brain is just kind of blank right now.,,Industrial Revolution,,,no_topic,0.68,True,v3.1 early_activity_augmented; scenario=early_state_no_topic_with_topic_list
topic_label_v3_1_12000_11720,"I have the feeling of not understanding, but no useful label for it.",Tire Pressure,Circle of Fifths | Tire Pressure | Utilitarianism,"I can recognize it after I see it, but I cannot produce it myself.",,no_topic,0.78,True,v3.1 early_activity_augmented; scenario=early_state_no_topic_with_topic_list
topic_label_v3_1_12000_11721,nothing specific yet. I am trying to figure out what I am even asking.,Mitosis vs Meiosis,Mitosis vs Meiosis | Typography | Blind Spot Checks,,,no_topic,0.78,True,v3.1 early_activity_augmented; scenario=early_state_no_topic_with_topic_list
topic_label_v3_1_12000_11722,"before naming a topic, can we figure out what kind of confusion this is?",Wave-Particle Duality,Wave-Particle Duality,I tried making my own example and it immediately got messy.,,no_topic,0.75,True,v3.1 early_activity_augmented; scenario=early_state_no_topic_with_topic_list
topic_label_v3_1_12000_11723,maybe ask me something first? I do not know what the topic should be.,,Discourse Markers | Food Webs,,,no_topic,0.71,True,v3.1 early_activity_augmented; scenario=early_state_no_topic_with_topic_list
topic_label_v3_1_12000_11724,"there is a problem, but I cannot point to the concept yet.",Supply and Demand,Supply and Demand,I want to know what to pay attention to first.,,no_topic,0.77,True,v3.1 early_activity_augmented; scenario=early_state_no_topic_with_topic_list
topic_label_v3_1_12000_11725,maybe ask me something first? I do not know what the topic should be.,,Integrals | Cognitive Load | Close Reading,,,no_topic,0.76,True,v3.1 early_activity_augmented; scenario=early_state_no_topic_with_topic_list
topic_label_v3_1_12000_11726,nothing specific yet. I am trying to figure out what I am even asking.,,Decision Fatigue | Moral Luck,"The first version made sense, then the second version made me realize I did not actually get the first one.",,no_topic,0.73,True,v3.1 early_activity_augmented; scenario=early_state_no_topic_with_topic_list
topic_label_v3_1_12000_11727,maybe ask me something first? I do not know what the topic should be.,,Spanish Pronouns,,,no_topic,0.80,True,v3.1 early_activity_augmented; scenario=early_state_no_topic_with_topic_list
topic_label_v3_1_12000_11728,this is hard to say without sounding dramatic: I cannot find the handle on the confusion.,,Rate Limits | Stoichiometry | Chemical Equilibrium,I am trying not to memorize the surface pattern.,,no_topic,0.68,True,v3.1 early_activity_augmented; scenario=early_state_no_topic_with_topic_list
topic_label_v3_1_12000_11729,"there is a problem, but I cannot point to the concept yet.",Air Pressure Systems,Inventory Turnover | Air Pressure Systems,"I can follow it while looking at the example, but I lose it when the wording changes.",,no_topic,0.63,True,v3.1 early_activity_augmented; scenario=early_state_no_topic_with_topic_list
topic_label_v3_1_12000_11730,"I have the feeling of not understanding, but no useful label for it.",,Typography,I tried making my own example and it immediately got messy.,,no_topic,0.66,True,v3.1 early_activity_augmented; scenario=early_state_no_topic_with_topic_list
topic_label_v3_1_12000_11731,"there is a problem, but I cannot point to the concept yet.",,Fractions | TypeScript Generics,,,no_topic,0.77,True,v3.1 early_activity_augmented; scenario=early_state_no_topic_with_topic_list
topic_label_v3_1_12000_11732,I opened the app but my brain is just kind of blank right now.,,Unit Economics | Measuring Ingredients,I am trying not to memorize the surface pattern.,,no_topic,0.78,True,v3.1 early_activity_augmented; scenario=early_state_no_topic_with_topic_list
topic_label_v3_1_12000_11733,I opened the app but my brain is just kind of blank right now.,Air Pressure Systems,Air Pressure Systems | REST APIs,,,no_topic,0.83,True,v3.1 early_activity_augmented; scenario=early_state_no_topic_with_topic_list
topic_label_v3_1_12000_11734,"before naming a topic, can we figure out what kind of confusion this is?",,Room Acoustics,,,no_topic,0.79,True,v3.1 early_activity_augmented; scenario=early_state_no_topic_with_topic_list
topic_label_v3_1_12000_11735,"I have the feeling of not understanding, but no useful label for it.",,Historical Significance | Air Pressure Systems | Close Reading,,,no_topic,0.65,True,v3.1 early_activity_augmented; scenario=early_state_no_topic_with_topic_list
topic_label_v3_1_12000_11736,"I need help choosing where to start, because I do not have a topic in mind.",,False Cognates | Churn Rate,,,no_topic,0.70,True,v3.1 early_activity_augmented; scenario=early_state_no_topic_with_topic_list
topic_label_v3_1_12000_11737,"before naming a topic, can we figure out what kind of confusion this is?",,Knife Skills | Covalent Bonding | Ecological Succession,,,no_topic,0.64,True,v3.1 early_activity_augmented; scenario=early_state_no_topic_with_topic_list
topic_label_v3_1_12000_11738,this is hard to say without sounding dramatic: I cannot find the handle on the confusion.,,Normal Distribution,That sounded clear for five seconds and then disappeared.,,no_topic,0.75,True,v3.1 early_activity_augmented; scenario=early_state_no_topic_with_topic_list
topic_label_v3_1_12000_11739,not sure what I want to learn. I just know I am stuck.,Sodium-Potassium Pump,Sodium-Potassium Pump,,,no_topic,0.84,True,v3.1 early_activity_augmented; scenario=early_state_no_topic_with_topic_list
topic_label_v3_1_12000_11740,I opened the app but my brain is just kind of blank right now.,Treaty of Versailles,Treaty of Versailles | One-Point Perspective,That sounded clear for five seconds and then disappeared.,,no_topic,0.69,True,v3.1 early_activity_augmented; scenario=early_state_no_topic_with_topic_list
topic_label_v3_1_12000_11741,everything feels blurry and I cannot name the thing that is wrong yet.,Chord Progressions,Knife Skills | Laundry Symbols | Chord Progressions,,,no_topic,0.79,True,v3.1 early_activity_augmented; scenario=early_state_no_topic_with_topic_list
topic_label_v3_1_12000_11742,I opened the app but my brain is just kind of blank right now.,Torque,Torque,,,no_topic,0.72,True,v3.1 early_activity_augmented; scenario=early_state_no_topic_with_topic_list
topic_label_v3_1_12000_11743,"the whole page feels like fog, and I cannot tell what object to click mentally.",,Gas Laws | Conceptual Analysis | Overfitting,,,no_topic,0.75,True,v3.1 early_activity_augmented; scenario=early_state_no_topic_with_topic_list
topic_label_v3_1_12000_11744,"before naming a topic, can we figure out what kind of confusion this is?",Regression Lines,Regression Lines,,,no_topic,0.83,True,v3.1 early_activity_augmented; scenario=early_state_no_topic_with_topic_list
topic_label_v3_1_12000_11745,"I have the feeling of not understanding, but no useful label for it.",Trigonometry,Trigonometry,,,no_topic,0.63,True,v3.1 early_activity_augmented; scenario=early_state_no_topic_with_topic_list
topic_label_v3_1_12000_11746,"there is a problem, but I cannot point to the concept yet.",,Rate Limits,Can we make it less abstract?,,no_topic,0.67,True,v3.1 early_activity_augmented; scenario=early_state_no_topic_with_topic_list
topic_label_v3_1_12000_11747,"there is a problem, but I cannot point to the concept yet.",,Attention Mechanism | Problem of Induction,"The answer is there, but I do not know why it is the answer.",,no_topic,0.84,True,v3.1 early_activity_augmented; scenario=early_state_no_topic_with_topic_list
topic_label_v3_1_12000_11748,"I need help choosing where to start, because I do not have a topic in mind.",,Churn Rate | Electric Fields,Can we make it less abstract?,,no_topic,0.69,True,v3.1 early_activity_augmented; scenario=early_state_no_topic_with_topic_list
topic_label_v3_1_12000_11749,"I need help choosing where to start, because I do not have a topic in mind.",Trigonometry,Deductive Reasoning | Trigonometry,"The first version made sense, then the second version made me realize I did not actually get the first one.",,no_topic,0.78,True,v3.1 early_activity_augmented; scenario=early_state_no_topic_with_topic_list
topic_label_v3_1_12000_11750,everything feels blurry and I cannot name the thing that is wrong yet.,Training Data Bias,Cold War Proxy Wars | DNA Replication | Training Data Bias,,,no_topic,0.83,True,v3.1 early_activity_augmented; scenario=early_state_no_topic_with_topic_list
topic_label_v3_1_12000_11751,this is hard to say without sounding dramatic: I cannot find the handle on the confusion.,Civil Liberties vs Civil Rights,Valid vs Sound Arguments | Encryption | Visual Hierarchy | Resonance | Test Anxiety | Meal Planning | Civil Liberties vs Civil Rights | Profit Margin | Inventory Turnover | Free Will,Can we make it less abstract?,,no_topic,0.83,True,v3.1 early_activity_augmented; scenario=many_topic_no_topic
topic_label_v3_1_12000_11752,"I have the feeling of not understanding, but no useful label for it.",API Routes,Dopamine | Problem of Induction | Enzyme Specificity | Free Body Diagrams | Terminal Velocity | Caching | Gesture Drawing | Natural Selection | Fractions | Training Data Bias | Liability | Memorization vs Understanding | Civil Liberties vs Civil Rights | World War I Causes | Photosynthesis | Renewable Energy Grid | Profit Margin | French Pronunciation | Torque | Color Contrast | Deontology | Word Order in Spanish | Circuit Breakers | Chemical Equilibrium | Camera Framing | Circadian Rhythm | Le Chatelier's Principle | API Routes | Cash Flow | REST APIs,I keep mixing this up with the nearby idea.,,no_topic,0.83,True,v3.1 early_activity_augmented; scenario=many_topic_no_topic
topic_label_v3_1_12000_11753,nothing specific yet. I am trying to figure out what I am even asking.,Vector Search,Plea Bargains | Deontology | Cell Membrane Transport | Blind Spot Checks | Allergies | Synaptic Transmission | Executive Orders | Caching | Encryption | Privacy Rights | Budgeting | Biodiversity | False Cognates | Vector Search | Storyboarding | Industrial Revolution | Battery Chemistry | Conversion Funnel | Contract Law Basics | Topic Sentences,,,no_topic,0.73,True,v3.1 early_activity_augmented; scenario=many_topic_no_topic
topic_label_v3_1_12000_11754,"this is hard to say without sounding dramatic: I cannot find the handle on the confusion. The list of topics is making it worse, not better.",,Circle of Fifths | Problem of Induction | Cold War Proxy Wars | Camera Framing | Systems of Equations | Model Evaluation | Vector Search | Immune Memory | Quadratic Functions | Register in Language | Primary Source Analysis | Electricity | Pronoun Reference | Supply and Demand | Churn Rate | Integrals | Virtue Ethics | Colonialism | Category Errors | Separation of Powers,,,no_topic,0.81,True,v3.1 early_activity_augmented; scenario=many_topic_no_topic
topic_label_v3_1_12000_11755,"this is hard to say without sounding dramatic: I cannot find the handle on the confusion. The list of topics is making it worse, not better.",Torque,Webhooks | Residuals | Torque | Magnetic Induction | Doppler Effect | Category Errors | Colonialism | One-Point Perspective | World War I Causes | Transcription and Translation | Spanish Pronouns | Decision Fatigue | Ocean Currents | Virtue Ethics | Password Hashing | Cell Membrane Transport | Integrals | Checks and Balances | Tenant Rights | Air Pressure Systems,That sounded clear for five seconds and then disappeared. | What would make this obvious if I saw it somewhere else? | Can we make it less abstract?,,no_topic,0.69,True,v3.1 early_activity_augmented; scenario=many_topic_no_topic
topic_label_v3_1_12000_11756,I do not want MyWay to make a random topic from this; I need help locating the issue.,Necessary vs Sufficient Conditions,Product-Market Fit | Straw Man Arguments | Treaty of Versailles | Insurance Deductible | Circular Reasoning | Cognitive Load | Camera Framing | Colonialism | Electric Fields | Profit Margin | Necessary vs Sufficient Conditions | Stoichiometry | Webhooks | Wireframes | Decision Fatigue | Blood Pressure Regulation | Regression Lines | Food Webs | Circuit Breakers | Meal Planning,What would make this obvious if I saw it somewhere else? | I think I understand the words but not the mechanism.,,no_topic,0.74,True,v3.1 early_activity_augmented; scenario=many_topic_no_topic
topic_label_v3_1_12000_11757,nothing specific yet. I am trying to figure out what I am even asking.,Civil Liberties vs Civil Rights,Fight-or-Flight Response | Digestive Enzymes | Knife Skills | Torque | Pragmatics | French Pronunciation | Natural Selection | Civil Liberties vs Civil Rights | Angular Momentum | Product-Market Fit,"The answer is there, but I do not know why it is the answer. | I tried making my own example and it immediately got messy.",,no_topic,0.66,True,v3.1 early_activity_augmented; scenario=many_topic_no_topic
topic_label_v3_1_12000_11758,"I opened the app but my brain is just kind of blank right now. The list of topics is making it worse, not better.",,Biodiversity | Churn Rate | Decision Fatigue | Inductive Reasoning | Emergency Fund | Correlation vs Causation | Mitosis vs Meiosis | Resonance | Confidence Intervals | Climate Feedbacks | Neural Networks | Webhooks | Statistical Significance | Quadratic Functions | Kidney Filtration | Conceptual Analysis | Color Contrast | Electron Configuration | World War I Causes | Conversion Funnel,,,no_topic,0.66,True,v3.1 early_activity_augmented; scenario=many_topic_no_topic
topic_label_v3_1_12000_11759,"nothing specific yet. I am trying to figure out what I am even asking. The list of topics is making it worse, not better.",Synaptic Transmission,Pay Stubs | Idioms | Emotional Regulation | Electoral College | French Revolution Causes | Procrastination | Budgeting | Synaptic Transmission | Memorization vs Understanding | Angular Momentum | Liability | Moral Luck | Confidence Intervals | Panic Response | Propaganda | Tidal Energy | Pragmatics | Password Hashing | Bayes Theorem | Cognitive Load,I tried making my own example and it immediately got messy.,,no_topic,0.79,True,v3.1 early_activity_augmented; scenario=many_topic_no_topic
topic_label_v3_1_12000_11760,"there is a problem, but I cannot point to the concept yet. The list of topics is making it worse, not better.",Photosynthesis,Statistical Significance | Fractions | Function Notation | Terminal Velocity | Credit Card Interest | Watersheds | Electoral College | Photosynthesis | Wave-Particle Duality | Tokenization,,,no_topic,0.65,True,v3.1 early_activity_augmented; scenario=many_topic_no_topic
topic_label_v3_1_12000_11761,nothing specific yet. I am trying to figure out what I am even asking.,Treaty of Versailles,Industrial Revolution | Fight-or-Flight Response | Paragraph Transitions | Le Chatelier's Principle | Knife Sharpening | Genetic Drift | Renewable Energy Grid | Employment Standards | Primary Source Analysis | Electric Fields | Treaty of Versailles | Valid vs Sound Arguments | Password Hashing | Urban Heat Islands | API Routes | Conversion Funnel | Correlation vs Causation | Direct Objects in Spanish | Storyboarding | Immune Memory,,,no_topic,0.74,True,v3.1 early_activity_augmented; scenario=many_topic_no_topic
topic_label_v3_1_12000_11762,not sure what I want to learn. I just know I am stuck.,Circadian Rhythm,Model Evaluation | Password Hashing | Logical Fallacies | Propaganda | Test Anxiety | Emotional Regulation | Wave-Particle Duality | Electricity | Carbon Cycle | World War I Causes | Fluid Pressure | Register in Language | Virtue Ethics | Wireframes | Action Potentials | Allergies | Profit Margin | Circadian Rhythm | Mole Concept | Copyright Fair Use,I might be missing the middle step. | I am trying not to memorize the surface pattern.,,no_topic,0.71,True,v3.1 early_activity_augmented; scenario=many_topic_no_topic
topic_label_v3_1_12000_11763,"nothing specific yet. I am trying to figure out what I am even asking. The list of topics is making it worse, not better.",Map Scale,React Props | Confidence Intervals | Room Acoustics | Map Scale | Covalent Bonding | Regression Lines | World War I Causes | Insurance Deductible | Utilitarianism | Preterite vs Imperfect,"The example helped a little, but I still cannot transfer it. | I keep mixing this up with the nearby idea.",,no_topic,0.75,True,v3.1 early_activity_augmented; scenario=many_topic_no_topic
topic_label_v3_1_12000_11764,not sure what I want to learn. I just know I am stuck.,Visual Hierarchy,Inductive Reasoning | Action Potentials | Electricity | Knife Skills | Tax Forms | Hormone Regulation | Tire Pressure | Unit Economics | Regression Lines | Emergency Fund | DNA Replication | Caching | Pay Stubs | Visual Hierarchy | Biodiversity | Digestive Enzymes | Circle of Fifths | OAuth Flow | Pronoun Reference | Lighting Ratios | Churn Rate | Potential Energy | Tenant Rights | Synaptic Transmission | Reading Comprehension | Camera Framing | Overfitting | Tidal Energy | Webhooks | Profit Margin,Can we make it less abstract? | I might be missing the middle step.,,no_topic,0.72,True,v3.1 early_activity_augmented; scenario=many_topic_no_topic
topic_label_v3_1_12000_11765,"I have the feeling of not understanding, but no useful label for it. The list of topics is making it worse, not better.",Environment Variables,Blind Spot Checks | Password Hashing | French Revolution Causes | Conceptual Analysis | Product-Market Fit | Environment Variables | Terminal Velocity | Knife Skills | Circadian Rhythm | Food Webs,I keep mixing this up with the nearby idea.,,no_topic,0.63,True,v3.1 early_activity_augmented; scenario=many_topic_no_topic
topic_label_v3_1_12000_11766,"the whole page feels like fog, and I cannot tell what object to click mentally.",Electoral College,Quadratic Functions | Free Will | Liability | Simple Harmonic Motion | Food Webs | Typography | Electoral College | Circular Reasoning | Osmosis | Fractions,I do not need more facts yet; I need the shape of it. | Can we make it less abstract? | I want to know what to pay attention to first.,,no_topic,0.84,True,v3.1 early_activity_augmented; scenario=many_topic_no_topic
topic_label_v3_1_12000_11767,"everything feels blurry and I cannot name the thing that is wrong yet. The list of topics is making it worse, not better.",,Fluid Pressure | Word Order in Spanish | Environment Variables | Unit Economics | Attention Mechanism | Cognitive Load | Action Potentials | Problem of Induction | Biodiversity | Camera Framing | Food Webs | Contract Law Basics | Residuals | Discourse Markers | Pragmatics | Trigonometry | Register in Language | API Routes | Geothermal Energy | Copyright Fair Use,,,no_topic,0.70,True,v3.1 early_activity_augmented; scenario=many_topic_no_topic
topic_label_v3_1_12000_11768,maybe ask me something first? I do not know what the topic should be.,,Direct Objects in Spanish | Visual Hierarchy | Urban Heat Islands | Potential Energy | Contract Law Basics | Digestive Enzymes | Fractions | Allergies | Simple Harmonic Motion | Profit Margin | Transcription and Translation | Reading Comprehension | Cash Flow | Confidence Intervals | False Cognates | Conceptual Analysis | OAuth Flow | Fight-or-Flight Response | Shading Values | Privacy Rights | Churn Rate | Food Webs | Gesture Drawing | Executive Orders | DNA Replication | Panic Response | Resonance | Camera Framing | Chord Progressions | Lighting Ratios,I might be missing the middle step.,,no_topic,0.67,True,v3.1 early_activity_augmented; scenario=many_topic_no_topic
topic_label_v3_1_12000_11769,"maybe ask me something first? I do not know what the topic should be. The list of topics is making it worse, not better.",,Test Anxiety | Genetic Drift | Geothermal Energy | Webhooks | Storyboarding | Tax Forms | Watersheds | Kidney Filtration | Allergies | Air Pressure Systems,,,no_topic,0.82,True,v3.1 early_activity_augmented; scenario=many_topic_no_topic
topic_label_v3_1_12000_11770,"I need help choosing where to start, because I do not have a topic in mind.",Word Order in Spanish,Light as a Wave and Particle | Mitosis vs Meiosis | Test Anxiety | Encryption | Checks and Balances | Password Hashing | Word Order in Spanish | Covalent Bonding | Direct Objects in Spanish | Copyright Fair Use,Can we make it less abstract?,,no_topic,0.81,True,v3.1 early_activity_augmented; scenario=many_topic_no_topic
topic_label_v3_1_12000_11771,"there is a problem, but I cannot point to the concept yet.",Caching,Spanish Pronouns | Password Hashing | Moral Luck | Tire Pressure | Terminal Velocity | Ecological Succession | Room Acoustics | Encryption | Bayes Theorem | Passive Voice | Circadian Rhythm | Caching | French Revolution Causes | API Routes | World War I Causes | Test Anxiety | Oil Changes | Simple Harmonic Motion | Word Order in Spanish | Electron Configuration,I keep mixing this up with the nearby idea. | Can we make it less abstract?,,no_topic,0.78,True,v3.1 early_activity_augmented; scenario=many_topic_no_topic
topic_label_v3_1_12000_11772,I do not want MyWay to make a random topic from this; I need help locating the issue.,,Contract Law Basics | Necessary vs Sufficient Conditions | Circle of Fifths | Emergency Fund | Fractions | Liability | Renewable Energy Grid | Air Pressure Systems | Linear Equations | Doppler Effect | Integrals | Overfitting | REST APIs | Inductive Reasoning | Pain Signals | Knife Skills | Reinforcement Learning | Room Acoustics | Statistical Significance | Food Safety | Inflammation | Industrial Revolution | Biodiversity | Deductive Reasoning | Conversion Funnel | Churn Rate | Camera Framing | Bayes Theorem | Chain Rule | Separation of Powers,I want to know what to pay attention to first. | I might be missing the middle step.,,no_topic,0.81,True,v3.1 early_activity_augmented; scenario=many_topic_no_topic
topic_label_v3_1_12000_11773,"before naming a topic, can we figure out what kind of confusion this is? The list of topics is making it worse, not better.",Trigonometry,Mole Concept | Latitude vs Longitude | Fractions | Ecological Succession | Cloud Formation | Dependency Conflicts | Biodiversity | Dopamine | Allergies | Category Errors | Conversion Funnel | Environment Variables | Trigonometry | Burden of Proof | Civil Liberties vs Civil Rights | Electoral College | Passive Voice | Fight-or-Flight Response | Air Pressure Systems | Organic Functional Groups,,,no_topic,0.75,True,v3.1 early_activity_augmented; scenario=many_topic_no_topic
topic_label_v3_1_12000_11774,"there is a problem, but I cannot point to the concept yet. The list of topics is making it worse, not better.",Le Chatelier's Principle,Inventory Turnover | Category Errors | Register in Language | Employment Standards | Function Notation | Cash Flow | Le Chatelier's Principle | Password Hashing | Necessary vs Sufficient Conditions | Magnetic Induction,That sounded clear for five seconds and then disappeared. | I keep mixing this up with the nearby idea.,,no_topic,0.83,True,v3.1 early_activity_augmented; scenario=many_topic_no_topic
topic_label_v3_1_12000_11775,"the whole page feels like fog, and I cannot tell what object to click mentally.",Visual Hierarchy,Valid vs Sound Arguments | Utilitarianism | Separation of Powers | Electricity | Lighting Ratios | Terminal Velocity | Inflammation | Discourse Markers | Pain Signals | Cognitive Load | Knife Sharpening | React Props | Gas Laws | Action Potentials | Food Webs | French Revolution Causes | Contract Law Basics | Acids vs Bases | Fluid Pressure | Word Order in Spanish | Register in Language | Camera Framing | Supply and Demand | Doppler Effect | Gesture Drawing | Emergency Fund | Battery Chemistry | Colonialism | Confidence Intervals | Visual Hierarchy,What would make this obvious if I saw it somewhere else?,,no_topic,0.66,True,v3.1 early_activity_augmented; scenario=many_topic_no_topic
topic_label_v3_1_12000_11776,this is hard to say without sounding dramatic: I cannot find the handle on the confusion.,,French Pronunciation | Discourse Markers | Vector Search | Problem of Induction | Contract Law Basics | TypeScript Generics | Laundry Symbols | Inductive Reasoning | Historical Significance | Model Evaluation | Renewable Energy Grid | Wave-Particle Duality | Blind Spot Checks | Osmosis | Sodium-Potassium Pump | Product-Market Fit | Unit Economics | Industrial Revolution | Separation of Powers | Kinetic Energy | Action Potentials | Profit Margin | Gesture Drawing | Customer Segmentation | Paragraph Transitions | Kidney Filtration | Direct Objects in Spanish | Mitosis vs Meiosis | Room Acoustics | Market Positioning,"The answer is there, but I do not know why it is the answer.",,no_topic,0.75,True,v3.1 early_activity_augmented; scenario=many_topic_no_topic
topic_label_v3_1_12000_11777,"nothing specific yet. I am trying to figure out what I am even asking. The list of topics is making it worse, not better.",Le Chatelier's Principle,Le Chatelier's Principle | Magnetic Induction | Propaganda | JavaScript Promises | Typography | Circle of Fifths | Emergency Fund | Renewable Energy Grid | Vector Search | Deductive Reasoning,,,no_topic,0.78,True,v3.1 early_activity_augmented; scenario=many_topic_no_topic
topic_label_v3_1_12000_11778,"there is a problem, but I cannot point to the concept yet.",TypeScript Generics,Chain Rule | Logical Fallacies | Civil Liberties vs Civil Rights | Mole Concept | Cognitive Load | Register in Language | TypeScript Generics | Enzyme Specificity | Geothermal Energy | Electric Fields,I am trying not to memorize the surface pattern. | I want to know what to pay attention to first.,,no_topic,0.71,True,v3.1 early_activity_augmented; scenario=many_topic_no_topic
topic_label_v3_1_12000_11779,"this is hard to say without sounding dramatic: I cannot find the handle on the confusion. The list of topics is making it worse, not better.",,Tenant Rights | Pragmatics | Conceptual Analysis | Fight-or-Flight Response | Industrial Revolution | Electoral College | Oil Changes | Conversion Funnel | Fluid Pressure | Hormone Regulation | Valid vs Sound Arguments | Systems of Equations | Doppler Effect | Geothermal Energy | Le Chatelier's Principle | Torque | Utilitarianism | Renewable Energy Grid | Primary Source Analysis | Defamation,I might be missing the middle step. | What would make this obvious if I saw it somewhere else?,,no_topic,0.66,True,v3.1 early_activity_augmented; scenario=many_topic_no_topic
topic_label_v3_1_12000_11780,I opened the app but my brain is just kind of blank right now.,Derivatives,Emotional Regulation | Fractions | Climate Feedbacks | Normal Distribution | Chain Rule | Ecological Succession | Voltage vs Current | Executive Orders | Idioms | Renewable Energy Grid | Churn Rate | Acids vs Bases | Fluid Pressure | Privacy Rights | Virtue Ethics | Webhooks | Room Acoustics | Circadian Rhythm | Moral Luck | Shading Values | Cash Flow | Problem of Induction | Carbon Cycle | TypeScript Generics | Derivatives | Oil Changes | Photosynthesis | Function Notation | Air Pressure Systems | Allergies,"I can recognize it after I see it, but I cannot produce it myself. | The example helped a little, but I still cannot transfer it.",,no_topic,0.63,True,v3.1 early_activity_augmented; scenario=many_topic_no_topic
topic_label_v3_1_12000_11781,"maybe ask me something first? I do not know what the topic should be. The list of topics is making it worse, not better.",,Cold War Proxy Wars | Latitude vs Longitude | Room Acoustics | Pay Stubs | Chemical Equilibrium | Rate Limits | Treaty of Versailles | Preterite vs Imperfect | Oil Changes | Environment Variables | Privacy Rights | Enzyme Specificity | French Revolution Causes | Circadian Rhythm | TypeScript Generics | Ecological Succession | Derivatives | Liability | Circle of Fifths | Neural Networks,"The example helped a little, but I still cannot transfer it.",,no_topic,0.72,True,v3.1 early_activity_augmented; scenario=many_topic_no_topic
topic_label_v3_1_12000_11782,"nothing specific yet. I am trying to figure out what I am even asking. The list of topics is making it worse, not better.",Mitosis vs Meiosis,Torque | Regression Lines | Fight-or-Flight Response | Free Body Diagrams | Circle of Fifths | Laundry Symbols | Action Potentials | Immune Memory | Oil Changes | Lifetime Value | Treaty of Versailles | Function Notation | Dependency Conflicts | Paragraph Transitions | Liability | Cognitive Load | Mitosis vs Meiosis | Battery Chemistry | Vector Search | Room Acoustics,"I keep mixing this up with the nearby idea. | Can we make it less abstract? | I can recognize it after I see it, but I cannot produce it myself.",,no_topic,0.71,True,v3.1 early_activity_augmented; scenario=many_topic_no_topic
topic_label_v3_1_12000_11783,"nothing specific yet. I am trying to figure out what I am even asking. The list of topics is making it worse, not better.",,Blind Spot Checks | Map Scale | Battery Chemistry | Light as a Wave and Particle | Synaptic Transmission | World War I Causes | Visual Hierarchy | Renewable Energy Grid | Covalent Bonding | Pronoun Reference | Function Notation | Tokenization | Credit Card Interest | Residuals | Magnetic Induction | Chord Progressions | Immune Memory | Memorization vs Understanding | Cognitive Load | React Props,I might be missing the middle step. | That sounded clear for five seconds and then disappeared.,,no_topic,0.75,True,v3.1 early_activity_augmented; scenario=many_topic_no_topic
topic_label_v3_1_12000_11784,"nothing specific yet. I am trying to figure out what I am even asking. The list of topics is making it worse, not better.",,Fluid Pressure | Natural Selection | Acids vs Bases | Lifetime Value | Sodium-Potassium Pump | Visual Hierarchy | Colonialism | Product-Market Fit | Chord Progressions | Resonance,,,no_topic,0.64,True,v3.1 early_activity_augmented; scenario=many_topic_no_topic
topic_label_v3_1_12000_11785,not sure what I want to learn. I just know I am stuck.,Cloud Formation,Customer Segmentation | Supply and Demand | Immune Memory | Stoichiometry | Kinetic Energy | Chord Progressions | Virtue Ethics | Mitosis vs Meiosis | Cloud Formation | Circle of Fifths | Resonance | Chemical Equilibrium | Neural Networks | Wave-Particle Duality | Lighting Ratios | Free Body Diagrams | Defamation | Copyright Fair Use | Covalent Bonding | Tokenization,,,no_topic,0.81,True,v3.1 early_activity_augmented; scenario=many_topic_no_topic
topic_label_v3_1_12000_11786,"there is a problem, but I cannot point to the concept yet. The list of topics is making it worse, not better.",Chemical Equilibrium,Geothermal Energy | Direct Objects in Spanish | Historical Significance | Hydration Errors | Dopamine | Burden of Proof | Tokenization | Chemical Equilibrium | Churn Rate | Electric Fields | Climate Feedbacks | Model Evaluation | Discourse Markers | Cognitive Load | Privacy Rights | Checks and Balances | Food Safety | Room Acoustics | Shading Values | Training Data Bias,,,no_topic,0.64,True,v3.1 early_activity_augmented; scenario=many_topic_no_topic
topic_label_v3_1_12000_11787,"before naming a topic, can we figure out what kind of confusion this is?",,Confidence Intervals | Free Body Diagrams | Cold War Proxy Wars | Historical Significance | Correlation vs Causation | Trigonometry | Privacy Rights | Unit Economics | Circular Reasoning | Regression Lines | Pay Stubs | Topic Sentences | Moral Luck | Market Positioning | Resonance | Product-Market Fit | Propaganda | Executive Orders | Profit Margin | Memorization vs Understanding,I am trying not to memorize the surface pattern. | I might be missing the middle step.,,no_topic,0.70,True,v3.1 early_activity_augmented; scenario=many_topic_no_topic
topic_label_v3_1_12000_11788,"I opened the app but my brain is just kind of blank right now. The list of topics is making it worse, not better.",Map Scale,Light as a Wave and Particle | Pragmatics | Checks and Balances | Executive Orders | Webhooks | Enzyme Specificity | Torque | Watersheds | Lighting Ratios | Close Reading | Photosynthesis | Confidence Intervals | Problem of Induction | Free Body Diagrams | Voltage vs Current | Budgeting | Regression Lines | Burden of Proof | World War I Causes | Map Scale,,,no_topic,0.81,True,v3.1 early_activity_augmented; scenario=many_topic_no_topic
topic_label_v3_1_12000_11789,"the whole page feels like fog, and I cannot tell what object to click mentally. The list of topics is making it worse, not better.",Cloud Formation,Systems of Equations | Covalent Bonding | Air Pressure Systems | Simple Harmonic Motion | Break-Even Point | Circadian Rhythm | Spanish Pronouns | Correlation vs Causation | Action Potentials | Idioms | Immune Memory | API Routes | Dopamine | Cloud Formation | Integrals | Utilitarianism | Defamation | Attention Mechanism | Checks and Balances | Synaptic Transmission,"I am trying not to memorize the surface pattern. | I can follow it while looking at the example, but I lose it when the wording changes. | That sounded clear for five seconds and then disappeared.",,no_topic,0.69,True,v3.1 early_activity_augmented; scenario=many_topic_no_topic
topic_label_v3_1_12000_11790,"maybe ask me something first? I do not know what the topic should be. The list of topics is making it worse, not better.",,Cognitive Load | Latitude vs Longitude | Word Order in Spanish | Ocean Currents | Bayes Theorem | Systems of Equations | Fluid Pressure | Discourse Markers | Free Will | Measuring Ingredients,,,no_topic,0.68,True,v3.1 early_activity_augmented; scenario=many_topic_no_topic
topic_label_v3_1_12000_11791,I opened the app but my brain is just kind of blank right now.,REST APIs,Checks and Balances | Training Data Bias | Shading Values | REST APIs | Passive Voice | SQL Joins | Register in Language | Separation of Powers | Latitude vs Longitude | Gesture Drawing | Bayes Theorem | Market Positioning | Kinetic Energy | Test Anxiety | Break-Even Point | Terminal Velocity | Reinforcement Learning | Deontology | Emotional Regulation | Wireframes,"I do not need more facts yet; I need the shape of it. | I tried making my own example and it immediately got messy. | The answer is there, but I do not know why it is the answer.",,no_topic,0.79,True,v3.1 early_activity_augmented; scenario=many_topic_no_topic
topic_label_v3_1_12000_11792,"there is a problem, but I cannot point to the concept yet.",,Memorization vs Understanding | Normal Distribution | Organic Functional Groups | Confidence Intervals | DNA Replication | Doppler Effect | Tokenization | Kinetic Energy | Hydration Errors | Magnetic Induction | Function Notation | Statistical Significance | Residuals | Kidney Filtration | Checks and Balances | Pragmatics | Measuring Ingredients | Integrals | Contract Law Basics | Liability | Circle of Fifths | Electoral College | Electricity | Genetic Drift | Bayes Theorem | Digestive Enzymes | Executive Function | Category Errors | Straw Man Arguments | OAuth Flow,"I keep mixing this up with the nearby idea. | The answer is there, but I do not know why it is the answer. | I think I understand the words but not the mechanism.",,no_topic,0.69,True,v3.1 early_activity_augmented; scenario=many_topic_no_topic
topic_label_v3_1_12000_11793,"this is hard to say without sounding dramatic: I cannot find the handle on the confusion. The list of topics is making it worse, not better.",,Cell Membrane Transport | Pain Signals | French Revolution Causes | Straw Man Arguments | Regression Lines | Free Will | Employment Standards | Fight-or-Flight Response | Direct Objects in Spanish | World War I Causes | Fluid Pressure | Burden of Proof | Moral Luck | Natural Selection | Kidney Filtration | Lighting Ratios | Necessary vs Sufficient Conditions | Conversion Funnel | Blood Pressure Regulation | Transcription and Translation | Procrastination | Vector Search | Break-Even Point | Pay Stubs | Climate Feedbacks | Copyright Fair Use | Confidence Intervals | Webhooks | Emergency Fund | Pronoun Reference,"The first version made sense, then the second version made me realize I did not actually get the first one.",,no_topic,0.81,True,v3.1 early_activity_augmented; scenario=many_topic_no_topic
topic_label_v3_1_12000_11794,"nothing specific yet. I am trying to figure out what I am even asking. The list of topics is making it worse, not better.",,Credit Card Interest | Emergency Fund | Visual Hierarchy | Cell Membrane Transport | Fight-or-Flight Response | Direct Objects in Spanish | Lifetime Value | Blind Spot Checks | Potential Energy | Residuals,Can we make it less abstract? | I think I understand the words but not the mechanism.,,no_topic,0.78,True,v3.1 early_activity_augmented; scenario=many_topic_no_topic
topic_label_v3_1_12000_11795,everything feels blurry and I cannot name the thing that is wrong yet.,Voltage vs Current,Renewable Energy Grid | Confidence Intervals | Gesture Drawing | Natural Selection | Sodium-Potassium Pump | Circle of Fifths | Chain Rule | Regression Lines | Acids vs Bases | Camera Framing | Propaganda | Mitosis vs Meiosis | Passive Voice | Pronoun Reference | Reinforcement Learning | Dependency Conflicts | French Revolution Causes | Voltage vs Current | Kidney Filtration | Trigonometry | Idioms | Derivatives | Bayes Theorem | Deontology | Integrals | Market Positioning | Churn Rate | Terminal Velocity | French Pronunciation | Meal Planning,,,no_topic,0.77,True,v3.1 early_activity_augmented; scenario=many_topic_no_topic
topic_label_v3_1_12000_11796,"there is a problem, but I cannot point to the concept yet. The list of topics is making it worse, not better.",,Wireframes | Osmosis | Normal Distribution | Biodiversity | False Cognates | Mole Concept | Decision Fatigue | Cold War Proxy Wars | Chord Progressions | Le Chatelier's Principle | Paragraph Transitions | Covalent Bonding | Attention Switching | Attention Mechanism | Lighting Ratios | Terminal Velocity | Food Webs | Deductive Reasoning | Angular Momentum | Circuit Breakers | Battery Chemistry | Cell Membrane Transport | Integrals | Insurance Deductible | Environment Variables | Statistical Significance | Pain Signals | Kinetic Energy | Blind Spot Checks | Copyright Fair Use,"I can recognize it after I see it, but I cannot produce it myself. | I can follow it while looking at the example, but I lose it when the wording changes. | I think I understand the words but not the mechanism.",,no_topic,0.77,True,v3.1 early_activity_augmented; scenario=many_topic_no_topic
topic_label_v3_1_12000_11797,"I opened the app but my brain is just kind of blank right now. The list of topics is making it worse, not better.",,Encryption | Conversion Funnel | Attention Mechanism | Linear Equations | Separation of Powers | Statistical Significance | Password Hashing | Simple Harmonic Motion | Panic Response | Derivatives | DNA Replication | Quadratic Functions | Fight-or-Flight Response | Idioms | French Pronunciation | Passive Voice | Cloud Formation | Wireframes | Transcription and Translation | Knife Skills,"The answer is there, but I do not know why it is the answer. | I do not need more facts yet; I need the shape of it.",,no_topic,0.69,True,v3.1 early_activity_augmented; scenario=many_topic_no_topic
topic_label_v3_1_12000_11798,"everything feels blurry and I cannot name the thing that is wrong yet. The list of topics is making it worse, not better.",,Overfitting | Privacy Rights | Circadian Rhythm | Executive Orders | Checks and Balances | Torque | Idioms | Necessary vs Sufficient Conditions | Fractions | Kinetic Energy | Watersheds | Cold War Proxy Wars | Webhooks | Chemical Equilibrium | Inflammation | OAuth Flow | Doppler Effect | Supply and Demand | Attention Switching | Fluid Pressure | Direct Objects in Spanish | Electric Fields | Renewable Energy Grid | Osmosis | Historical Significance | Propaganda | SQL Joins | Visual Hierarchy | Rate Limits | Acids vs Bases,"I can recognize it after I see it, but I cannot produce it myself.",,no_topic,0.76,True,v3.1 early_activity_augmented; scenario=many_topic_no_topic
topic_label_v3_1_12000_11799,"I opened the app but my brain is just kind of blank right now. The list of topics is making it worse, not better.",,Panic Response | Potential Energy | Electricity | Profit Margin | Problem of Induction | Webhooks | Dependency Conflicts | Reinforcement Learning | Immune Memory | Le Chatelier's Principle | Transcription and Translation | Wireframes | Chain Rule | Air Pressure Systems | Break-Even Point | Paragraph Transitions | Employment Standards | Mitosis vs Meiosis | Direct Objects in Spanish | Caching,I might be missing the middle step.,,no_topic,0.74,True,v3.1 early_activity_augmented; scenario=many_topic_no_topic
topic_label_v3_1_12000_11800,not sure what I want to learn. I just know I am stuck.,Food Webs,Webhooks | Biodiversity | Food Webs | Normal Distribution | DNA Replication | Passive Voice | Circuit Breakers | Product-Market Fit | Utilitarianism | Pay Stubs | Shading Values | Carbon Cycle | Watersheds | Direct Objects in Spanish | Knife Sharpening | Circle of Fifths | Register in Language | Allergies | Necessary vs Sufficient Conditions | Pronoun Reference,"I can follow it while looking at the example, but I lose it when the wording changes.",,no_topic,0.82,True,v3.1 early_activity_augmented; scenario=many_topic_no_topic
topic_label_v3_1_12000_11801,"I think it might be Engines, or maybe Free Body Diagrams; I honestly cannot tell which one I mean.",,,,,unclear_topic,0.64,True,v3.1 early_activity_augmented; scenario=cold_start_unclear_topic
topic_label_v3_1_12000_11802,"If I call it valid and sound arguments that feels wrong, but Attention Mechanism also feels wrong.",,,,,unclear_topic,0.72,True,v3.1 early_activity_augmented; scenario=cold_start_unclear_topic
topic_label_v3_1_12000_11803,"If I call it civil liberties vs civil rights that feels wrong, but free body diagrams also feels wrong.",,,,,unclear_topic,0.73,True,v3.1 early_activity_augmented; scenario=cold_start_unclear_topic
topic_label_v3_1_12000_11804,two ideas are tangled here — Vector Search and cognitive load — and I need help separating them.,,,,,unclear_topic,0.57,True,v3.1 early_activity_augmented; scenario=cold_start_unclear_topic
topic_label_v3_1_12000_11805,two ideas are tangled here — Voltage vs Current and required vs enough conditions — and I need help separating them.,,,,,unclear_topic,0.57,True,v3.1 early_activity_augmented; scenario=cold_start_unclear_topic
topic_label_v3_1_12000_11806,"I think it might be the sodium potassium pump, or maybe attention mechanism; I honestly cannot tell which one I mean.",,,,,unclear_topic,0.70,True,v3.1 early_activity_augmented; scenario=cold_start_unclear_topic
topic_label_v3_1_12000_11807,"this question is somewhere between Chord Progressions and Action Potentials, but I do not know the actual label.",,,,,unclear_topic,0.61,True,v3.1 early_activity_augmented; scenario=cold_start_unclear_topic
topic_label_v3_1_12000_11808,"If I call it caching that feels wrong, but separation of powers also feels wrong.",,,,,unclear_topic,0.59,True,v3.1 early_activity_augmented; scenario=cold_start_unclear_topic
topic_label_v3_1_12000_11809,"I think it might be Natural Selection, or maybe Civil Liberties vs Civil Rights; I honestly cannot tell which one I mean.",,,,,unclear_topic,0.63,True,v3.1 early_activity_augmented; scenario=cold_start_unclear_topic
topic_label_v3_1_12000_11810,two ideas are tangled here — wave particle duality and torque — and I need help separating them.,,,,,unclear_topic,0.63,True,v3.1 early_activity_augmented; scenario=cold_start_unclear_topic
topic_label_v3_1_12000_11811,"this question is somewhere between supply and demand and Environment Variables, but I do not know the actual label.",,,,,unclear_topic,0.56,True,v3.1 early_activity_augmented; scenario=cold_start_unclear_topic
topic_label_v3_1_12000_11812,"this question is somewhere between training data bias and circadian rhythm, but I do not know the actual label.",,,,,unclear_topic,0.61,True,v3.1 early_activity_augmented; scenario=cold_start_unclear_topic
topic_label_v3_1_12000_11813,"I think it might be light being both a wave and a particle, or maybe Electricity; I honestly cannot tell which one I mean.",,,,,unclear_topic,0.71,True,v3.1 early_activity_augmented; scenario=cold_start_unclear_topic
topic_label_v3_1_12000_11814,"If I call it air pressure systems that feels wrong, but stoichiometry also feels wrong.",,,,,unclear_topic,0.66,True,v3.1 early_activity_augmented; scenario=cold_start_unclear_topic
topic_label_v3_1_12000_11815,two ideas are tangled here — Environment Variables and Copyright Fair Use — and I need help separating them.,,,,,unclear_topic,0.63,True,v3.1 early_activity_augmented; scenario=cold_start_unclear_topic
topic_label_v3_1_12000_11816,"this question is somewhere between budgeting and the sodium potassium pump, but I do not know the actual label.",,,,,unclear_topic,0.55,True,v3.1 early_activity_augmented; scenario=cold_start_unclear_topic
topic_label_v3_1_12000_11817,"If I call it typescript generics that feels wrong, but action potentials also feels wrong.",,,,,unclear_topic,0.54,True,v3.1 early_activity_augmented; scenario=cold_start_unclear_topic
topic_label_v3_1_12000_11818,"this question is somewhere between Osmosis and function notation, but I do not know the actual label.",,,,,unclear_topic,0.67,True,v3.1 early_activity_augmented; scenario=cold_start_unclear_topic
topic_label_v3_1_12000_11819,two ideas are tangled here — Stoichiometry and Derivatives — and I need help separating them.,,,,,unclear_topic,0.72,True,v3.1 early_activity_augmented; scenario=cold_start_unclear_topic
topic_label_v3_1_12000_11820,two ideas are tangled here — Model Evaluation and fight-or-flight response — and I need help separating them.,,,,,unclear_topic,0.64,True,v3.1 early_activity_augmented; scenario=cold_start_unclear_topic
topic_label_v3_1_12000_11821,"I think it might be Function Notation, or maybe synaptic transmission; I honestly cannot tell which one I mean.",,,,,unclear_topic,0.58,True,v3.1 early_activity_augmented; scenario=cold_start_unclear_topic
topic_label_v3_1_12000_11822,"this question is somewhere between bayes theorem and Regression Lines, but I do not know the actual label.",,,,,unclear_topic,0.72,True,v3.1 early_activity_augmented; scenario=cold_start_unclear_topic
topic_label_v3_1_12000_11823,"If I call it Vector Search that feels wrong, but Tire Pressure also feels wrong.",,,,,unclear_topic,0.54,True,v3.1 early_activity_augmented; scenario=cold_start_unclear_topic
topic_label_v3_1_12000_11824,"If I call it action potentials that feels wrong, but Food Webs also feels wrong.",,,,,unclear_topic,0.71,True,v3.1 early_activity_augmented; scenario=cold_start_unclear_topic
topic_label_v3_1_12000_11825,"I think it might be lifetime value, or maybe Treaty of Versailles; I honestly cannot tell which one I mean.",,,,,unclear_topic,0.65,True,v3.1 early_activity_augmented; scenario=cold_start_unclear_topic
topic_label_v3_1_12000_11826,"this question is somewhere between circadian rhythm and model evaluation, but I do not know the actual label.",,,,,unclear_topic,0.71,True,v3.1 early_activity_augmented; scenario=cold_start_unclear_topic
topic_label_v3_1_12000_11827,"If I call it valid and sound arguments that feels wrong, but reinforcement learning also feels wrong.",,,,,unclear_topic,0.55,True,v3.1 early_activity_augmented; scenario=cold_start_unclear_topic
topic_label_v3_1_12000_11828,two ideas are tangled here — Cloud Formation and Visual Hierarchy — and I need help separating them.,,,,,unclear_topic,0.56,True,v3.1 early_activity_augmented; scenario=cold_start_unclear_topic
topic_label_v3_1_12000_11829,"this question is somewhere between panic body response and circadian rhythm, but I do not know the actual label.",,,,,unclear_topic,0.58,True,v3.1 early_activity_augmented; scenario=cold_start_unclear_topic
topic_label_v3_1_12000_11830,two ideas are tangled here — chemical equilibrium and Quadratic Functions — and I need help separating them.,,,,,unclear_topic,0.54,True,v3.1 early_activity_augmented; scenario=cold_start_unclear_topic
topic_label_v3_1_12000_11831,"If I call it valid and sound arguments that feels wrong, but free body diagrams also feels wrong.",,,,,unclear_topic,0.67,True,v3.1 early_activity_augmented; scenario=cold_start_unclear_topic
topic_label_v3_1_12000_11832,"I think it might be Overfitting, or maybe osmosis; I honestly cannot tell which one I mean.",,,,,unclear_topic,0.57,True,v3.1 early_activity_augmented; scenario=cold_start_unclear_topic
topic_label_v3_1_12000_11833,"I think it might be wave-particle duality, or maybe profit margin; I honestly cannot tell which one I mean.",,,,,unclear_topic,0.55,True,v3.1 early_activity_augmented; scenario=cold_start_unclear_topic
topic_label_v3_1_12000_11834,two ideas are tangled here — Function Notation and Measuring Ingredients — and I need help separating them.,,,,,unclear_topic,0.56,True,v3.1 early_activity_augmented; scenario=cold_start_unclear_topic
topic_label_v3_1_12000_11835,"If I call it memorization versus understanding that feels wrong, but Profit Margin also feels wrong.",,,,,unclear_topic,0.65,True,v3.1 early_activity_augmented; scenario=cold_start_unclear_topic
topic_label_v3_1_12000_11836,"this question is somewhere between Osmosis and Reinforcement Learning, but I do not know the actual label.",,,,,unclear_topic,0.63,True,v3.1 early_activity_augmented; scenario=cold_start_unclear_topic
topic_label_v3_1_12000_11837,"I think it might be Chemical Equilibrium, or maybe Meal Planning; I honestly cannot tell which one I mean.",,,,,unclear_topic,0.61,True,v3.1 early_activity_augmented; scenario=cold_start_unclear_topic
topic_label_v3_1_12000_11838,two ideas are tangled here — tire pressure and electricity — and I need help separating them.,,,,,unclear_topic,0.61,True,v3.1 early_activity_augmented; scenario=cold_start_unclear_topic
topic_label_v3_1_12000_11839,"If I call it Na/K pump that feels wrong, but action potentials also feels wrong.",,,,,unclear_topic,0.62,True,v3.1 early_activity_augmented; scenario=cold_start_unclear_topic
topic_label_v3_1_12000_11840,"If I call it Function Notation that feels wrong, but engines also feels wrong.",,,,,unclear_topic,0.57,True,v3.1 early_activity_augmented; scenario=cold_start_unclear_topic
topic_label_v3_1_12000_11841,"I think it might be Electricity, or maybe cloud formation; I honestly cannot tell which one I mean.",,,,,unclear_topic,0.63,True,v3.1 early_activity_augmented; scenario=cold_start_unclear_topic
topic_label_v3_1_12000_11842,"If I call it separation of powers that feels wrong, but cell membrane transport also feels wrong.",,,,,unclear_topic,0.67,True,v3.1 early_activity_augmented; scenario=cold_start_unclear_topic
topic_label_v3_1_12000_11843,"this question is somewhere between synaptic transmission and treaty of versailles, but I do not know the actual label.",,,,,unclear_topic,0.65,True,v3.1 early_activity_augmented; scenario=cold_start_unclear_topic
topic_label_v3_1_12000_11844,"this question is somewhere between Cognitive Load and when correlation is not causation, but I do not know the actual label.",,,,,unclear_topic,0.65,True,v3.1 early_activity_augmented; scenario=cold_start_unclear_topic
topic_label_v3_1_12000_11845,two ideas are tangled here — Supply and Demand and Treaty of Versailles — and I need help separating them.,,,,,unclear_topic,0.54,True,v3.1 early_activity_augmented; scenario=cold_start_unclear_topic
topic_label_v3_1_12000_11846,"If I call it JavaScript Promises that feels wrong, but Engines also feels wrong.",,,,,unclear_topic,0.53,True,v3.1 early_activity_augmented; scenario=cold_start_unclear_topic
topic_label_v3_1_12000_11847,"If I call it Attention Mechanism that feels wrong, but Customer Segmentation also feels wrong.",,,,,unclear_topic,0.57,True,v3.1 early_activity_augmented; scenario=cold_start_unclear_topic
topic_label_v3_1_12000_11848,"this question is somewhere between mitosis vs meiosis and Cell Membrane Transport, but I do not know the actual label.",,,,,unclear_topic,0.69,True,v3.1 early_activity_augmented; scenario=cold_start_unclear_topic
topic_label_v3_1_12000_11849,"this question is somewhere between Stoichiometry and light being both a wave and a particle, but I do not know the actual label.",,,,,unclear_topic,0.64,True,v3.1 early_activity_augmented; scenario=cold_start_unclear_topic
topic_label_v3_1_12000_11850,two ideas are tangled here — engines and Trigonometry — and I need help separating them.,,,,,unclear_topic,0.69,True,v3.1 early_activity_augmented; scenario=cold_start_unclear_topic
topic_label_v3_1_12000_11851,"this question is somewhere between Plea Bargains and typescript generics, but I do not know the actual label.",,,,,unclear_topic,0.68,True,v3.1 early_activity_augmented; scenario=cold_start_unclear_topic
topic_label_v3_1_12000_11852,"I think it might be confidence intervals, or maybe Stoichiometry; I honestly cannot tell which one I mean.",,,,,unclear_topic,0.55,True,v3.1 early_activity_augmented; scenario=cold_start_unclear_topic
topic_label_v3_1_12000_11853,two ideas are tangled here — vector search and bayes theorem — and I need help separating them.,,,,,unclear_topic,0.71,True,v3.1 early_activity_augmented; scenario=cold_start_unclear_topic
topic_label_v3_1_12000_11854,"If I call it Lifetime Value that feels wrong, but Statistical Significance also feels wrong.",,,,,unclear_topic,0.72,True,v3.1 early_activity_augmented; scenario=cold_start_unclear_topic
topic_label_v3_1_12000_11855,"this question is somewhere between Map Scale and Civil Liberties vs Civil Rights, but I do not know the actual label.",,,,,unclear_topic,0.65,True,v3.1 early_activity_augmented; scenario=cold_start_unclear_topic
topic_label_v3_1_12000_11856,"this question is somewhere between voltage vs current and electoral college, but I do not know the actual label.",,,,,unclear_topic,0.69,True,v3.1 early_activity_augmented; scenario=cold_start_unclear_topic
topic_label_v3_1_12000_11857,"I think it might be motivation loops, or maybe torque; I honestly cannot tell which one I mean.",,,,,unclear_topic,0.72,True,v3.1 early_activity_augmented; scenario=cold_start_unclear_topic
topic_label_v3_1_12000_11858,two ideas are tangled here — Copyright Fair Use and Neural Networks — and I need help separating them.,,,,,unclear_topic,0.59,True,v3.1 early_activity_augmented; scenario=cold_start_unclear_topic
topic_label_v3_1_12000_11859,"I think it might be Osmosis, or maybe Profit Margin; I honestly cannot tell which one I mean.",,,,,unclear_topic,0.56,True,v3.1 early_activity_augmented; scenario=cold_start_unclear_topic
topic_label_v3_1_12000_11860,"I think it might be correlation vs causation, or maybe Air Pressure Systems; I honestly cannot tell which one I mean.",,,,,unclear_topic,0.62,True,v3.1 early_activity_augmented; scenario=cold_start_unclear_topic
topic_label_v3_1_12000_11861,"this feels like a bridge topic: part API Routes, part Vector Search.",API Routes,Measuring Ingredients | Circuit Breakers | API Routes | Utilitarianism,I want to know what to pay attention to first. | Can we make it less abstract?,,unclear_topic,0.53,True,v3.1 early_activity_augmented; scenario=one_or_few_topic_unclear
topic_label_v3_1_12000_11862,"I am asking something that touches Electricity, but the reason I care comes from Valid vs Sound Arguments.",Valid vs Sound Arguments,Valid vs Sound Arguments,That sounded clear for five seconds and then disappeared. | I do not need more facts yet; I need the shape of it.,,unclear_topic,0.59,True,v3.1 early_activity_augmented; scenario=one_or_few_topic_unclear
topic_label_v3_1_12000_11863,"I can name two nearby ideas, Engines and Stoichiometry, but not the actual target.",Engines,Visual Hierarchy | Engines | Stoichiometry,"The answer is there, but I do not know why it is the answer.",,unclear_topic,0.73,True,v3.1 early_activity_augmented; scenario=one_or_few_topic_unclear
topic_label_v3_1_12000_11864,"If I phrase it one way, it sounds like Budgeting; if I phrase it another way, it sounds like Spanish Pronouns.",Budgeting,Break-Even Point | Budgeting | Spanish Pronouns,I think I understand the words but not the mechanism.,,unclear_topic,0.67,True,v3.1 early_activity_augmented; scenario=one_or_few_topic_unclear
topic_label_v3_1_12000_11865,"I can name two nearby ideas, Necessary vs Sufficient Conditions and Dopamine, but not the actual target.",Necessary vs Sufficient Conditions,Necessary vs Sufficient Conditions,I keep mixing this up with the nearby idea.,,unclear_topic,0.66,True,v3.1 early_activity_augmented; scenario=one_or_few_topic_unclear
topic_label_v3_1_12000_11866,this may be a new topic or maybe just a weird corner of Reinforcement Learning. I cannot tell.,Reinforcement Learning,Reinforcement Learning,I might be missing the middle step.,,unclear_topic,0.69,True,v3.1 early_activity_augmented; scenario=one_or_few_topic_unclear
topic_label_v3_1_12000_11867,"I do not want to switch accidentally, but Profit Margin keeps showing up in my question.",Overfitting,Overfitting | Profit Margin,I keep mixing this up with the nearby idea.,,unclear_topic,0.65,True,v3.1 early_activity_augmented; scenario=one_or_few_topic_unclear
topic_label_v3_1_12000_11868,"this feels like a bridge topic: part Valid vs Sound Arguments, part Copyright Fair Use.",Valid vs Sound Arguments,Copyright Fair Use | Valid vs Sound Arguments,"I can follow it while looking at the example, but I lose it when the wording changes. | Can we make it less abstract?",,unclear_topic,0.64,True,v3.1 early_activity_augmented; scenario=one_or_few_topic_unclear
topic_label_v3_1_12000_11869,"I can name two nearby ideas, Le Chatelier's Principle and Free Body Diagrams, but not the actual target.",Le Chatelier's Principle,Le Chatelier's Principle | Free Body Diagrams | Angular Momentum | Natural Selection,,,unclear_topic,0.72,True,v3.1 early_activity_augmented; scenario=one_or_few_topic_unclear
topic_label_v3_1_12000_11870,"the confusion is between Carbon Cycle and Wave-Particle Duality, not clearly one or the other.",Carbon Cycle,Carbon Cycle,"I tried making my own example and it immediately got messy. | The first version made sense, then the second version made me realize I did not actually get the first one.",,unclear_topic,0.75,True,v3.1 early_activity_augmented; scenario=one_or_few_topic_unclear
topic_label_v3_1_12000_11871,this may be a new topic or maybe just a weird corner of Plea Bargains. I cannot tell.,Plea Bargains,Plea Bargains | Memorization vs Understanding,,,unclear_topic,0.59,True,v3.1 early_activity_augmented; scenario=one_or_few_topic_unclear
topic_label_v3_1_12000_11872,could MyWay decide whether this belongs under Meal Planning or needs Fight-or-Flight Response?,Meal Planning,Fight-or-Flight Response | Meal Planning | Tax Forms,,,unclear_topic,0.60,True,v3.1 early_activity_augmented; scenario=one_or_few_topic_unclear
topic_label_v3_1_12000_11873,"I do not want to switch accidentally, but Training Data Bias keeps showing up in my question.",Circuit Breakers,Hydration Errors | Circuit Breakers | Tokenization,"The answer is there, but I do not know why it is the answer. | I might be missing the middle step.",,unclear_topic,0.64,True,v3.1 early_activity_augmented; scenario=one_or_few_topic_unclear
topic_label_v3_1_12000_11874,"this feels like a bridge topic: part Bayes Theorem, part Function Notation.",Bayes Theorem,Bayes Theorem | Function Notation | Pragmatics,I keep mixing this up with the nearby idea. | I am trying not to memorize the surface pattern.,,unclear_topic,0.63,True,v3.1 early_activity_augmented; scenario=one_or_few_topic_unclear
topic_label_v3_1_12000_11875,"I think this might be Le Chatelier's Principle, but it also feels connected to Sodium-Potassium Pump. I am not sure where to put it.",Sodium-Potassium Pump,Sodium-Potassium Pump,That sounded clear for five seconds and then disappeared.,,unclear_topic,0.57,True,v3.1 early_activity_augmented; scenario=one_or_few_topic_unclear
topic_label_v3_1_12000_11876,"If I phrase it one way, it sounds like Measuring Ingredients; if I phrase it another way, it sounds like Torque.",Measuring Ingredients,Idioms | World War I Causes | Air Pressure Systems | Measuring Ingredients,I want to know what to pay attention to first. | That sounded clear for five seconds and then disappeared.,,unclear_topic,0.58,True,v3.1 early_activity_augmented; scenario=one_or_few_topic_unclear
topic_label_v3_1_12000_11877,could MyWay decide whether this belongs under Torque or needs Vector Search?,Torque,Torque | Direct Objects in Spanish,,,unclear_topic,0.63,True,v3.1 early_activity_augmented; scenario=one_or_few_topic_unclear
topic_label_v3_1_12000_11878,"the confusion is between Sodium-Potassium Pump and API Routes, not clearly one or the other.",Sodium-Potassium Pump,Reinforcement Learning | Liability | API Routes | Sodium-Potassium Pump,"The example helped a little, but I still cannot transfer it. | I might be missing the middle step.",,unclear_topic,0.68,True,v3.1 early_activity_augmented; scenario=one_or_few_topic_unclear
topic_label_v3_1_12000_11879,"this feels like a bridge topic: part Preterite vs Imperfect, part Word Order in Spanish.",Preterite vs Imperfect,Preterite vs Imperfect | Word Order in Spanish,I keep mixing this up with the nearby idea. | I do not need more facts yet; I need the shape of it.,,unclear_topic,0.57,True,v3.1 early_activity_augmented; scenario=one_or_few_topic_unclear
topic_label_v3_1_12000_11880,"I am asking something that touches Necessary vs Sufficient Conditions, but the reason I care comes from Preterite vs Imperfect.",Preterite vs Imperfect,Necessary vs Sufficient Conditions | Preterite vs Imperfect,,,unclear_topic,0.71,True,v3.1 early_activity_augmented; scenario=one_or_few_topic_unclear
topic_label_v3_1_12000_11881,this may be a new topic or maybe just a weird corner of Circuit Breakers. I cannot tell.,Circuit Breakers,Circuit Breakers,I do not need more facts yet; I need the shape of it. | I keep mixing this up with the nearby idea.,,unclear_topic,0.66,True,v3.1 early_activity_augmented; scenario=one_or_few_topic_unclear
topic_label_v3_1_12000_11882,"maybe the topic label should change, but I do not know whether Camera Framing is separate enough.",Sodium-Potassium Pump,React Props | Confidence Intervals | Sodium-Potassium Pump | Password Hashing,Can we make it less abstract?,,unclear_topic,0.54,True,v3.1 early_activity_augmented; scenario=one_or_few_topic_unclear
topic_label_v3_1_12000_11883,"If I phrase it one way, it sounds like Correlation vs Causation; if I phrase it another way, it sounds like TypeScript Generics.",Correlation vs Causation,Memorization vs Understanding | Insurance Deductible | Correlation vs Causation,,,unclear_topic,0.60,True,v3.1 early_activity_augmented; scenario=one_or_few_topic_unclear
topic_label_v3_1_12000_11884,this may be a new topic or maybe just a weird corner of Attention Mechanism. I cannot tell.,Attention Mechanism,Attention Mechanism,,,unclear_topic,0.56,True,v3.1 early_activity_augmented; scenario=one_or_few_topic_unclear
topic_label_v3_1_12000_11885,"I am asking something that touches JavaScript Promises, but the reason I care comes from Derivatives.",Derivatives,Derivatives | Doppler Effect | Unit Economics,"The answer is there, but I do not know why it is the answer. | I might be missing the middle step.",,unclear_topic,0.64,True,v3.1 early_activity_augmented; scenario=one_or_few_topic_unclear
topic_label_v3_1_12000_11886,"the confusion is between Reinforcement Learning and Light as a Wave and Particle, not clearly one or the other.",Reinforcement Learning,Defamation | Reinforcement Learning | Magnetic Induction | Overfitting,I am trying not to memorize the surface pattern. | I might be missing the middle step.,,unclear_topic,0.65,True,v3.1 early_activity_augmented; scenario=one_or_few_topic_unclear
topic_label_v3_1_12000_11887,"I can name two nearby ideas, Electricity and Function Notation, but not the actual target.",Electricity,Electricity | Function Notation,"That sounded clear for five seconds and then disappeared. | The answer is there, but I do not know why it is the answer.",,unclear_topic,0.56,True,v3.1 early_activity_augmented; scenario=one_or_few_topic_unclear
topic_label_v3_1_12000_11888,"I think this might be Vector Search, but it also feels connected to Synaptic Transmission. I am not sure where to put it.",Synaptic Transmission,Synaptic Transmission | Historical Significance | Systems of Equations,"The answer is there, but I do not know why it is the answer. | What would make this obvious if I saw it somewhere else?",,unclear_topic,0.59,True,v3.1 early_activity_augmented; scenario=one_or_few_topic_unclear
topic_label_v3_1_12000_11889,"If I phrase it one way, it sounds like Caching; if I phrase it another way, it sounds like Light as a Wave and Particle.",Caching,Caching | Plea Bargains,,,unclear_topic,0.69,True,v3.1 early_activity_augmented; scenario=one_or_few_topic_unclear
topic_label_v3_1_12000_11890,"I am asking something that touches Sodium-Potassium Pump, but the reason I care comes from Neural Networks.",Neural Networks,Hydration Errors | Neural Networks,,,unclear_topic,0.64,True,v3.1 early_activity_augmented; scenario=one_or_few_topic_unclear
topic_label_v3_1_12000_11891,could MyWay decide whether this belongs under Genetic Drift or needs Stoichiometry?,Genetic Drift,Typography | Genetic Drift | Regression Lines,"I can follow it while looking at the example, but I lose it when the wording changes.",,unclear_topic,0.61,True,v3.1 early_activity_augmented; scenario=one_or_few_topic_unclear
topic_label_v3_1_12000_11892,"this feels like a bridge topic: part Free Body Diagrams, part Voltage vs Current.",Free Body Diagrams,Voltage vs Current | Free Body Diagrams,"The answer is there, but I do not know why it is the answer. | I think I understand the words but not the mechanism.",,unclear_topic,0.56,True,v3.1 early_activity_augmented; scenario=one_or_few_topic_unclear
topic_label_v3_1_12000_11893,"I am asking something that touches Free Body Diagrams, but the reason I care comes from Engines.",Engines,Torque | Engines,"I can recognize it after I see it, but I cannot produce it myself.",,unclear_topic,0.73,True,v3.1 early_activity_augmented; scenario=one_or_few_topic_unclear
topic_label_v3_1_12000_11894,"I am asking something that touches Dopamine, but the reason I care comes from Close Reading.",Close Reading,Close Reading,,,unclear_topic,0.75,True,v3.1 early_activity_augmented; scenario=one_or_few_topic_unclear
topic_label_v3_1_12000_11895,"the confusion is between Regression Lines and Air Pressure Systems, not clearly one or the other.",Regression Lines,Air Pressure Systems,,,unclear_topic,0.68,True,v3.1 early_activity_augmented; scenario=one_or_few_topic_unclear
topic_label_v3_1_12000_11896,"maybe the topic label should change, but I do not know whether Osmosis is separate enough.",Separation of Powers,Circle of Fifths | Magnetic Induction | Separation of Powers,,,unclear_topic,0.53,True,v3.1 early_activity_augmented; scenario=one_or_few_topic_unclear
topic_label_v3_1_12000_11897,"If I phrase it one way, it sounds like Necessary vs Sufficient Conditions; if I phrase it another way, it sounds like Copyright Fair Use.",Necessary vs Sufficient Conditions,Deontology | Necessary vs Sufficient Conditions | Circadian Rhythm | Doppler Effect,,,unclear_topic,0.69,True,v3.1 early_activity_augmented; scenario=one_or_few_topic_unclear
topic_label_v3_1_12000_11898,"the confusion is between Vector Search and Air Pressure Systems, not clearly one or the other.",Vector Search,Meal Planning | Vector Search | Kinetic Energy,I tried making my own example and it immediately got messy. | I think I understand the words but not the mechanism.,,unclear_topic,0.55,True,v3.1 early_activity_augmented; scenario=one_or_few_topic_unclear
topic_label_v3_1_12000_11899,"this feels like a bridge topic: part Electricity, part Electoral College.",Electricity,Electricity | Electoral College,,,unclear_topic,0.73,True,v3.1 early_activity_augmented; scenario=one_or_few_topic_unclear
topic_label_v3_1_12000_11900,could MyWay decide whether this belongs under Natural Selection or needs Wave-Particle Duality?,Natural Selection,Primary Source Analysis | Natural Selection,I think I understand the words but not the mechanism. | I am trying not to memorize the surface pattern.,,unclear_topic,0.76,True,v3.1 early_activity_augmented; scenario=one_or_few_topic_unclear
topic_label_v3_1_12000_11901,"I am asking something that touches Fight-or-Flight Response, but the reason I care comes from Engines.",Engines,Engines,I keep mixing this up with the nearby idea. | I tried making my own example and it immediately got messy.,,unclear_topic,0.76,True,v3.1 early_activity_augmented; scenario=one_or_few_topic_unclear
topic_label_v3_1_12000_11902,"If I phrase it one way, it sounds like Action Potentials; if I phrase it another way, it sounds like Measuring Ingredients.",Action Potentials,Mitosis vs Meiosis | Action Potentials | Virtue Ethics,What would make this obvious if I saw it somewhere else? | I do not need more facts yet; I need the shape of it.,,unclear_topic,0.66,True,v3.1 early_activity_augmented; scenario=one_or_few_topic_unclear
topic_label_v3_1_12000_11903,"I think this might be Electoral College, but it also feels connected to Overfitting. I am not sure where to put it.",Overfitting,Electoral College | Conversion Funnel | Overfitting,I think I understand the words but not the mechanism. | I keep mixing this up with the nearby idea.,,unclear_topic,0.56,True,v3.1 early_activity_augmented; scenario=one_or_few_topic_unclear
topic_label_v3_1_12000_11904,"maybe the topic label should change, but I do not know whether Photosynthesis is separate enough.",Torque,Torque | Encryption | Photosynthesis,I think I understand the words but not the mechanism.,,unclear_topic,0.52,True,v3.1 early_activity_augmented; scenario=one_or_few_topic_unclear
topic_label_v3_1_12000_11905,this may be a new topic or maybe just a weird corner of Photosynthesis. I cannot tell.,Photosynthesis,Cloud Formation | Photosynthesis,"The first version made sense, then the second version made me realize I did not actually get the first one. | The answer is there, but I do not know why it is the answer.",,unclear_topic,0.69,True,v3.1 early_activity_augmented; scenario=one_or_few_topic_unclear
topic_label_v3_1_12000_11906,"maybe the topic label should change, but I do not know whether Action Potentials is separate enough.",Circadian Rhythm,Circadian Rhythm | Battery Chemistry,"The first version made sense, then the second version made me realize I did not actually get the first one.",,unclear_topic,0.66,True,v3.1 early_activity_augmented; scenario=one_or_few_topic_unclear
topic_label_v3_1_12000_11907,"maybe the topic label should change, but I do not know whether Preterite vs Imperfect is separate enough.",Sodium-Potassium Pump,Preterite vs Imperfect,,,unclear_topic,0.70,True,v3.1 early_activity_augmented; scenario=one_or_few_topic_unclear
topic_label_v3_1_12000_11908,"I am asking something that touches Photosynthesis, but the reason I care comes from Light as a Wave and Particle.",Light as a Wave and Particle,Photosynthesis,I think I understand the words but not the mechanism.,,unclear_topic,0.57,True,v3.1 early_activity_augmented; scenario=one_or_few_topic_unclear
topic_label_v3_1_12000_11909,"I do not want to switch accidentally, but Motivation Loops keeps showing up in my question.",Neural Networks,Neural Networks,I tried making my own example and it immediately got messy.,,unclear_topic,0.69,True,v3.1 early_activity_augmented; scenario=one_or_few_topic_unclear
topic_label_v3_1_12000_11910,"I do not want to switch accidentally, but Vector Search keeps showing up in my question.",Fight-or-Flight Response,Fight-or-Flight Response | Typography | Chemical Equilibrium | Correlation vs Causation,"The example helped a little, but I still cannot transfer it. | I can follow it while looking at the example, but I lose it when the wording changes.",,unclear_topic,0.55,True,v3.1 early_activity_augmented; scenario=one_or_few_topic_unclear
topic_label_v3_1_12000_11911,"I do not want to switch accidentally, but Caching keeps showing up in my question.",Supply and Demand,Supply and Demand | OAuth Flow | Executive Orders,,,unclear_topic,0.72,True,v3.1 early_activity_augmented; scenario=one_or_few_topic_unclear
topic_label_v3_1_12000_11912,"I can name two nearby ideas, Genetic Drift and Neural Networks, but not the actual target.",Genetic Drift,Mitosis vs Meiosis | Idioms | Genetic Drift | Motivation Loops,,,unclear_topic,0.67,True,v3.1 early_activity_augmented; scenario=one_or_few_topic_unclear
topic_label_v3_1_12000_11913,"If I phrase it one way, it sounds like Carbon Cycle; if I phrase it another way, it sounds like Voltage vs Current.",Carbon Cycle,Lifetime Value | Carbon Cycle,,,unclear_topic,0.54,True,v3.1 early_activity_augmented; scenario=one_or_few_topic_unclear
topic_label_v3_1_12000_11914,"I can name two nearby ideas, Working Memory and Torque, but not the actual target.",Working Memory,Room Acoustics | Working Memory,,,unclear_topic,0.66,True,v3.1 early_activity_augmented; scenario=one_or_few_topic_unclear
topic_label_v3_1_12000_11915,"I think this might be Voltage vs Current, but it also feels connected to Customer Segmentation. I am not sure where to put it.",Customer Segmentation,Immune Memory | Customer Segmentation,That sounded clear for five seconds and then disappeared.,,unclear_topic,0.69,True,v3.1 early_activity_augmented; scenario=one_or_few_topic_unclear
topic_label_v3_1_12000_11916,"the confusion is between Bayes Theorem and Necessary vs Sufficient Conditions, not clearly one or the other.",Bayes Theorem,Bayes Theorem | Churn Rate,"I might be missing the middle step. | The answer is there, but I do not know why it is the answer.",,unclear_topic,0.58,True,v3.1 early_activity_augmented; scenario=one_or_few_topic_unclear
topic_label_v3_1_12000_11917,"the confusion is between Function Notation and Torque, not clearly one or the other.",Function Notation,Function Notation | DNA Replication | Torque | Logical Fallacies,I might be missing the middle step.,,unclear_topic,0.74,True,v3.1 early_activity_augmented; scenario=one_or_few_topic_unclear
topic_label_v3_1_12000_11918,"I can name two nearby ideas, Typography and Cognitive Load, but not the actual target.",Typography,Cognitive Load,,,unclear_topic,0.64,True,v3.1 early_activity_augmented; scenario=one_or_few_topic_unclear
topic_label_v3_1_12000_11919,"the confusion is between Visual Hierarchy and Lifetime Value, not clearly one or the other.",Visual Hierarchy,Cell Membrane Transport | Visual Hierarchy | Renewable Energy Grid,I do not need more facts yet; I need the shape of it.,,unclear_topic,0.69,True,v3.1 early_activity_augmented; scenario=one_or_few_topic_unclear
topic_label_v3_1_12000_11920,"I think this might be Chemical Equilibrium, but it also feels connected to Bayes Theorem. I am not sure where to put it.",Bayes Theorem,Bayes Theorem | Chemical Equilibrium | TypeScript Generics | Oil Changes,,,unclear_topic,0.68,True,v3.1 early_activity_augmented; scenario=one_or_few_topic_unclear
topic_label_v3_1_12000_11921,could MyWay decide whether this belongs under Valid vs Sound Arguments or needs Genetic Drift?,Valid vs Sound Arguments,Straw Man Arguments | Market Positioning | Valid vs Sound Arguments | Genetic Drift,,,unclear_topic,0.71,True,v3.1 early_activity_augmented; scenario=one_or_few_topic_unclear
topic_label_v3_1_12000_11922,"this feels like a bridge topic: part Cell Membrane Transport, part Working Memory.",Cell Membrane Transport,Cell Membrane Transport | Separation of Powers | Circadian Rhythm | Working Memory,,,unclear_topic,0.66,True,v3.1 early_activity_augmented; scenario=one_or_few_topic_unclear
topic_label_v3_1_12000_11923,this may be a new topic or maybe just a weird corner of Mitosis vs Meiosis. I cannot tell.,Mitosis vs Meiosis,Sodium-Potassium Pump | Paragraph Transitions | Mitosis vs Meiosis | Privacy Rights,"I keep mixing this up with the nearby idea. | The answer is there, but I do not know why it is the answer.",,unclear_topic,0.58,True,v3.1 early_activity_augmented; scenario=one_or_few_topic_unclear
topic_label_v3_1_12000_11924,"I can name two nearby ideas, Word Order in Spanish and Camera Framing, but not the actual target.",Word Order in Spanish,Tokenization | Word Order in Spanish,"The example helped a little, but I still cannot transfer it. | I might be missing the middle step.",,unclear_topic,0.72,True,v3.1 early_activity_augmented; scenario=one_or_few_topic_unclear
topic_label_v3_1_12000_11925,"I do not want to switch accidentally, but Word Order in Spanish keeps showing up in my question.",Lifetime Value,Angular Momentum | Lifetime Value | Word Order in Spanish | Privacy Rights,"I can follow it while looking at the example, but I lose it when the wording changes. | That sounded clear for five seconds and then disappeared.",,unclear_topic,0.62,True,v3.1 early_activity_augmented; scenario=one_or_few_topic_unclear
topic_label_v3_1_12000_11926,"I think this might be Circuit Breakers, but it also feels connected to Map Scale. I am not sure where to put it.",Map Scale,Circuit Breakers | Map Scale,,,unclear_topic,0.67,True,v3.1 early_activity_augmented; scenario=one_or_few_topic_unclear
topic_label_v3_1_12000_11927,"maybe the topic label should change, but I do not know whether Synaptic Transmission is separate enough.",Derivatives,Magnetic Induction | French Revolution Causes | Derivatives | Resonance,,,unclear_topic,0.56,True,v3.1 early_activity_augmented; scenario=one_or_few_topic_unclear
topic_label_v3_1_12000_11928,"I think this might be Confidence Intervals, but it also feels connected to Civil Liberties vs Civil Rights. I am not sure where to put it.",Civil Liberties vs Civil Rights,Resonance | Reading Comprehension | Civil Liberties vs Civil Rights,,,unclear_topic,0.53,True,v3.1 early_activity_augmented; scenario=one_or_few_topic_unclear
topic_label_v3_1_12000_11929,"I do not want to switch accidentally, but Copyright Fair Use keeps showing up in my question.",Bayes Theorem,Fight-or-Flight Response | Bayes Theorem | Copyright Fair Use,I keep mixing this up with the nearby idea.,,unclear_topic,0.74,True,v3.1 early_activity_augmented; scenario=one_or_few_topic_unclear
topic_label_v3_1_12000_11930,this may be a new topic or maybe just a weird corner of Measuring Ingredients. I cannot tell.,Measuring Ingredients,Deontology | Air Pressure Systems | Measuring Ingredients | Cell Membrane Transport,I think I understand the words but not the mechanism.,,unclear_topic,0.57,True,v3.1 early_activity_augmented; scenario=one_or_few_topic_unclear
topic_label_v3_1_12000_11931,"I can name two nearby ideas, Derivatives and Regression Lines, but not the actual target.",Derivatives,Valid vs Sound Arguments | Derivatives,,,unclear_topic,0.63,True,v3.1 early_activity_augmented; scenario=one_or_few_topic_unclear
topic_label_v3_1_12000_11932,"this feels like a bridge topic: part Map Scale, part API Routes.",Map Scale,Circle of Fifths | Map Scale | TypeScript Generics | API Routes,Can we make it less abstract?,,unclear_topic,0.73,True,v3.1 early_activity_augmented; scenario=one_or_few_topic_unclear
topic_label_v3_1_12000_11933,"I can name two nearby ideas, Osmosis and Caching, but not the actual target.",Osmosis,Privacy Rights | Osmosis | Caching,I do not need more facts yet; I need the shape of it. | I tried making my own example and it immediately got messy.,,unclear_topic,0.54,True,v3.1 early_activity_augmented; scenario=one_or_few_topic_unclear
topic_label_v3_1_12000_11934,"I am asking something that touches Preterite vs Imperfect, but the reason I care comes from Sodium-Potassium Pump.",Sodium-Potassium Pump,Engines | Genetic Drift | Sodium-Potassium Pump | API Routes,I think I understand the words but not the mechanism. | I keep mixing this up with the nearby idea.,,unclear_topic,0.71,True,v3.1 early_activity_augmented; scenario=one_or_few_topic_unclear
topic_label_v3_1_12000_11935,"I think this might be Carbon Cycle, but it also feels connected to Food Webs. I am not sure where to put it.",Food Webs,Food Webs | Tenant Rights | Market Positioning,I do not need more facts yet; I need the shape of it.,,unclear_topic,0.57,True,v3.1 early_activity_augmented; scenario=one_or_few_topic_unclear
topic_label_v3_1_12000_11936,this may be a new topic or maybe just a weird corner of Credit Card Interest. I cannot tell.,Credit Card Interest,Statistical Significance | Credit Card Interest,I want to know what to pay attention to first. | That sounded clear for five seconds and then disappeared.,,unclear_topic,0.62,True,v3.1 early_activity_augmented; scenario=one_or_few_topic_unclear
topic_label_v3_1_12000_11937,"I think this might be Reinforcement Learning, but it also feels connected to Environment Variables. I am not sure where to put it.",Environment Variables,Environment Variables | Circle of Fifths | Reinforcement Learning | Voltage vs Current,"I can follow it while looking at the example, but I lose it when the wording changes. | I am trying not to memorize the surface pattern.",,unclear_topic,0.58,True,v3.1 early_activity_augmented; scenario=one_or_few_topic_unclear
topic_label_v3_1_12000_11938,could MyWay decide whether this belongs under Cognitive Load or needs Civil Liberties vs Civil Rights?,Cognitive Load,Cognitive Load | Civil Liberties vs Civil Rights | Light as a Wave and Particle,,,unclear_topic,0.62,True,v3.1 early_activity_augmented; scenario=one_or_few_topic_unclear
topic_label_v3_1_12000_11939,this may be a new topic or maybe just a weird corner of Cell Membrane Transport. I cannot tell.,Cell Membrane Transport,Cell Membrane Transport,"What would make this obvious if I saw it somewhere else? | The example helped a little, but I still cannot transfer it.",,unclear_topic,0.70,True,v3.1 early_activity_augmented; scenario=one_or_few_topic_unclear
topic_label_v3_1_12000_11940,this may be a new topic or maybe just a weird corner of Fight-or-Flight Response. I cannot tell.,Fight-or-Flight Response,Free Body Diagrams | Fight-or-Flight Response | Angular Momentum,,,unclear_topic,0.71,True,v3.1 early_activity_augmented; scenario=one_or_few_topic_unclear
topic_label_v3_1_12000_11941,"maybe the topic label should change, but I do not know whether Valid vs Sound Arguments is separate enough.",Statistical Significance,Statistical Significance | Voltage vs Current | Engines,"The first version made sense, then the second version made me realize I did not actually get the first one. | The answer is there, but I do not know why it is the answer.",,unclear_topic,0.69,True,v3.1 early_activity_augmented; scenario=one_or_few_topic_unclear
topic_label_v3_1_12000_11942,"I can name two nearby ideas, Memorization vs Understanding and Electricity, but not the actual target.",Memorization vs Understanding,Electricity | Memorization vs Understanding,"I can follow it while looking at the example, but I lose it when the wording changes. | I do not need more facts yet; I need the shape of it.",,unclear_topic,0.68,True,v3.1 early_activity_augmented; scenario=one_or_few_topic_unclear
topic_label_v3_1_12000_11943,"I am asking something that touches Working Memory, but the reason I care comes from Treaty of Versailles.",Treaty of Versailles,Treaty of Versailles,"The answer is there, but I do not know why it is the answer.",,unclear_topic,0.53,True,v3.1 early_activity_augmented; scenario=one_or_few_topic_unclear
topic_label_v3_1_12000_11944,"I think this might be API Routes, but it also feels connected to Vector Search. I am not sure where to put it.",Vector Search,API Routes | Vector Search | Biodiversity,I tried making my own example and it immediately got messy.,,unclear_topic,0.72,True,v3.1 early_activity_augmented; scenario=one_or_few_topic_unclear
topic_label_v3_1_12000_11945,"I think this might be Electricity, but it also feels connected to Spanish Pronouns. I am not sure where to put it.",Spanish Pronouns,French Pronunciation | Spanish Pronouns,,,unclear_topic,0.55,True,v3.1 early_activity_augmented; scenario=one_or_few_topic_unclear
topic_label_v3_1_12000_11946,"maybe the topic label should change, but I do not know whether Engines is separate enough.",Le Chatelier's Principle,Le Chatelier's Principle | Procrastination,I think I understand the words but not the mechanism.,,unclear_topic,0.70,True,v3.1 early_activity_augmented; scenario=one_or_few_topic_unclear
topic_label_v3_1_12000_11947,could MyWay decide whether this belongs under Camera Framing or needs Attention Mechanism?,Camera Framing,Camera Framing,,,unclear_topic,0.74,True,v3.1 early_activity_augmented; scenario=one_or_few_topic_unclear
topic_label_v3_1_12000_11948,"I can name two nearby ideas, Close Reading and Plea Bargains, but not the actual target.",Close Reading,Plea Bargains | Free Body Diagrams | Close Reading,"The answer is there, but I do not know why it is the answer.",,unclear_topic,0.75,True,v3.1 early_activity_augmented; scenario=one_or_few_topic_unclear
topic_label_v3_1_12000_11949,"this feels like a bridge topic: part Chemical Equilibrium, part REST APIs.",Chemical Equilibrium,Chemical Equilibrium | Plea Bargains,Can we make it less abstract? | I think I understand the words but not the mechanism.,,unclear_topic,0.74,True,v3.1 early_activity_augmented; scenario=one_or_few_topic_unclear
topic_label_v3_1_12000_11950,"I am asking something that touches Valid vs Sound Arguments, but the reason I care comes from Memorization vs Understanding.",Memorization vs Understanding,Potential Energy | Memorization vs Understanding,,,unclear_topic,0.60,True,v3.1 early_activity_augmented; scenario=one_or_few_topic_unclear
topic_label_v3_1_12000_11951,could MyWay decide whether this belongs under Valid vs Sound Arguments or needs Caching? I need the system to decide whether this is a bridge or a new topic.,Valid vs Sound Arguments,Valid vs Sound Arguments | Pronoun Reference | Covalent Bonding | Emotional Regulation | Urban Heat Islands | Climate Feedbacks | Resonance | Geothermal Energy | Executive Orders | Emergency Fund | Caching | Rate Limits | Contract Law Basics | Kidney Filtration | Le Chatelier's Principle | Blood Pressure Regulation | Chain Rule | Privacy Rights | Synaptic Transmission | Attention Switching,"I can follow it while looking at the example, but I lose it when the wording changes. | I am trying not to memorize the surface pattern. | I keep mixing this up with the nearby idea.",,unclear_topic,0.55,True,v3.1 early_activity_augmented; scenario=many_topic_unclear
topic_label_v3_1_12000_11952,could MyWay decide whether this belongs under Function Notation or needs Valid vs Sound Arguments? I need the system to decide whether this is a bridge or a new topic.,Function Notation,Light as a Wave and Particle | Photosynthesis | Cell Membrane Transport | Ecological Succession | Tokenization | Osmosis | Industrial Revolution | Bayes Theorem | Churn Rate | Terminal Velocity | Color Contrast | Function Notation | Regression Lines | Valid vs Sound Arguments | Knife Sharpening | Privacy Rights | Urban Heat Islands | Engines | Measuring Ingredients | Deductive Reasoning,"I can follow it while looking at the example, but I lose it when the wording changes. | I might be missing the middle step.",,unclear_topic,0.59,True,v3.1 early_activity_augmented; scenario=many_topic_unclear
topic_label_v3_1_12000_11953,"the confusion is between Separation of Powers and Circadian Rhythm, not clearly one or the other. Do not create a random label unless it is clearly separate.",Separation of Powers,API Routes | Market Positioning | Reading Comprehension | Separation of Powers | Terminal Velocity | Meal Planning | Chemical Equilibrium | Blood Pressure Regulation | Derivatives | Emergency Fund | Cold War Proxy Wars | Free Will | World War I Causes | Valid vs Sound Arguments | Action Potentials | Unit Economics | Immune Memory | Circadian Rhythm | Doppler Effect | Profit Margin | Neural Networks | Register in Language | Electron Configuration | Regression Lines | Photosynthesis | Emotional Regulation | Cloud Formation | Confidence Intervals | OAuth Flow | Climate Feedbacks,I tried making my own example and it immediately got messy. | I am trying not to memorize the surface pattern.,,unclear_topic,0.62,True,v3.1 early_activity_augmented; scenario=many_topic_unclear
topic_label_v3_1_12000_11954,"this feels like a bridge topic: part Camera Framing, part Circuit Breakers. I need the system to decide whether this is a bridge or a new topic.",Camera Framing,Product-Market Fit | Chain Rule | Shading Values | Panic Response | Carbon Cycle | Immune Memory | Circuit Breakers | Vector Search | Passive Voice | Camera Framing,"The example helped a little, but I still cannot transfer it.",,unclear_topic,0.72,True,v3.1 early_activity_augmented; scenario=many_topic_unclear
topic_label_v3_1_12000_11955,"If I phrase it one way, it sounds like Copyright Fair Use; if I phrase it another way, it sounds like Dopamine. Do not create a random label unless it is clearly separate.",Copyright Fair Use,Training Data Bias | Knife Skills | Electric Fields | Break-Even Point | Copyright Fair Use | Terminal Velocity | Word Order in Spanish | Reading Comprehension | Inventory Turnover | Electoral College | Osmosis | Le Chatelier's Principle | One-Point Perspective | Cold War Proxy Wars | Contract Law Basics | Dopamine | Fractions | Register in Language | Executive Orders | Defamation,"The example helped a little, but I still cannot transfer it.",,unclear_topic,0.53,True,v3.1 early_activity_augmented; scenario=many_topic_unclear
topic_label_v3_1_12000_11956,"If I phrase it one way, it sounds like Sodium-Potassium Pump; if I phrase it another way, it sounds like Visual Hierarchy. Do not create a random label unless it is clearly separate.",Sodium-Potassium Pump,Kidney Filtration | Sodium-Potassium Pump | Acids vs Bases | JavaScript Promises | Encryption | Plea Bargains | Visual Hierarchy | Password Hashing | Action Potentials | Executive Function,,,unclear_topic,0.74,True,v3.1 early_activity_augmented; scenario=many_topic_unclear
topic_label_v3_1_12000_11957,"maybe the topic label should change, but I do not know whether Model Evaluation is separate enough. The topic list gives me too many plausible homes for it.",Plea Bargains,Model Evaluation | Derivatives | Deductive Reasoning | Tidal Energy | Digestive Enzymes | Environment Variables | Circadian Rhythm | Plea Bargains | Gesture Drawing | Electron Configuration,,,unclear_topic,0.63,True,v3.1 early_activity_augmented; scenario=many_topic_unclear
topic_label_v3_1_12000_11958,"the confusion is between Statistical Significance and Treaty of Versailles, not clearly one or the other. The topic list gives me too many plausible homes for it.",Statistical Significance,Systems of Equations | Le Chatelier's Principle | Knife Sharpening | Liability | JavaScript Promises | Stoichiometry | Emergency Fund | Ecological Succession | Reading Comprehension | Rate Limits | Battery Chemistry | Necessary vs Sufficient Conditions | Contract Law Basics | Doppler Effect | Tire Pressure | Close Reading | Gas Laws | Natural Selection | Climate Feedbacks | API Routes | Cold War Proxy Wars | OAuth Flow | Statistical Significance | Treaty of Versailles | Dopamine | Password Hashing | Propaganda | Reinforcement Learning | Engines | Enzyme Specificity,"The answer is there, but I do not know why it is the answer.",,unclear_topic,0.61,True,v3.1 early_activity_augmented; scenario=many_topic_unclear
topic_label_v3_1_12000_11959,"I am asking something that touches Tire Pressure, but the reason I care comes from Circadian Rhythm. Do not create a random label unless it is clearly separate.",Circadian Rhythm,Hormone Regulation | Tire Pressure | Encryption | Neural Networks | Free Body Diagrams | Moral Luck | Supply and Demand | Statistical Significance | API Routes | Circadian Rhythm | Battery Chemistry | Storyboarding | Camera Framing | Close Reading | Emergency Fund | Action Potentials | Cash Flow | Correlation vs Causation | Magnetic Induction | Paragraph Transitions,Can we make it less abstract?,,unclear_topic,0.58,True,v3.1 early_activity_augmented; scenario=many_topic_unclear
topic_label_v3_1_12000_11960,"If I phrase it one way, it sounds like Word Order in Spanish; if I phrase it another way, it sounds like Derivatives. I need the system to decide whether this is a bridge or a new topic.",Word Order in Spanish,Simple Harmonic Motion | Straw Man Arguments | Word Order in Spanish | JavaScript Promises | Climate Feedbacks | Credit Card Interest | Circuit Breakers | Le Chatelier's Principle | Derivatives | Vector Search,,,unclear_topic,0.58,True,v3.1 early_activity_augmented; scenario=many_topic_unclear
topic_label_v3_1_12000_11961,"the confusion is between Statistical Significance and Torque, not clearly one or the other. Do not create a random label unless it is clearly separate.",Statistical Significance,Word Order in Spanish | Resonance | Allergies | French Pronunciation | Necessary vs Sufficient Conditions | Password Hashing | Organic Functional Groups | Statistical Significance | Cognitive Load | Covalent Bonding | Torque | Product-Market Fit | French Revolution Causes | Contract Law Basics | Model Evaluation | Simple Harmonic Motion | Blood Pressure Regulation | Chord Progressions | Visual Hierarchy | Preterite vs Imperfect,I tried making my own example and it immediately got messy.,,unclear_topic,0.74,True,v3.1 early_activity_augmented; scenario=many_topic_unclear
topic_label_v3_1_12000_11962,this may be a new topic or maybe just a weird corner of Credit Card Interest. I cannot tell. The topic list gives me too many plausible homes for it.,Credit Card Interest,Preterite vs Imperfect | Break-Even Point | Industrial Revolution | Close Reading | Moral Luck | Product-Market Fit | Resonance | Watersheds | Decision Fatigue | Statistical Significance | Camera Framing | Colonialism | One-Point Perspective | Overfitting | French Pronunciation | Conversion Funnel | Direct Objects in Spanish | Vector Search | Voltage vs Current | Inventory Turnover | False Cognates | Acids vs Bases | API Routes | Carbon Cycle | Environment Variables | Kidney Filtration | Electron Configuration | Credit Card Interest | World War I Causes | Deductive Reasoning,"The example helped a little, but I still cannot transfer it.",,unclear_topic,0.63,True,v3.1 early_activity_augmented; scenario=many_topic_unclear
topic_label_v3_1_12000_11963,"I can name two nearby ideas, Cloud Formation and Dopamine, but not the actual target. Do not create a random label unless it is clearly separate.",Cloud Formation,Treaty of Versailles | French Pronunciation | Oil Changes | Shading Values | Rate Limits | Dopamine | Colonialism | Osmosis | Environment Variables | Cloud Formation,I might be missing the middle step.,,unclear_topic,0.54,True,v3.1 early_activity_augmented; scenario=many_topic_unclear
topic_label_v3_1_12000_11964,"the confusion is between Voltage vs Current and Chord Progressions, not clearly one or the other. The topic list gives me too many plausible homes for it.",Voltage vs Current,Potential Energy | Free Will | Plea Bargains | Propaganda | Voltage vs Current | Laundry Symbols | Resonance | Kidney Filtration | Pain Signals | Fluid Pressure | Privacy Rights | Moral Luck | Break-Even Point | Natural Selection | Geothermal Energy | Utilitarianism | Cash Flow | Chord Progressions | Procrastination | Electron Configuration,"I am trying not to memorize the surface pattern. | The example helped a little, but I still cannot transfer it.",,unclear_topic,0.52,True,v3.1 early_activity_augmented; scenario=many_topic_unclear
topic_label_v3_1_12000_11965,"this feels like a bridge topic: part Free Body Diagrams, part Budgeting. The topic list gives me too many plausible homes for it.",Free Body Diagrams,Close Reading | Le Chatelier's Principle | Blind Spot Checks | Potential Energy | Food Webs | Defamation | Circadian Rhythm | Tire Pressure | Urban Heat Islands | Measuring Ingredients | Sodium-Potassium Pump | Free Body Diagrams | Natural Selection | Budgeting | Hormone Regulation | Tokenization | Correlation vs Causation | Magnetic Induction | Linear Equations | Visual Hierarchy | Organic Functional Groups | Latitude vs Longitude | Straw Man Arguments | Regression Lines | Electric Fields | Mitosis vs Meiosis | Shading Values | Transcription and Translation | Fight-or-Flight Response | Copyright Fair Use,"I think I understand the words but not the mechanism. | The first version made sense, then the second version made me realize I did not actually get the first one.",,unclear_topic,0.72,True,v3.1 early_activity_augmented; scenario=many_topic_unclear
topic_label_v3_1_12000_11966,"maybe the topic label should change, but I do not know whether Cognitive Load is separate enough. The topic list gives me too many plausible homes for it.",Visual Hierarchy,Tenant Rights | Model Evaluation | Training Data Bias | Covalent Bonding | Employment Standards | DNA Replication | Chemical Equilibrium | Liability | Fractions | Enzyme Specificity | Customer Segmentation | Conceptual Analysis | Cell Membrane Transport | Visual Hierarchy | Emergency Fund | Immune Memory | Ocean Currents | Cash Flow | Neural Networks | Straw Man Arguments | Cognitive Load | Supply and Demand | Function Notation | Problem of Induction | Attention Mechanism | Register in Language | Chain Rule | Ecological Succession | Osmosis | Kinetic Energy,"I am trying not to memorize the surface pattern. | The first version made sense, then the second version made me realize I did not actually get the first one.",,unclear_topic,0.58,True,v3.1 early_activity_augmented; scenario=many_topic_unclear
topic_label_v3_1_12000_11967,this may be a new topic or maybe just a weird corner of Separation of Powers. I cannot tell. The topic list gives me too many plausible homes for it.,Separation of Powers,Terminal Velocity | Knife Skills | DNA Replication | Separation of Powers | Hormone Regulation | Passive Voice | Air Pressure Systems | Free Will | Mole Concept | French Pronunciation | Chain Rule | Fractions | Conceptual Analysis | Industrial Revolution | Shading Values | Voltage vs Current | Contract Law Basics | Budgeting | Encryption | Light as a Wave and Particle | World War I Causes | Executive Orders | Churn Rate | Genetic Drift | Inductive Reasoning | React Props | Amortization | Deductive Reasoning | Digestive Enzymes | Tenant Rights,I am trying not to memorize the surface pattern. | I keep mixing this up with the nearby idea. | What would make this obvious if I saw it somewhere else?,,unclear_topic,0.70,True,v3.1 early_activity_augmented; scenario=many_topic_unclear
topic_label_v3_1_12000_11968,this may be a new topic or maybe just a weird corner of Memorization vs Understanding. I cannot tell. Do not create a random label unless it is clearly separate.,Memorization vs Understanding,Latitude vs Longitude | Memorization vs Understanding | Preterite vs Imperfect | Stoichiometry | Rate Limits | Straw Man Arguments | Cloud Formation | Credit Card Interest | Allergies | Encryption,I want to know what to pay attention to first. | I do not need more facts yet; I need the shape of it.,,unclear_topic,0.67,True,v3.1 early_activity_augmented; scenario=many_topic_unclear
topic_label_v3_1_12000_11969,"I think this might be Osmosis, but it also feels connected to Reinforcement Learning. I am not sure where to put it. Do not create a random label unless it is clearly separate.",Reinforcement Learning,Food Safety | Color Contrast | Amortization | Neural Networks | Action Potentials | Osmosis | Primary Source Analysis | Discourse Markers | Liability | Memorization vs Understanding | Tire Pressure | Climate Feedbacks | Topic Sentences | Potential Energy | Angular Momentum | Voltage vs Current | Room Acoustics | REST APIs | Cold War Proxy Wars | API Routes | JavaScript Promises | Tidal Energy | Procrastination | Terminal Velocity | Electoral College | Product-Market Fit | Password Hashing | Reinforcement Learning | Stoichiometry | Derivatives,"I can recognize it after I see it, but I cannot produce it myself. | I think I understand the words but not the mechanism.",,unclear_topic,0.68,True,v3.1 early_activity_augmented; scenario=many_topic_unclear
topic_label_v3_1_12000_11970,"If I phrase it one way, it sounds like Budgeting; if I phrase it another way, it sounds like React Props. The topic list gives me too many plausible homes for it.",Budgeting,Caching | Propaganda | Typography | Color Contrast | Defamation | Regression Lines | Light as a Wave and Particle | Memorization vs Understanding | Budgeting | Electron Configuration | Latitude vs Longitude | Cloud Formation | Primary Source Analysis | Category Errors | React Props | Attention Switching | Bayes Theorem | Battery Chemistry | Product-Market Fit | Hormone Regulation,I think I understand the words but not the mechanism. | That sounded clear for five seconds and then disappeared.,,unclear_topic,0.66,True,v3.1 early_activity_augmented; scenario=many_topic_unclear
topic_label_v3_1_12000_11971,"I can name two nearby ideas, Civil Liberties vs Civil Rights and Electricity, but not the actual target. I need the system to decide whether this is a bridge or a new topic.",Civil Liberties vs Civil Rights,Laundry Symbols | Cell Membrane Transport | Encryption | Civil Liberties vs Civil Rights | One-Point Perspective | Acids vs Bases | Simple Harmonic Motion | Password Hashing | Emotional Regulation | Electric Fields | Privacy Rights | Knife Skills | Cash Flow | Organic Functional Groups | Straw Man Arguments | Utilitarianism | Conceptual Analysis | Map Scale | Food Webs | Category Errors | Mole Concept | Electricity | Visual Hierarchy | Linear Equations | Renewable Energy Grid | Shading Values | Tidal Energy | Systems of Equations | Preterite vs Imperfect | Liability,I am trying not to memorize the surface pattern. | I tried making my own example and it immediately got messy.,,unclear_topic,0.56,True,v3.1 early_activity_augmented; scenario=many_topic_unclear
topic_label_v3_1_12000_11972,could MyWay decide whether this belongs under Copyright Fair Use or needs Environment Variables? The topic list gives me too many plausible homes for it.,Copyright Fair Use,Discourse Markers | Circle of Fifths | Correlation vs Causation | Environment Variables | Tidal Energy | Voltage vs Current | Knife Sharpening | Terminal Velocity | Organic Functional Groups | Copyright Fair Use | Deontology | Conceptual Analysis | French Revolution Causes | Model Evaluation | Unit Economics | Primary Source Analysis | Shading Values | Circadian Rhythm | Decision Fatigue | Break-Even Point,I might be missing the middle step. | I want to know what to pay attention to first.,,unclear_topic,0.58,True,v3.1 early_activity_augmented; scenario=many_topic_unclear
topic_label_v3_1_12000_11973,could MyWay decide whether this belongs under Osmosis or needs Working Memory? I need the system to decide whether this is a bridge or a new topic.,Osmosis,Executive Function | World War I Causes | Measuring Ingredients | Osmosis | Password Hashing | Environment Variables | Budgeting | Emotional Regulation | Kidney Filtration | Pronoun Reference | Ecological Succession | Stoichiometry | Immune Memory | Product-Market Fit | Mole Concept | Bayes Theorem | Test Anxiety | Plea Bargains | Knife Sharpening | Confidence Intervals | Credit Card Interest | Integrals | Potential Energy | Knife Skills | Food Safety | Executive Orders | Engines | Customer Segmentation | Working Memory | REST APIs,,,unclear_topic,0.66,True,v3.1 early_activity_augmented; scenario=many_topic_unclear
topic_label_v3_1_12000_11974,"the confusion is between Trigonometry and Preterite vs Imperfect, not clearly one or the other. I need the system to decide whether this is a bridge or a new topic.",Trigonometry,Overfitting | Electric Fields | Executive Orders | Dependency Conflicts | Copyright Fair Use | Password Hashing | Shading Values | Defamation | Normal Distribution | Civil Liberties vs Civil Rights | Attention Mechanism | Churn Rate | Trigonometry | Attention Switching | Tenant Rights | Spanish Pronouns | Doppler Effect | Preterite vs Imperfect | French Revolution Causes | Break-Even Point,"I can recognize it after I see it, but I cannot produce it myself.",,unclear_topic,0.68,True,v3.1 early_activity_augmented; scenario=many_topic_unclear
topic_label_v3_1_12000_11975,"If I phrase it one way, it sounds like API Routes; if I phrase it another way, it sounds like Light as a Wave and Particle. Do not create a random label unless it is clearly separate.",API Routes,Pain Signals | Allergies | Cell Membrane Transport | Ocean Currents | Geothermal Energy | Inflammation | Meal Planning | Reinforcement Learning | Panic Response | API Routes | French Pronunciation | Le Chatelier's Principle | Integrals | Conversion Funnel | Light as a Wave and Particle | Trigonometry | Transcription and Translation | Colonialism | Unit Economics | Memorization vs Understanding,,,unclear_topic,0.53,True,v3.1 early_activity_augmented; scenario=many_topic_unclear
topic_label_v3_1_12000_11976,could MyWay decide whether this belongs under Budgeting or needs Cell Membrane Transport? The topic list gives me too many plausible homes for it.,Budgeting,Passive Voice | Category Errors | Electoral College | Carbon Cycle | Reinforcement Learning | Defamation | One-Point Perspective | Pain Signals | Tenant Rights | Inductive Reasoning | Emergency Fund | Ecological Succession | French Revolution Causes | Residuals | Fractions | Circular Reasoning | Idioms | Insurance Deductible | Lighting Ratios | Chord Progressions | Chemical Equilibrium | Straw Man Arguments | Integrals | Torque | Budgeting | Terminal Velocity | Cell Membrane Transport | Decision Fatigue | Inflammation | Renewable Energy Grid,I keep mixing this up with the nearby idea.,,unclear_topic,0.65,True,v3.1 early_activity_augmented; scenario=many_topic_unclear
topic_label_v3_1_12000_11977,"I do not want to switch accidentally, but OAuth Flow keeps showing up in my question. Do not create a random label unless it is clearly separate.",Reinforcement Learning,Straw Man Arguments | Photosynthesis | JavaScript Promises | Kinetic Energy | Word Order in Spanish | Test Anxiety | Lighting Ratios | Organic Functional Groups | Rate Limits | Reinforcement Learning | Tidal Energy | Pay Stubs | Cash Flow | Chain Rule | Electoral College | Osmosis | Linear Equations | Renewable Energy Grid | OAuth Flow | Caching,,,unclear_topic,0.69,True,v3.1 early_activity_augmented; scenario=many_topic_unclear
topic_label_v3_1_12000_11978,"I can name two nearby ideas, Attention Mechanism and Chemical Equilibrium, but not the actual target. The topic list gives me too many plausible homes for it.",Attention Mechanism,Product-Market Fit | Employment Standards | Emergency Fund | Password Hashing | Conversion Funnel | Unit Economics | Attention Mechanism | Magnetic Induction | Voltage vs Current | Laundry Symbols | Integrals | Climate Feedbacks | Spanish Pronouns | Chemical Equilibrium | French Pronunciation | Word Order in Spanish | Moral Luck | Statistical Significance | Inflammation | Discourse Markers | Electricity | Liability | SQL Joins | Gesture Drawing | Oil Changes | Visual Hierarchy | Procrastination | Executive Orders | Caching | Checks and Balances,I might be missing the middle step.,,unclear_topic,0.69,True,v3.1 early_activity_augmented; scenario=many_topic_unclear
topic_label_v3_1_12000_11979,"If I phrase it one way, it sounds like REST APIs; if I phrase it another way, it sounds like Sodium-Potassium Pump. I need the system to decide whether this is a bridge or a new topic.",REST APIs,Electron Configuration | Covalent Bonding | Voltage vs Current | Confidence Intervals | One-Point Perspective | Necessary vs Sufficient Conditions | Treaty of Versailles | Employment Standards | Renewable Energy Grid | Colonialism | Laundry Symbols | Attention Switching | Wireframes | REST APIs | Residuals | Natural Selection | World War I Causes | Market Positioning | Sodium-Potassium Pump | Knife Sharpening,That sounded clear for five seconds and then disappeared. | Can we make it less abstract?,,unclear_topic,0.68,True,v3.1 early_activity_augmented; scenario=many_topic_unclear
topic_label_v3_1_12000_11980,could MyWay decide whether this belongs under Meal Planning or needs TypeScript Generics? The topic list gives me too many plausible homes for it.,Meal Planning,Deontology | Enzyme Specificity | Bayes Theorem | Insurance Deductible | Moral Luck | Meal Planning | Normal Distribution | Webhooks | Typography | Pay Stubs | Rate Limits | Renewable Energy Grid | Direct Objects in Spanish | Carbon Cycle | Executive Function | Tenant Rights | TypeScript Generics | Electron Configuration | Digestive Enzymes | Word Order in Spanish,"The answer is there, but I do not know why it is the answer. | The example helped a little, but I still cannot transfer it. | I can follow it while looking at the example, but I lose it when the wording changes.",,unclear_topic,0.67,True,v3.1 early_activity_augmented; scenario=many_topic_unclear
topic_label_v3_1_12000_11981,"I do not want to switch accidentally, but Map Scale keeps showing up in my question. I need the system to decide whether this is a bridge or a new topic.",Le Chatelier's Principle,Civil Liberties vs Civil Rights | Budgeting | Natural Selection | Angular Momentum | Treaty of Versailles | Food Webs | Derivatives | Gas Laws | Watersheds | Emergency Fund | Environment Variables | Geothermal Energy | Light as a Wave and Particle | Map Scale | Utilitarianism | Wave-Particle Duality | Blind Spot Checks | Tire Pressure | Le Chatelier's Principle | Password Hashing,"I can follow it while looking at the example, but I lose it when the wording changes. | I think I understand the words but not the mechanism. | The first version made sense, then the second version made me realize I did not actually get the first one.",,unclear_topic,0.67,True,v3.1 early_activity_augmented; scenario=many_topic_unclear
topic_label_v3_1_12000_11982,"maybe the topic label should change, but I do not know whether Correlation vs Causation is separate enough. I need the system to decide whether this is a bridge or a new topic.",Lifetime Value,Valid vs Sound Arguments | One-Point Perspective | Tenant Rights | Oil Changes | Covalent Bonding | Biodiversity | Normal Distribution | Correlation vs Causation | Ecological Succession | React Props | Separation of Powers | Mole Concept | TypeScript Generics | Discourse Markers | Shading Values | Food Safety | Overfitting | Idioms | Straw Man Arguments | Genetic Drift | Blood Pressure Regulation | Executive Orders | JavaScript Promises | Lighting Ratios | Treaty of Versailles | Training Data Bias | Potential Energy | Lifetime Value | Pain Signals | False Cognates,,,unclear_topic,0.53,True,v3.1 early_activity_augmented; scenario=many_topic_unclear
topic_label_v3_1_12000_11983,"I do not want to switch accidentally, but Wave-Particle Duality keeps showing up in my question. Do not create a random label unless it is clearly separate.",Statistical Significance,Food Webs | Propaganda | Neural Networks | Geothermal Energy | Attention Switching | Action Potentials | Light as a Wave and Particle | Market Positioning | Customer Segmentation | Churn Rate | Wave-Particle Duality | Mitosis vs Meiosis | Logical Fallacies | Working Memory | Statistical Significance | Conversion Funnel | REST APIs | Typography | Tenant Rights | Linear Equations | Tidal Energy | Sodium-Potassium Pump | Correlation vs Causation | Emergency Fund | Defamation | Straw Man Arguments | Vector Search | Category Errors | Profit Margin | Tire Pressure,"I can recognize it after I see it, but I cannot produce it myself. | I might be missing the middle step.",,unclear_topic,0.68,True,v3.1 early_activity_augmented; scenario=many_topic_unclear
topic_label_v3_1_12000_11984,"the confusion is between Measuring Ingredients and Free Body Diagrams, not clearly one or the other. I need the system to decide whether this is a bridge or a new topic.",Measuring Ingredients,Idioms | Climate Feedbacks | Derivatives | Sodium-Potassium Pump | Preterite vs Imperfect | Natural Selection | Free Body Diagrams | Necessary vs Sufficient Conditions | Overfitting | Measuring Ingredients | Oil Changes | Profit Margin | Genetic Drift | Geothermal Energy | Watersheds | Category Errors | Statistical Significance | Employment Standards | Electricity | Moral Luck | Market Positioning | Procrastination | Magnetic Induction | Cognitive Load | Acids vs Bases | Conceptual Analysis | Reading Comprehension | Battery Chemistry | Neural Networks | Enzyme Specificity,I keep mixing this up with the nearby idea. | I am trying not to memorize the surface pattern.,,unclear_topic,0.72,True,v3.1 early_activity_augmented; scenario=many_topic_unclear
topic_label_v3_1_12000_11985,"If I phrase it one way, it sounds like Bayes Theorem; if I phrase it another way, it sounds like Tire Pressure. The topic list gives me too many plausible homes for it.",Bayes Theorem,Sodium-Potassium Pump | Air Pressure Systems | Tax Forms | Wave-Particle Duality | Doppler Effect | Memorization vs Understanding | Statistical Significance | Ocean Currents | Visual Hierarchy | Problem of Induction | Tire Pressure | Kinetic Energy | Discourse Markers | Category Errors | Straw Man Arguments | Overfitting | Pain Signals | Dependency Conflicts | Enzyme Specificity | World War I Causes | Integrals | Customer Segmentation | Inductive Reasoning | Product-Market Fit | Bayes Theorem | Circuit Breakers | Utilitarianism | Function Notation | Angular Momentum | OAuth Flow,I think I understand the words but not the mechanism.,,unclear_topic,0.72,True,v3.1 early_activity_augmented; scenario=many_topic_unclear
topic_label_v3_1_12000_11986,"I do not want to switch accidentally, but Function Notation keeps showing up in my question. The topic list gives me too many plausible homes for it.",Bayes Theorem,Straw Man Arguments | Fluid Pressure | Chemical Equilibrium | Bayes Theorem | Deductive Reasoning | Necessary vs Sufficient Conditions | Osmosis | Function Notation | Statistical Significance | Colonialism,I want to know what to pay attention to first.,,unclear_topic,0.74,True,v3.1 early_activity_augmented; scenario=many_topic_unclear
topic_label_v3_1_12000_11987,could MyWay decide whether this belongs under Credit Card Interest or needs Synaptic Transmission? The topic list gives me too many plausible homes for it.,Credit Card Interest,Decision Fatigue | Passive Voice | Chain Rule | Electron Configuration | Memorization vs Understanding | Attention Switching | Spanish Pronouns | Credit Card Interest | Linear Equations | Photosynthesis | Cloud Formation | Cell Membrane Transport | Synaptic Transmission | Lighting Ratios | Executive Orders | Simple Harmonic Motion | REST APIs | Colonialism | Attention Mechanism | Emergency Fund | Executive Function | Shading Values | Circle of Fifths | Hydration Errors | Webhooks | Typography | Air Pressure Systems | Historical Significance | Free Body Diagrams | Immune Memory,"I can recognize it after I see it, but I cannot produce it myself.",,unclear_topic,0.64,True,v3.1 early_activity_augmented; scenario=many_topic_unclear
topic_label_v3_1_12000_11988,"If I phrase it one way, it sounds like Free Body Diagrams; if I phrase it another way, it sounds like Treaty of Versailles. Do not create a random label unless it is clearly separate.",Free Body Diagrams,Treaty of Versailles | Free Body Diagrams | Typography | Encryption | Direct Objects in Spanish | Natural Selection | Idioms | Blood Pressure Regulation | Cloud Formation | Category Errors,"I want to know what to pay attention to first. | The answer is there, but I do not know why it is the answer. | I am trying not to memorize the surface pattern.",,unclear_topic,0.67,True,v3.1 early_activity_augmented; scenario=many_topic_unclear
topic_label_v3_1_12000_11989,"maybe the topic label should change, but I do not know whether Treaty of Versailles is separate enough. The topic list gives me too many plausible homes for it.",Visual Hierarchy,Dopamine | Electron Configuration | Mole Concept | Chemical Equilibrium | Visual Hierarchy | Market Positioning | Light as a Wave and Particle | Model Evaluation | Treaty of Versailles | Lighting Ratios,,,unclear_topic,0.53,True,v3.1 early_activity_augmented; scenario=many_topic_unclear
topic_label_v3_1_12000_11990,"I do not want to switch accidentally, but Plea Bargains keeps showing up in my question. I need the system to decide whether this is a bridge or a new topic.",Mitosis vs Meiosis,Battery Chemistry | Fractions | Inflammation | Mitosis vs Meiosis | Primary Source Analysis | Pain Signals | Propaganda | Normal Distribution | Oil Changes | Pragmatics | Hydration Errors | Cold War Proxy Wars | Problem of Induction | Conceptual Analysis | Derivatives | Transcription and Translation | Osmosis | Plea Bargains | Circadian Rhythm | Burden of Proof,,,unclear_topic,0.58,True,v3.1 early_activity_augmented; scenario=many_topic_unclear
topic_label_v3_1_12000_11991,"maybe the topic label should change, but I do not know whether Quadratic Functions is separate enough. The topic list gives me too many plausible homes for it.",Function Notation,Quadratic Functions | Emergency Fund | Straw Man Arguments | Moral Luck | SQL Joins | Amortization | Color Contrast | Function Notation | Ecological Succession | Kinetic Energy,I tried making my own example and it immediately got messy.,,unclear_topic,0.67,True,v3.1 early_activity_augmented; scenario=many_topic_unclear
topic_label_v3_1_12000_11992,"I can name two nearby ideas, React Props and Statistical Significance, but not the actual target. I need the system to decide whether this is a bridge or a new topic.",React Props,Hydration Errors | Primary Source Analysis | Pain Signals | Synaptic Transmission | Circular Reasoning | Attention Mechanism | Dopamine | OAuth Flow | Emergency Fund | Fluid Pressure | React Props | Cold War Proxy Wars | Osmosis | Break-Even Point | Environment Variables | Passive Voice | Emotional Regulation | Statistical Significance | Insurance Deductible | Derivatives,,,unclear_topic,0.63,True,v3.1 early_activity_augmented; scenario=many_topic_unclear
topic_label_v3_1_12000_11993,"If I phrase it one way, it sounds like Camera Framing; if I phrase it another way, it sounds like Statistical Significance. I need the system to decide whether this is a bridge or a new topic.",Camera Framing,JavaScript Promises | Cognitive Load | Model Evaluation | Simple Harmonic Motion | Camera Framing | Derivatives | Statistical Significance | Kinetic Energy | Electron Configuration | Doppler Effect,"I do not need more facts yet; I need the shape of it. | I can recognize it after I see it, but I cannot produce it myself.",,unclear_topic,0.65,True,v3.1 early_activity_augmented; scenario=many_topic_unclear
topic_label_v3_1_12000_11994,"maybe the topic label should change, but I do not know whether Valid vs Sound Arguments is separate enough. I need the system to decide whether this is a bridge or a new topic.",Photosynthesis,Food Webs | Problem of Induction | Stoichiometry | Deontology | Visual Hierarchy | Photosynthesis | Pay Stubs | Password Hashing | Function Notation | French Pronunciation | Correlation vs Causation | Gas Laws | Treaty of Versailles | Separation of Powers | Attention Mechanism | Paragraph Transitions | Straw Man Arguments | Working Memory | Latitude vs Longitude | Webhooks | Action Potentials | Fight-or-Flight Response | Derivatives | Reading Comprehension | Preterite vs Imperfect | Valid vs Sound Arguments | Bayes Theorem | Overfitting | Cloud Formation | Dependency Conflicts,I think I understand the words but not the mechanism. | I want to know what to pay attention to first.,,unclear_topic,0.74,True,v3.1 early_activity_augmented; scenario=many_topic_unclear
topic_label_v3_1_12000_11995,"I think this might be REST APIs, but it also feels connected to Circadian Rhythm. I am not sure where to put it. The topic list gives me too many plausible homes for it.",Circadian Rhythm,Tidal Energy | Renewable Energy Grid | REST APIs | Climate Feedbacks | Tax Forms | Test Anxiety | Circadian Rhythm | Deontology | Photosynthesis | Voltage vs Current,Can we make it less abstract? | I tried making my own example and it immediately got messy.,,unclear_topic,0.61,True,v3.1 early_activity_augmented; scenario=many_topic_unclear
topic_label_v3_1_12000_11996,could MyWay decide whether this belongs under Neural Networks or needs Natural Selection? Do not create a random label unless it is clearly separate.,Neural Networks,Stoichiometry | Free Will | Neural Networks | Pragmatics | Transcription and Translation | Supply and Demand | Colonialism | Natural Selection | Amortization | JavaScript Promises | Tax Forms | Geothermal Energy | Osmosis | Circadian Rhythm | Digestive Enzymes | Hydration Errors | Attention Mechanism | French Pronunciation | Defamation | Bayes Theorem,"The answer is there, but I do not know why it is the answer. | The example helped a little, but I still cannot transfer it.",,unclear_topic,0.57,True,v3.1 early_activity_augmented; scenario=many_topic_unclear
topic_label_v3_1_12000_11997,"I can name two nearby ideas, Camera Framing and Regression Lines, but not the actual target. Do not create a random label unless it is clearly separate.",Camera Framing,Overfitting | Oil Changes | Food Safety | Tidal Energy | Knife Sharpening | Regression Lines | Attention Switching | Test Anxiety | Paragraph Transitions | Caching | Necessary vs Sufficient Conditions | Doppler Effect | Encryption | DNA Replication | Inventory Turnover | Training Data Bias | Synaptic Transmission | Kidney Filtration | Sodium-Potassium Pump | TypeScript Generics | Wireframes | Camera Framing | Tenant Rights | Fluid Pressure | Chord Progressions | Cash Flow | Colonialism | Webhooks | Correlation vs Causation | Photosynthesis,I do not need more facts yet; I need the shape of it. | What would make this obvious if I saw it somewhere else?,,unclear_topic,0.68,True,v3.1 early_activity_augmented; scenario=many_topic_unclear
topic_label_v3_1_12000_11998,this may be a new topic or maybe just a weird corner of Map Scale. I cannot tell. Do not create a random label unless it is clearly separate.,Map Scale,Map Scale | Idioms | Caching | Battery Chemistry | Industrial Revolution | Doppler Effect | Panic Response | Inductive Reasoning | REST APIs | Environment Variables | Employment Standards | French Pronunciation | Paragraph Transitions | Knife Skills | Blind Spot Checks | Circadian Rhythm | Cloud Formation | False Cognates | Reinforcement Learning | Word Order in Spanish | Treaty of Versailles | Measuring Ingredients | Derivatives | Memorization vs Understanding | Motivation Loops | Primary Source Analysis | Defamation | Allergies | Dependency Conflicts | Le Chatelier's Principle,,,unclear_topic,0.65,True,v3.1 early_activity_augmented; scenario=many_topic_unclear
topic_label_v3_1_12000_11999,"I do not want to switch accidentally, but Air Pressure Systems keeps showing up in my question. I need the system to decide whether this is a bridge or a new topic.",Chord Progressions,Potential Energy | Procrastination | Dependency Conflicts | Pay Stubs | Inductive Reasoning | Circadian Rhythm | Caching | Blood Pressure Regulation | Training Data Bias | Hormone Regulation | Watersheds | Wireframes | Pronoun Reference | Shading Values | Kidney Filtration | Lighting Ratios | Contract Law Basics | Chord Progressions | Air Pressure Systems | Natural Selection,I want to know what to pay attention to first. | What would make this obvious if I saw it somewhere else?,,unclear_topic,0.63,True,v3.1 early_activity_augmented; scenario=many_topic_unclear
topic_label_v3_1_12000_12000,"maybe the topic label should change, but I do not know whether Light as a Wave and Particle is separate enough. The topic list gives me too many plausible homes for it.",Circadian Rhythm,Urban Heat Islands | Chord Progressions | Battery Chemistry | Light as a Wave and Particle | Emotional Regulation | Terminal Velocity | Confidence Intervals | Category Errors | Circadian Rhythm | Environment Variables | Working Memory | Knife Skills | Food Webs | Propaganda | Webhooks | Cash Flow | Map Scale | Color Contrast | Sodium-Potassium Pump | Panic Response | Hormone Regulation | Biodiversity | Cloud Formation | Free Body Diagrams | Angular Momentum | Pain Signals | Fractions | Fight-or-Flight Response | Simple Harmonic Motion | Doppler Effect,"I can recognize it after I see it, but I cannot produce it myself.",,unclear_topic,0.66,True,v3.1 early_activity_augmented; scenario=many_topic_unclear
