id,message,active_topic_name,current_topic_names,previous_user_messages,extracted_label,topic_reference_type,confidence,needs_human_review,reviewer_notes
topic_label_v3_3_discourse_00001,Can you explain that easier?,Trigonometry,Trigonometry,I want to learn about trigonometry. | The unit circle explanation was a bit much.,,active_topic_reference,0.97,True,v3_3_boundary_slice:active_deictic_followup
topic_label_v3_3_discourse_00002,What would that look like?,Wave-Particle Duality,Wave-Particle Duality,I do not understand light being both a wave and a particle. | The wave example helped a little.,,active_topic_reference,0.97,True,v3_3_boundary_slice:active_deictic_followup
topic_label_v3_3_discourse_00003,"This helped, but now I want to understand reinforcement learning.",Trigonometry,Trigonometry | Dopamine | Osmosis | Wave-Particle Duality | Electricity | Derivatives,Can you help me understand sine and cosine? | The triangle example helped.,Reinforcement Learning,explicit_topic_reference,0.97,True,v3_3_boundary_slice:followup_opener_explicit_shift
topic_label_v3_3_discourse_00004,"Wait, why does that happen?",Topic Sentences,Topic Sentences | Free Body Diagrams | Budgeting | Plate Tectonics,,,active_topic_reference,0.91,True,v3_3_boundary_slice:active_deictic_followup
topic_label_v3_3_discourse_00005,What should I notice first?,Gas Laws,Gas Laws | Reinforcement Learning | Passive Voice | Gesture Drawing | Kinetic Energy | Integrals | Plea Bargains | Treaty of Versailles | Osmosis | Systems of Equations | Blind Spot Checks | Logical Fallacies | Circuit Breakers | Blood Pressure Regulation | Executive Function | Carbon Cycle | Potential Energy,Can you help me understand Gas Laws? | The first explanation helped a little.,,active_topic_reference,0.93,True,v3_3_boundary_slice:active_deictic_followup
topic_label_v3_3_discourse_00006,I do not want to switch topics; okay but what is that actually doing?,Photosynthesis,Photosynthesis | Civil Liberties vs Civil Rights | Cold War Proxy Wars,I think Photosynthesis is the topic I am on. | The example made sense while I was reading it.,,active_topic_reference,0.97,True,v3_3_boundary_slice:active_deictic_followup
topic_label_v3_3_discourse_00007,"Before moving on, that example helped, but I still do not see the point.",Photosynthesis,Photosynthesis,We were talking about Photosynthesis. | I got the basic idea but not the deeper part.,,active_topic_reference,0.96,True,v3_3_boundary_slice:active_deictic_followup
topic_label_v3_3_discourse_00008,Can you make this feel less like magic?,Derivatives,Derivatives | Typography | Emotional Regulation | Sodium-Potassium Pump,I asked about Derivatives before. | I do not need more facts yet; I need the shape of it.,,active_topic_reference,0.96,True,v3_3_boundary_slice:active_deictic_followup
topic_label_v3_3_discourse_00009,Could you explain that in a simpler way?,Passive Voice,Passive Voice | Confirmation Bias | Photosynthesis | Lifetime Value | API Authentication | Insurance Deductible | Event Loop | Free Body Diagrams | Cellular Respiration | Close Reading | Tire Pressure | Carbon Cycle | Kinetic Energy | Civil Liberties vs Civil Rights | Air Pressure Systems | Sodium-Potassium Pump | Fractions | Integrals | Regression Lines | Blood Pressure Regulation | Topic Sentences | Cold War Proxy Wars | Bayes Theorem | Electric Fields | Food Webs,I think Passive Voice is the topic I am on. | The example made sense while I was reading it.,,active_topic_reference,0.93,True,v3_3_boundary_slice:active_deictic_followup
topic_label_v3_3_discourse_00010,The topic is still API Authentication. Can you show it visually somehow?,API Authentication,API Authentication | Food Webs | Event Loop | Fractions,I asked about API Authentication before. | I do not need more facts yet; I need the shape of it.,,active_topic_reference,0.90,True,v3_3_boundary_slice:active_deictic_followup
topic_label_v3_3_discourse_00011,Why would that be true?,Plate Tectonics,Plate Tectonics | Ocean Currents | Tokenization | Bayes Theorem | OAuth Flow | Electric Fields | Cold War Proxy Wars | Kinetic Energy | Food Webs | Circuit Breakers | Fractions | Blind Spot Checks | Photosynthesis,Can you help me understand Plate Tectonics? | The first explanation helped a little.,,active_topic_reference,0.93,True,v3_3_boundary_slice:active_deictic_followup
topic_label_v3_3_discourse_00012,That part still feels weird to me.,Renewable Energy Grid,Renewable Energy Grid,We were talking about Renewable Energy Grid. | I got the basic idea but not the deeper part.,,active_topic_reference,0.94,True,v3_3_boundary_slice:active_deictic_followup
topic_label_v3_3_discourse_00013,"I get the words, but not what it is doing.",Defamation,Defamation | Normal Distribution | Blood Pressure Regulation | Passive Voice | Derivatives | Executive Function | Wave-Particle Duality | Free Body Diagrams | Sodium-Potassium Pump | Plate Tectonics | Photosynthesis | Tokenization | Logarithms | Quadratic Functions | Entropy | Resonance | Action Potentials,I think Defamation is the topic I am on. | The example made sense while I was reading it.,,active_topic_reference,0.90,True,v3_3_boundary_slice:active_deictic_followup
topic_label_v3_3_discourse_00014,"I get the words, but not what it is doing.",Mitosis vs Meiosis,Mitosis vs Meiosis | Renewable Energy Grid | OAuth Flow | Logarithms | Measuring Ingredients | Entropy | Inflation | Preterite vs Imperfect | Sodium-Potassium Pump,Can you help me understand Mitosis vs Meiosis? | The first explanation helped a little.,,active_topic_reference,0.88,True,v3_3_boundary_slice:active_deictic_followup
topic_label_v3_3_discourse_00015,I do not want to switch topics; could you show me another example of this?,Budgeting,Budgeting | Confirmation Bias,I asked about Budgeting before. | I do not need more facts yet; I need the shape of it.,,active_topic_reference,0.89,True,v3_3_boundary_slice:active_deictic_followup
topic_label_v3_3_discourse_00016,Could you do one more pass on this?,Preterite vs Imperfect,Preterite vs Imperfect,I asked about Preterite vs Imperfect before. | I do not need more facts yet; I need the shape of it.,,active_topic_reference,0.94,True,v3_3_boundary_slice:active_deictic_followup
topic_label_v3_3_discourse_00017,What does that mean in plain English?,Quadratic Functions,Quadratic Functions,,,active_topic_reference,0.89,True,v3_3_boundary_slice:active_deictic_followup
topic_label_v3_3_discourse_00018,"Wait, why does that happen?",Cold War Proxy Wars,Cold War Proxy Wars,Can you help me understand Cold War Proxy Wars? | The first explanation helped a little.,,active_topic_reference,0.89,True,v3_3_boundary_slice:active_deictic_followup
topic_label_v3_3_discourse_00019,What is the intuition for that?,Reinforcement Learning,Reinforcement Learning | Entropy | Circuit Breakers | Mitosis vs Meiosis | OAuth Flow | Normal Distribution | Osmosis | Carbon Cycle | Gesture Drawing,Can you help me understand Reinforcement Learning? | The first explanation helped a little.,,active_topic_reference,0.96,True,v3_3_boundary_slice:active_deictic_followup
topic_label_v3_3_discourse_00020,I think the issue is the middle step.,Integrals,Integrals | Treaty of Versailles | Environment Variables | Emotional Regulation | Action Potentials | Logical Fallacies | Civil Liberties vs Civil Rights,I asked about Integrals before. | I do not need more facts yet; I need the shape of it.,,active_topic_reference,0.97,True,v3_3_boundary_slice:active_deictic_followup
topic_label_v3_3_discourse_00021,"Hold on, same topic. I know we are still on this, but can you make it more concrete?",Osmosis,Osmosis | Lifetime Value,,,active_topic_reference,0.96,True,v3_3_boundary_slice:active_deictic_followup
topic_label_v3_3_discourse_00022,Could you compare that to the example from before?,Resonance,Resonance,We were talking about Resonance. | I got the basic idea but not the deeper part.,,active_topic_reference,0.93,True,v3_3_boundary_slice:active_deictic_followup
topic_label_v3_3_discourse_00023,Where exactly am I supposed to look in that example?,Systems of Equations,Systems of Equations | Passive Voice | Regression Lines | Gas Laws,I asked about Systems of Equations before. | I do not need more facts yet; I need the shape of it.,,active_topic_reference,0.98,True,v3_3_boundary_slice:active_deictic_followup
topic_label_v3_3_discourse_00024,Could you explain that in a simpler way?,Circuit Breakers,Circuit Breakers | Transit Planning | Supply and Demand | Wave-Particle Duality | Treaty of Versailles | Normal Distribution | Entropy | Topic Sentences | Ocean Currents | Osmosis | Logarithms | OAuth Flow | Pragmatics | Derivatives | Groundwater | Electricity | Tire Pressure | Contract Law Basics | French Pronunciation | Event Loop | Trigonometry | Bayes Theorem | Logical Fallacies | Fractions | Kinetic Energy,,,active_topic_reference,0.91,True,v3_3_boundary_slice:active_deictic_followup
topic_label_v3_3_discourse_00025,Why does it work that way?,Action Potentials,Action Potentials,Can you help me understand Action Potentials? | The first explanation helped a little.,,active_topic_reference,0.97,True,v3_3_boundary_slice:active_deictic_followup
topic_label_v3_3_discourse_00026,The second part is still confusing.,Lifetime Value,Lifetime Value | Kinetic Energy,,,active_topic_reference,0.97,True,v3_3_boundary_slice:active_deictic_followup
topic_label_v3_3_discourse_00027,I think the issue is the middle step.,Event Loop,Event Loop | Executive Function | Electricity | Blood Pressure Regulation | Lifetime Value | OAuth Flow | Ocean Currents | Circuit Breakers | Cold War Proxy Wars,Can you help me understand Event Loop? | The first explanation helped a little.,,active_topic_reference,0.90,True,v3_3_boundary_slice:active_deictic_followup
topic_label_v3_3_discourse_00028,"I am still on Transit Planning, but i do not need a new topic yet; I need that part again.",Transit Planning,Transit Planning | Correlation vs Causation | Plea Bargains,I asked about Transit Planning before. | I do not need more facts yet; I need the shape of it.,,active_topic_reference,0.89,True,v3_3_boundary_slice:active_deictic_followup
topic_label_v3_3_discourse_00029,Can you slow down on this part?,Entropy,Entropy,,,active_topic_reference,0.96,True,v3_3_boundary_slice:active_deictic_followup
topic_label_v3_3_discourse_00030,Could you compare that to the example from before?,Close Reading,Close Reading | Quadratic Functions,I think Close Reading is the topic I am on. | The example made sense while I was reading it.,,active_topic_reference,0.97,True,v3_3_boundary_slice:active_deictic_followup
topic_label_v3_3_discourse_00031,"The topic is still Typography. I get the words, but not what it is doing.",Typography,Typography | OAuth Flow,Can you help me understand Typography? | The first explanation helped a little.,,active_topic_reference,0.95,True,v3_3_boundary_slice:active_deictic_followup
topic_label_v3_3_discourse_00032,I think the issue is the middle step.,Osmosis,Osmosis | Potential Energy | Contract Law Basics | Confirmation Bias | Dopamine | Air Pressure Systems | Passive Voice | Gesture Drawing | Reading Comprehension | Correlation vs Causation | Resonance | Vector Search | Executive Function | OAuth Flow | Sodium-Potassium Pump | Carbon Cycle | Regression Lines | Gas Laws | Quadratic Functions | Entropy | Preterite vs Imperfect | Trigonometry | Systems of Equations | Kinetic Energy | Budgeting,We were talking about Osmosis. | I got the basic idea but not the deeper part.,,active_topic_reference,0.95,True,v3_3_boundary_slice:active_deictic_followup
topic_label_v3_3_discourse_00033,Could you compare that to the example from before?,Electric Fields,Electric Fields | Systems of Equations,We were talking about Electric Fields. | I got the basic idea but not the deeper part.,,active_topic_reference,0.97,True,v3_3_boundary_slice:active_deictic_followup
topic_label_v3_3_discourse_00034,Can you give me the baby version of that?,Wave-Particle Duality,Wave-Particle Duality,I do not understand light being both a wave and a particle. | The wave example helped a little.,,active_topic_reference,0.92,True,v3_3_boundary_slice:active_deictic_followup
topic_label_v3_3_discourse_00035,How does that connect to the example?,Plea Bargains,Plea Bargains | Typography | Emotional Regulation,I think Plea Bargains is the topic I am on. | The example made sense while I was reading it.,,active_topic_reference,0.91,True,v3_3_boundary_slice:active_deictic_followup
topic_label_v3_3_discourse_00036,What is the intuition for that?,Correlation vs Causation,Correlation vs Causation | Entropy | Close Reading | Passive Voice | Environment Variables | Derivatives | Topic Sentences | Blind Spot Checks | Event Loop | Pragmatics | Emotional Regulation | Wave-Particle Duality | Normal Distribution | Potential Energy | Groundwater | Torque | Photosynthesis | Logarithms | Osmosis | Electricity | Vector Search | Reinforcement Learning | Free Body Diagrams | Reading Comprehension | Carbon Cycle,We were talking about Correlation vs Causation. | I got the basic idea but not the deeper part.,,active_topic_reference,0.95,True,v3_3_boundary_slice:active_deictic_followup
topic_label_v3_3_discourse_00037,How does that connect to the example?,Integrals,Integrals,,,active_topic_reference,0.90,True,v3_3_boundary_slice:active_deictic_followup
topic_label_v3_3_discourse_00038,"Hold on, same topic. Can you show it visually somehow?",Renewable Energy Grid,Renewable Energy Grid,,,active_topic_reference,0.89,True,v3_3_boundary_slice:active_deictic_followup
topic_label_v3_3_discourse_00039,I lost the thread right there.,Blind Spot Checks,Blind Spot Checks | Insurance Deductible | Cellular Respiration | Mitosis vs Meiosis | Reinforcement Learning | Electric Fields | Gesture Drawing | Contract Law Basics | Executive Function | Fractions | Supply and Demand | Blood Pressure Regulation | Logarithms | Integrals | Bayes Theorem | Normal Distribution | Topic Sentences | Treaty of Versailles | Emotional Regulation | Air Pressure Systems | Environment Variables | Plate Tectonics | Budgeting | Regression Lines | Passive Voice,,,active_topic_reference,0.93,True,v3_3_boundary_slice:active_deictic_followup
topic_label_v3_3_discourse_00040,What would that look like?,Electricity,Electricity | Insurance Deductible | Environment Variables | Bayes Theorem,,,active_topic_reference,0.93,True,v3_3_boundary_slice:active_deictic_followup
topic_label_v3_3_discourse_00041,The second part is still confusing.,Plea Bargains,Plea Bargains,I asked about Plea Bargains before. | I do not need more facts yet; I need the shape of it.,,active_topic_reference,0.95,True,v3_3_boundary_slice:active_deictic_followup
topic_label_v3_3_discourse_00042,Okay but what is that actually doing?,Tokenization,Tokenization | Supply and Demand | Osmosis,I think Tokenization is the topic I am on. | The example made sense while I was reading it.,,active_topic_reference,0.89,True,v3_3_boundary_slice:active_deictic_followup
topic_label_v3_3_discourse_00043,Could you explain that in a simpler way?,Circuit Breakers,Circuit Breakers | Osmosis | Gas Laws | Ocean Currents,I think Circuit Breakers is the topic I am on. | The example made sense while I was reading it.,,active_topic_reference,0.96,True,v3_3_boundary_slice:active_deictic_followup
topic_label_v3_3_discourse_00044,The topic is still Event Loop. That makes sense for one second and then I lose it.,Event Loop,Event Loop,We were talking about Event Loop. | I got the basic idea but not the deeper part.,,active_topic_reference,0.98,True,v3_3_boundary_slice:active_deictic_followup
topic_label_v3_3_discourse_00045,"Wait, why does that happen?",Correlation vs Causation,Correlation vs Causation | Close Reading,We were talking about Correlation vs Causation. | I got the basic idea but not the deeper part.,,active_topic_reference,0.93,True,v3_3_boundary_slice:active_deictic_followup
topic_label_v3_3_discourse_00046,"I am still on Event Loop, but could you explain that in a simpler way?",Event Loop,Event Loop | Logical Fallacies | Integrals | Lifetime Value | Contract Law Basics | Color Contrast | Photosynthesis | Quadratic Functions | Budgeting,Can you help me understand Event Loop? | The first explanation helped a little.,,active_topic_reference,0.93,True,v3_3_boundary_slice:active_deictic_followup
topic_label_v3_3_discourse_00047,The second part is still confusing.,Plate Tectonics,Plate Tectonics,We were talking about Plate Tectonics. | I got the basic idea but not the deeper part.,,active_topic_reference,0.90,True,v3_3_boundary_slice:active_deictic_followup
topic_label_v3_3_discourse_00048,"Hold on, same topic. Can you explain that easier?",Integrals,Integrals | Caching | Topic Sentences | Insurance Deductible,,,active_topic_reference,0.91,True,v3_3_boundary_slice:active_deictic_followup
topic_label_v3_3_discourse_00049,Could you make the same point with a tiny example?,Quadratic Functions,Quadratic Functions | Kinetic Energy | Blood Pressure Regulation | Systems of Equations | Gesture Drawing | Torque | Caching | Resonance | Bayes Theorem | Mitosis vs Meiosis | Contract Law Basics | Emotional Regulation | Lifetime Value,Can you help me understand Quadratic Functions? | The first explanation helped a little.,,active_topic_reference,0.97,True,v3_3_boundary_slice:active_deictic_followup
topic_label_v3_3_discourse_00050,"Before moving on, the label is fine, but the actual meaning is not landing.",Typography,Typography | Contract Law Basics | Preterite vs Imperfect,I think Typography is the topic I am on. | The example made sense while I was reading it.,,active_topic_reference,0.91,True,v3_3_boundary_slice:active_deictic_followup
topic_label_v3_3_discourse_00051,Why does it work that way?,Emotional Regulation,Emotional Regulation | Budgeting | Plate Tectonics | Preterite vs Imperfect | Trigonometry | Reading Comprehension | Confirmation Bias | Event Loop | Blood Pressure Regulation | Topic Sentences | French Pronunciation | Caching | Osmosis | Cloud Formation | Integrals | Inflation | OAuth Flow | Renewable Energy Grid | Electricity | Transit Planning | API Authentication | Gas Laws | Regression Lines | Carbon Cycle | Insurance Deductible,Can you help me understand Emotional Regulation? | The first explanation helped a little.,,active_topic_reference,0.97,True,v3_3_boundary_slice:active_deictic_followup
topic_label_v3_3_discourse_00052,Can we stay here and make this less abstract?,Vector Search,Vector Search,Can you help me understand Vector Search? | The first explanation helped a little.,,active_topic_reference,0.97,True,v3_3_boundary_slice:active_deictic_followup
topic_label_v3_3_discourse_00053,I think the issue is the middle step.,Action Potentials,Action Potentials | Logical Fallacies | Reading Comprehension | Transit Planning | API Authentication | Color Contrast | Reinforcement Learning | Kinetic Energy | Dopamine | Carbon Cycle | Free Body Diagrams | Inflation | Wave-Particle Duality | Bayes Theorem | Cloud Formation | Mitosis vs Meiosis | Emotional Regulation,I think Action Potentials is the topic I am on. | The example made sense while I was reading it.,,active_topic_reference,0.94,True,v3_3_boundary_slice:active_deictic_followup
topic_label_v3_3_discourse_00054,"I am still on Environment Variables, but could you make the same point with a tiny example?",Environment Variables,Environment Variables | Supply and Demand | Caching | Kinetic Energy | Lifetime Value | Fractions | Free Body Diagrams | Electricity | Close Reading | Measuring Ingredients | Trigonometry | Groundwater | Contract Law Basics,I think Environment Variables is the topic I am on. | The example made sense while I was reading it.,,active_topic_reference,0.97,True,v3_3_boundary_slice:active_deictic_followup
topic_label_v3_3_discourse_00055,The topic is still Defamation. Can you make this feel less like magic?,Defamation,Defamation | Circuit Breakers | Gas Laws | Supply and Demand | Correlation vs Causation | Electric Fields | Caching | Renewable Energy Grid | Potential Energy | Color Contrast | Topic Sentences | Insurance Deductible | Bayes Theorem | Logarithms | Civil Liberties vs Civil Rights | Osmosis | Reinforcement Learning | Confirmation Bias | Sodium-Potassium Pump | Lifetime Value | Groundwater | French Pronunciation | Carbon Cycle | Normal Distribution | Environment Variables,Can you help me understand Defamation? | The first explanation helped a little.,,active_topic_reference,0.97,True,v3_3_boundary_slice:active_deictic_followup
topic_label_v3_3_discourse_00056,I do not want to switch topics; can you explain that easier?,Reinforcement Learning,Reinforcement Learning | Plate Tectonics | Renewable Energy Grid,We were talking about Reinforcement Learning. | I got the basic idea but not the deeper part.,,active_topic_reference,0.96,True,v3_3_boundary_slice:active_deictic_followup
topic_label_v3_3_discourse_00057,"I think I get the first part, but the next part is blurry.",Regression Lines,Regression Lines | Insurance Deductible,I think Regression Lines is the topic I am on. | The example made sense while I was reading it.,,active_topic_reference,0.89,True,v3_3_boundary_slice:active_deictic_followup
topic_label_v3_3_discourse_00058,What would that look like?,Circuit Breakers,Circuit Breakers | Cold War Proxy Wars | Supply and Demand | Gas Laws,I asked about Circuit Breakers before. | I do not need more facts yet; I need the shape of it.,,active_topic_reference,0.96,True,v3_3_boundary_slice:active_deictic_followup
topic_label_v3_3_discourse_00059,"I do not want to switch topics; i know we are still on this, but can you make it more concrete?",Gas Laws,Gas Laws | Executive Function | Logarithms | Cold War Proxy Wars | Inflation | OAuth Flow | Typography | Bayes Theorem | Close Reading,,,active_topic_reference,0.91,True,v3_3_boundary_slice:active_deictic_followup
topic_label_v3_3_discourse_00060,Can you make this feel less like magic?,Normal Distribution,Normal Distribution | Food Webs | Cold War Proxy Wars | Action Potentials | Executive Function | Environment Variables | Systems of Equations | Reinforcement Learning | Insurance Deductible | Mitosis vs Meiosis | Passive Voice | Supply and Demand | Electricity | Measuring Ingredients | Tokenization | Civil Liberties vs Civil Rights | Electric Fields,We were talking about Normal Distribution. | I got the basic idea but not the deeper part.,,active_topic_reference,0.90,True,v3_3_boundary_slice:active_deictic_followup
topic_label_v3_3_discourse_00061,What is the intuition for that?,Gesture Drawing,Gesture Drawing | Quadratic Functions | Blind Spot Checks | Topic Sentences | Food Webs | Event Loop | Tokenization | Color Contrast | Inflation,,,active_topic_reference,0.93,True,v3_3_boundary_slice:active_deictic_followup
topic_label_v3_3_discourse_00062,The second part is still confusing.,Ocean Currents,Ocean Currents | Caching | Bayes Theorem | Sodium-Potassium Pump,I asked about Ocean Currents before. | I do not need more facts yet; I need the shape of it.,,active_topic_reference,0.91,True,v3_3_boundary_slice:active_deictic_followup
topic_label_v3_3_discourse_00063,Could you make the same point with a tiny example?,Transit Planning,Transit Planning,I asked about Transit Planning before. | I do not need more facts yet; I need the shape of it.,,active_topic_reference,0.92,True,v3_3_boundary_slice:active_deictic_followup
topic_label_v3_3_discourse_00064,I do not want to switch topics; could you show me another example of this?,Emotional Regulation,Emotional Regulation,Can you help me understand Emotional Regulation? | The first explanation helped a little.,,active_topic_reference,0.91,True,v3_3_boundary_slice:active_deictic_followup
topic_label_v3_3_discourse_00065,How does that connect to the example?,Transit Planning,Transit Planning | Resonance | Blood Pressure Regulation | Bayes Theorem,,,active_topic_reference,0.89,True,v3_3_boundary_slice:active_deictic_followup
topic_label_v3_3_discourse_00066,Could you compare that to the example from before?,Civil Liberties vs Civil Rights,Civil Liberties vs Civil Rights,We were talking about Civil Liberties vs Civil Rights. | I got the basic idea but not the deeper part.,,active_topic_reference,0.92,True,v3_3_boundary_slice:active_deictic_followup
topic_label_v3_3_discourse_00067,Could you show me another example of this?,Tire Pressure,Tire Pressure,I think Tire Pressure is the topic I am on. | The example made sense while I was reading it.,,active_topic_reference,0.92,True,v3_3_boundary_slice:active_deictic_followup
topic_label_v3_3_discourse_00068,Can you make this feel less like magic?,Logarithms,Logarithms | Dopamine,Can you help me understand Logarithms? | The first explanation helped a little.,,active_topic_reference,0.89,True,v3_3_boundary_slice:active_deictic_followup
topic_label_v3_3_discourse_00069,"I am still on Plate Tectonics, but can you explain that easier?",Plate Tectonics,Plate Tectonics | Contract Law Basics | Logarithms,Can you help me understand Plate Tectonics? | The first explanation helped a little.,,active_topic_reference,0.90,True,v3_3_boundary_slice:active_deictic_followup
topic_label_v3_3_discourse_00070,This is the part I keep slipping on.,Event Loop,Event Loop,I think Event Loop is the topic I am on. | The example made sense while I was reading it.,,active_topic_reference,0.97,True,v3_3_boundary_slice:active_deictic_followup
topic_label_v3_3_discourse_00071,The second part is still confusing.,Entropy,Entropy | Renewable Energy Grid | Free Body Diagrams,I think Entropy is the topic I am on. | The example made sense while I was reading it.,,active_topic_reference,0.94,True,v3_3_boundary_slice:active_deictic_followup
topic_label_v3_3_discourse_00072,Could you show me another example of this?,Fractions,Fractions | Topic Sentences | Executive Function | Derivatives | Dopamine | Gas Laws | Contract Law Basics | Logarithms | Civil Liberties vs Civil Rights,We were talking about Fractions. | I got the basic idea but not the deeper part.,,active_topic_reference,0.95,True,v3_3_boundary_slice:active_deictic_followup
topic_label_v3_3_discourse_00073,What would that look like?,Tire Pressure,Tire Pressure,I asked about Tire Pressure before. | I do not need more facts yet; I need the shape of it.,,active_topic_reference,0.90,True,v3_3_boundary_slice:active_deictic_followup
topic_label_v3_3_discourse_00074,"I am still on Measuring Ingredients, but the label is fine, but the actual meaning is not landing.",Measuring Ingredients,Measuring Ingredients | Lifetime Value | Insurance Deductible,,,active_topic_reference,0.97,True,v3_3_boundary_slice:active_deictic_followup
topic_label_v3_3_discourse_00075,Okay but what is that actually doing?,Logarithms,Logarithms | Osmosis | Preterite vs Imperfect | Regression Lines | API Authentication | Measuring Ingredients | Plate Tectonics | Defamation | Free Body Diagrams | Trigonometry | Emotional Regulation | OAuth Flow | Fractions,,,active_topic_reference,0.95,True,v3_3_boundary_slice:active_deictic_followup
topic_label_v3_3_discourse_00076,I lost the thread right there.,Topic Sentences,Topic Sentences,Can you help me understand Topic Sentences? | The first explanation helped a little.,,active_topic_reference,0.90,True,v3_3_boundary_slice:active_deictic_followup
topic_label_v3_3_discourse_00077,Can you give me the baby version of that?,Close Reading,Close Reading | Trigonometry | Color Contrast | Regression Lines | Cellular Respiration | Dopamine | Blood Pressure Regulation | Carbon Cycle | Free Body Diagrams,I asked about Close Reading before. | I do not need more facts yet; I need the shape of it.,,active_topic_reference,0.89,True,v3_3_boundary_slice:active_deictic_followup
topic_label_v3_3_discourse_00078,Could you show me another example of this?,Circuit Breakers,Circuit Breakers | Confirmation Bias | Blood Pressure Regulation | Gesture Drawing | Electricity | Reinforcement Learning | Insurance Deductible | Cloud Formation | Wave-Particle Duality,I think Circuit Breakers is the topic I am on. | The example made sense while I was reading it.,,active_topic_reference,0.89,True,v3_3_boundary_slice:active_deictic_followup
topic_label_v3_3_discourse_00079,"I am close, but this part is not clicking.",Transit Planning,Transit Planning | Action Potentials | Regression Lines | Derivatives | Confirmation Bias | Contract Law Basics | Quadratic Functions | Air Pressure Systems | Resonance,,,active_topic_reference,0.93,True,v3_3_boundary_slice:active_deictic_followup
topic_label_v3_3_discourse_00080,I do not want to switch topics; can you say that another way?,Air Pressure Systems,Air Pressure Systems | Measuring Ingredients | Torque | Blood Pressure Regulation | Pragmatics | Kinetic Energy | Photosynthesis,Can you help me understand Air Pressure Systems? | The first explanation helped a little.,,active_topic_reference,0.96,True,v3_3_boundary_slice:active_deictic_followup
topic_label_v3_3_discourse_00081,The topic is still API Authentication. Could you do one more pass on this?,API Authentication,API Authentication,I asked about API Authentication before. | I do not need more facts yet; I need the shape of it.,,active_topic_reference,0.92,True,v3_3_boundary_slice:active_deictic_followup
topic_label_v3_3_discourse_00082,"Hold on, same topic. That part still feels weird to me.",Osmosis,Osmosis,I think Osmosis is the topic I am on. | The example made sense while I was reading it.,,active_topic_reference,0.91,True,v3_3_boundary_slice:active_deictic_followup
topic_label_v3_3_discourse_00083,"The label is fine, but the actual meaning is not landing.",Quadratic Functions,Quadratic Functions,I think Quadratic Functions is the topic I am on. | The example made sense while I was reading it.,,active_topic_reference,0.95,True,v3_3_boundary_slice:active_deictic_followup
topic_label_v3_3_discourse_00084,I do not want to switch topics; i lost the thread right there.,Executive Function,Executive Function | Treaty of Versailles | Dopamine | Pragmatics | Kidney Filtration | Preterite vs Imperfect | Civil Liberties vs Civil Rights,I think Executive Function is the topic I am on. | The example made sense while I was reading it.,,active_topic_reference,0.97,True,v3_3_boundary_slice:active_deictic_followup
topic_label_v3_3_discourse_00085,The second part is still confusing.,Logarithms,Logarithms,We were talking about Logarithms. | I got the basic idea but not the deeper part.,,active_topic_reference,0.89,True,v3_3_boundary_slice:active_deictic_followup
topic_label_v3_3_discourse_00086,That makes sense for one second and then I lose it.,Resonance,Resonance,Can you help me understand Resonance? | The first explanation helped a little.,,active_topic_reference,0.92,True,v3_3_boundary_slice:active_deictic_followup
topic_label_v3_3_discourse_00087,Could you show me another example of this?,Renewable Energy Grid,Renewable Energy Grid | Transit Planning | French Pronunciation,We were talking about Renewable Energy Grid. | I got the basic idea but not the deeper part.,,active_topic_reference,0.93,True,v3_3_boundary_slice:active_deictic_followup
topic_label_v3_3_discourse_00088,Can you unpack that sentence?,Inflation,Inflation,,,active_topic_reference,0.95,True,v3_3_boundary_slice:active_deictic_followup
topic_label_v3_3_discourse_00089,I think the issue is the middle step.,Logarithms,Logarithms | Normal Distribution | Integrals,I think Logarithms is the topic I am on. | The example made sense while I was reading it.,,active_topic_reference,0.96,True,v3_3_boundary_slice:active_deictic_followup
topic_label_v3_3_discourse_00090,"Before moving on, could you explain that in a simpler way?",Inflation,Inflation,Can you help me understand Inflation? | The first explanation helped a little.,,active_topic_reference,0.94,True,v3_3_boundary_slice:active_deictic_followup
topic_label_v3_3_discourse_00091,"Before moving on, can you make this feel less like magic?",Civil Liberties vs Civil Rights,Civil Liberties vs Civil Rights | Typography | Fractions | Insurance Deductible | Event Loop | Regression Lines | Transit Planning | Logarithms | Trigonometry,,,active_topic_reference,0.91,True,v3_3_boundary_slice:active_deictic_followup
topic_label_v3_3_discourse_00092,"The topic is still Cloud Formation. Wait, why does that happen?",Cloud Formation,Cloud Formation | Environment Variables | Typography | Derivatives | Cellular Respiration | Carbon Cycle | Contract Law Basics | Gesture Drawing | Cold War Proxy Wars | Supply and Demand | Plea Bargains | Correlation vs Causation | Close Reading | OAuth Flow | Systems of Equations | Tokenization | Groundwater,,,active_topic_reference,0.89,True,v3_3_boundary_slice:active_deictic_followup
topic_label_v3_3_discourse_00093,Can you give me the baby version of that?,Insurance Deductible,Insurance Deductible | Electric Fields,Can you help me understand Insurance Deductible? | The first explanation helped a little.,,active_topic_reference,0.90,True,v3_3_boundary_slice:active_deictic_followup
topic_label_v3_3_discourse_00094,Why does it work that way?,Kinetic Energy,Kinetic Energy | Torque,,,active_topic_reference,0.92,True,v3_3_boundary_slice:active_deictic_followup
topic_label_v3_3_discourse_00095,Can you explain that easier?,Cloud Formation,Cloud Formation,I think Cloud Formation is the topic I am on. | The example made sense while I was reading it.,,active_topic_reference,0.92,True,v3_3_boundary_slice:active_deictic_followup
topic_label_v3_3_discourse_00096,I lost the thread right there.,Plea Bargains,Plea Bargains,,,active_topic_reference,0.94,True,v3_3_boundary_slice:active_deictic_followup
topic_label_v3_3_discourse_00097,That makes sense for one second and then I lose it.,Measuring Ingredients,Measuring Ingredients | Topic Sentences | Civil Liberties vs Civil Rights | Renewable Energy Grid | Carbon Cycle | Confirmation Bias | Sodium-Potassium Pump | Tire Pressure | Entropy | Passive Voice | Potential Energy | Torque | Ocean Currents | Food Webs | Mitosis vs Meiosis | Blood Pressure Regulation | Trigonometry | Typography | Executive Function | Normal Distribution | Free Body Diagrams | Plate Tectonics | Fractions | Logarithms | Systems of Equations,,,active_topic_reference,0.94,True,v3_3_boundary_slice:active_deictic_followup
topic_label_v3_3_discourse_00098,Could you compare that to the example from before?,Reinforcement Learning,Reinforcement Learning,We were talking about Reinforcement Learning. | I got the basic idea but not the deeper part.,,active_topic_reference,0.88,True,v3_3_boundary_slice:active_deictic_followup
topic_label_v3_3_discourse_00099,Could you explain that in a simpler way?,Potential Energy,Potential Energy | Correlation vs Causation | Event Loop | Inflation | Tire Pressure | Kinetic Energy | OAuth Flow | Color Contrast | French Pronunciation | Emotional Regulation | Dopamine | Torque | Blood Pressure Regulation,I think Potential Energy is the topic I am on. | The example made sense while I was reading it.,,active_topic_reference,0.97,True,v3_3_boundary_slice:active_deictic_followup
topic_label_v3_3_discourse_00100,Can you slow down on this part?,Civil Liberties vs Civil Rights,Civil Liberties vs Civil Rights,I asked about Civil Liberties vs Civil Rights before. | I do not need more facts yet; I need the shape of it.,,active_topic_reference,0.97,True,v3_3_boundary_slice:active_deictic_followup
topic_label_v3_3_discourse_00101,Where exactly am I supposed to look in that example?,Gesture Drawing,Gesture Drawing | Cellular Respiration | Blind Spot Checks | Caching | Cold War Proxy Wars | Executive Function | Lifetime Value | Systems of Equations | Quadratic Functions,,,active_topic_reference,0.91,True,v3_3_boundary_slice:active_deictic_followup
topic_label_v3_3_discourse_00102,I do not want to switch topics; could you do one more pass on this?,Logical Fallacies,Logical Fallacies,We were talking about Logical Fallacies. | I got the basic idea but not the deeper part.,,active_topic_reference,0.97,True,v3_3_boundary_slice:active_deictic_followup
topic_label_v3_3_discourse_00103,Can you give me the baby version of that?,Blind Spot Checks,Blind Spot Checks,,,active_topic_reference,0.91,True,v3_3_boundary_slice:active_deictic_followup
topic_label_v3_3_discourse_00104,"That example helped, but I still do not see the point.",Groundwater,Groundwater | Environment Variables,I asked about Groundwater before. | I do not need more facts yet; I need the shape of it.,,active_topic_reference,0.92,True,v3_3_boundary_slice:active_deictic_followup
topic_label_v3_3_discourse_00105,"Hold on, same topic. That part still feels weird to me.",Quadratic Functions,Quadratic Functions | Wave-Particle Duality | Sodium-Potassium Pump | Tokenization,,,active_topic_reference,0.89,True,v3_3_boundary_slice:active_deictic_followup
topic_label_v3_3_discourse_00106,Can you make this feel less like magic?,Entropy,Entropy | Emotional Regulation | Ocean Currents | Plea Bargains | Treaty of Versailles | Dopamine | Budgeting | Typography | Cold War Proxy Wars | Electric Fields | Osmosis | Regression Lines | Logarithms | Electricity | Derivatives | Pragmatics | Photosynthesis | Preterite vs Imperfect | Defamation | Fractions | Passive Voice | Sodium-Potassium Pump | Plate Tectonics | Executive Function | Gas Laws,I think Entropy is the topic I am on. | The example made sense while I was reading it.,,active_topic_reference,0.98,True,v3_3_boundary_slice:active_deictic_followup
topic_label_v3_3_discourse_00107,"I am still on Resonance, but what is the intuition for that?",Resonance,Resonance | Circuit Breakers | Normal Distribution | Food Webs | Kinetic Energy | Cellular Respiration | Close Reading | Torque | Caching | Plate Tectonics | Air Pressure Systems | Budgeting | Civil Liberties vs Civil Rights | Carbon Cycle | Mitosis vs Meiosis | Free Body Diagrams | Gas Laws,,,active_topic_reference,0.90,True,v3_3_boundary_slice:active_deictic_followup
topic_label_v3_3_discourse_00108,Can you give me the baby version of that?,Topic Sentences,Topic Sentences | Pragmatics | Free Body Diagrams | Inflation | Wave-Particle Duality | Plate Tectonics | Ocean Currents,Can you help me understand Topic Sentences? | The first explanation helped a little.,,active_topic_reference,0.89,True,v3_3_boundary_slice:active_deictic_followup
topic_label_v3_3_discourse_00109,"Hold on, same topic. I do not need a new topic yet; I need that part again.",Bayes Theorem,Bayes Theorem | French Pronunciation | Logical Fallacies | Measuring Ingredients,Can you help me understand Bayes Theorem? | The first explanation helped a little.,,active_topic_reference,0.92,True,v3_3_boundary_slice:active_deictic_followup
topic_label_v3_3_discourse_00110,"The topic is still Fractions. I think I get the first part, but the next part is blurry.",Fractions,Fractions | Civil Liberties vs Civil Rights | OAuth Flow | Air Pressure Systems,Can you help me understand Fractions? | The first explanation helped a little.,,active_topic_reference,0.97,True,v3_3_boundary_slice:active_deictic_followup
topic_label_v3_3_discourse_00111,Could you explain that in a simpler way?,Logical Fallacies,Logical Fallacies | Blind Spot Checks | Quadratic Functions,We were talking about Logical Fallacies. | I got the basic idea but not the deeper part.,,active_topic_reference,0.96,True,v3_3_boundary_slice:active_deictic_followup
topic_label_v3_3_discourse_00112,What is the intuition for that?,Gesture Drawing,Gesture Drawing | Pragmatics | Correlation vs Causation | Carbon Cycle,Can you help me understand Gesture Drawing? | The first explanation helped a little.,,active_topic_reference,0.93,True,v3_3_boundary_slice:active_deictic_followup
topic_label_v3_3_discourse_00113,Can you give me the baby version of that?,Integrals,Integrals | Kidney Filtration | Confirmation Bias,Can you help me understand Integrals? | The first explanation helped a little.,,active_topic_reference,0.91,True,v3_3_boundary_slice:active_deictic_followup
topic_label_v3_3_discourse_00114,What should I notice first?,Plate Tectonics,Plate Tectonics | Blood Pressure Regulation | Event Loop | Typography | Action Potentials | Lifetime Value | Inflation | Tire Pressure | API Authentication,I asked about Plate Tectonics before. | I do not need more facts yet; I need the shape of it.,,active_topic_reference,0.98,True,v3_3_boundary_slice:active_deictic_followup
topic_label_v3_3_discourse_00115,"Same topic, but can you make it more step-by-step?",Sodium-Potassium Pump,Sodium-Potassium Pump | Renewable Energy Grid | Treaty of Versailles | Insurance Deductible,We were talking about Sodium-Potassium Pump. | I got the basic idea but not the deeper part.,,active_topic_reference,0.89,True,v3_3_boundary_slice:active_deictic_followup
topic_label_v3_3_discourse_00116,Can you unpack that sentence?,Entropy,Entropy | Electric Fields | Quadratic Functions | French Pronunciation | Integrals | Reinforcement Learning | Tire Pressure | Cellular Respiration | Preterite vs Imperfect | Event Loop | API Authentication | Trigonometry | Groundwater | Budgeting | Resonance | Osmosis | Gas Laws | Gesture Drawing | Cloud Formation | Ocean Currents | Dopamine | Carbon Cycle | Plea Bargains | Wave-Particle Duality | Inflation,I asked about Entropy before. | I do not need more facts yet; I need the shape of it.,,active_topic_reference,0.98,True,v3_3_boundary_slice:active_deictic_followup
topic_label_v3_3_discourse_00117,"I am not asking a new thing, I just need this part clearer.",Electric Fields,Electric Fields,I asked about Electric Fields before. | I do not need more facts yet; I need the shape of it.,,active_topic_reference,0.90,True,v3_3_boundary_slice:active_deictic_followup
topic_label_v3_3_discourse_00118,The topic is still Gas Laws. What is the intuition for that?,Gas Laws,Gas Laws | Cloud Formation | Torque | Regression Lines | Correlation vs Causation | Resonance | Systems of Equations,We were talking about Gas Laws. | I got the basic idea but not the deeper part.,,active_topic_reference,0.97,True,v3_3_boundary_slice:active_deictic_followup
topic_label_v3_3_discourse_00119,Could you explain that in a simpler way?,Electric Fields,Electric Fields | Measuring Ingredients | Logical Fallacies | Normal Distribution | Color Contrast | Plea Bargains | Close Reading | Gesture Drawing | Insurance Deductible | French Pronunciation | Defamation | Carbon Cycle | Fractions | Trigonometry | Executive Function | Civil Liberties vs Civil Rights | Reading Comprehension | Transit Planning | Photosynthesis | Free Body Diagrams | Regression Lines | Tire Pressure | Budgeting | Integrals | Vector Search,I asked about Electric Fields before. | I do not need more facts yet; I need the shape of it.,,active_topic_reference,0.90,True,v3_3_boundary_slice:active_deictic_followup
topic_label_v3_3_discourse_00120,What does that mean in plain English?,Caching,Caching,Can you help me understand Caching? | The first explanation helped a little.,,active_topic_reference,0.96,True,v3_3_boundary_slice:active_deictic_followup
topic_label_v3_3_discourse_00121,I do not want to switch topics; can you show it visually somehow?,Osmosis,Osmosis | Vector Search | Gesture Drawing | Contract Law Basics | Cloud Formation | Electricity | Potential Energy | Executive Function | Defamation | Air Pressure Systems | Emotional Regulation | Trigonometry | Electric Fields | Reinforcement Learning | Quadratic Functions | Plea Bargains | Preterite vs Imperfect,I think Osmosis is the topic I am on. | The example made sense while I was reading it.,,active_topic_reference,0.90,True,v3_3_boundary_slice:active_deictic_followup
topic_label_v3_3_discourse_00122,"Before moving on, can you say that another way?",Free Body Diagrams,Free Body Diagrams | Air Pressure Systems,Can you help me understand Free Body Diagrams? | The first explanation helped a little.,,active_topic_reference,0.97,True,v3_3_boundary_slice:active_deictic_followup
topic_label_v3_3_discourse_00123,Can you say that another way?,Topic Sentences,Topic Sentences | Systems of Equations | French Pronunciation | Event Loop | Cold War Proxy Wars | Entropy | Logical Fallacies | Cloud Formation | Food Webs | Photosynthesis | Circuit Breakers | Bayes Theorem | Integrals | Mitosis vs Meiosis | Color Contrast | Pragmatics | Air Pressure Systems,Can you help me understand Topic Sentences? | The first explanation helped a little.,,active_topic_reference,0.90,True,v3_3_boundary_slice:active_deictic_followup
topic_label_v3_3_discourse_00124,"Before moving on, i think I get the first part, but the next part is blurry.",Blood Pressure Regulation,Blood Pressure Regulation | Free Body Diagrams | Reading Comprehension | Sodium-Potassium Pump | Civil Liberties vs Civil Rights | Potential Energy | Circuit Breakers | Reinforcement Learning | Kinetic Energy | Photosynthesis | French Pronunciation | Emotional Regulation | Vector Search,I think Blood Pressure Regulation is the topic I am on. | The example made sense while I was reading it.,,active_topic_reference,0.91,True,v3_3_boundary_slice:active_deictic_followup
topic_label_v3_3_discourse_00125,Could you show me another example of this?,Derivatives,Derivatives | Event Loop | Action Potentials | Resonance,I think Derivatives is the topic I am on. | The example made sense while I was reading it.,,active_topic_reference,0.89,True,v3_3_boundary_slice:active_deictic_followup
topic_label_v3_3_discourse_00126,What should I notice first?,Kidney Filtration,Kidney Filtration,Can you help me understand Kidney Filtration? | The first explanation helped a little.,,active_topic_reference,0.95,True,v3_3_boundary_slice:active_deictic_followup
topic_label_v3_3_discourse_00127,Can you unpack that sentence?,API Authentication,API Authentication,I asked about API Authentication before. | I do not need more facts yet; I need the shape of it.,,active_topic_reference,0.98,True,v3_3_boundary_slice:active_deictic_followup
topic_label_v3_3_discourse_00128,That part still feels weird to me.,Bayes Theorem,Bayes Theorem,We were talking about Bayes Theorem. | I got the basic idea but not the deeper part.,,active_topic_reference,0.98,True,v3_3_boundary_slice:active_deictic_followup
topic_label_v3_3_discourse_00129,What does that mean in plain English?,Fractions,Fractions | Plate Tectonics | Derivatives | Treaty of Versailles | Caching | Bayes Theorem | Osmosis | Cellular Respiration | Mitosis vs Meiosis,,,active_topic_reference,0.90,True,v3_3_boundary_slice:active_deictic_followup
topic_label_v3_3_discourse_00130,What is the intuition for that?,Integrals,Integrals | Plate Tectonics | Osmosis,I asked about Integrals before. | I do not need more facts yet; I need the shape of it.,,active_topic_reference,0.89,True,v3_3_boundary_slice:active_deictic_followup
topic_label_v3_3_discourse_00131,I do not want to switch topics; what does that mean in plain English?,Fractions,Fractions,We were talking about Fractions. | I got the basic idea but not the deeper part.,,active_topic_reference,0.92,True,v3_3_boundary_slice:active_deictic_followup
topic_label_v3_3_discourse_00132,What should I notice first?,Cellular Respiration,Cellular Respiration,Can you help me understand Cellular Respiration? | The first explanation helped a little.,,active_topic_reference,0.89,True,v3_3_boundary_slice:active_deictic_followup
topic_label_v3_3_discourse_00133,Could you make the same point with a tiny example?,Electricity,Electricity,I asked about Electricity before. | I do not need more facts yet; I need the shape of it.,,active_topic_reference,0.98,True,v3_3_boundary_slice:active_deictic_followup
topic_label_v3_3_discourse_00134,The second part is still confusing.,Blind Spot Checks,Blind Spot Checks | OAuth Flow | Normal Distribution | Electric Fields | Tire Pressure | Torque | Groundwater,Can you help me understand Blind Spot Checks? | The first explanation helped a little.,,active_topic_reference,0.95,True,v3_3_boundary_slice:active_deictic_followup
topic_label_v3_3_discourse_00135,"Before moving on, can you say that another way?",Entropy,Entropy | OAuth Flow | Derivatives | Photosynthesis,I think Entropy is the topic I am on. | The example made sense while I was reading it.,,active_topic_reference,0.88,True,v3_3_boundary_slice:active_deictic_followup
topic_label_v3_3_discourse_00136,"Same topic, but can you make it more step-by-step?",Pragmatics,Pragmatics,,,active_topic_reference,0.92,True,v3_3_boundary_slice:active_deictic_followup
topic_label_v3_3_discourse_00137,"I do not want to switch topics; i am not asking a new thing, I just need this part clearer.",Tokenization,Tokenization | Reading Comprehension | Circuit Breakers | Electric Fields | Action Potentials | Logical Fallacies | Lifetime Value | Wave-Particle Duality | Contract Law Basics,I think Tokenization is the topic I am on. | The example made sense while I was reading it.,,active_topic_reference,0.91,True,v3_3_boundary_slice:active_deictic_followup
topic_label_v3_3_discourse_00138,Why does it work that way?,Electricity,Electricity | Close Reading | Logical Fallacies,We were talking about Electricity. | I got the basic idea but not the deeper part.,,active_topic_reference,0.90,True,v3_3_boundary_slice:active_deictic_followup
topic_label_v3_3_discourse_00139,Why does it work that way?,Environment Variables,Environment Variables | Action Potentials,I asked about Environment Variables before. | I do not need more facts yet; I need the shape of it.,,active_topic_reference,0.94,True,v3_3_boundary_slice:active_deictic_followup
topic_label_v3_3_discourse_00140,What should I notice first?,Blood Pressure Regulation,Blood Pressure Regulation,We were talking about Blood Pressure Regulation. | I got the basic idea but not the deeper part.,,active_topic_reference,0.93,True,v3_3_boundary_slice:active_deictic_followup
topic_label_v3_3_discourse_00141,What is the intuition for that?,Cloud Formation,Cloud Formation | Blind Spot Checks | Contract Law Basics | Logarithms,I asked about Cloud Formation before. | I do not need more facts yet; I need the shape of it.,,active_topic_reference,0.91,True,v3_3_boundary_slice:active_deictic_followup
topic_label_v3_3_discourse_00142,The topic is still French Pronunciation. Can you make this feel less like magic?,French Pronunciation,French Pronunciation,We were talking about French Pronunciation. | I got the basic idea but not the deeper part.,,active_topic_reference,0.96,True,v3_3_boundary_slice:active_deictic_followup
topic_label_v3_3_discourse_00143,That part still feels weird to me.,Measuring Ingredients,Measuring Ingredients | Trigonometry | Bayes Theorem | Supply and Demand | Civil Liberties vs Civil Rights | Gesture Drawing | Transit Planning,,,active_topic_reference,0.92,True,v3_3_boundary_slice:active_deictic_followup
topic_label_v3_3_discourse_00144,"Same topic, but can you make it more step-by-step?",Kinetic Energy,Kinetic Energy | Integrals | API Authentication,Can you help me understand Kinetic Energy? | The first explanation helped a little.,,active_topic_reference,0.94,True,v3_3_boundary_slice:active_deictic_followup
topic_label_v3_3_discourse_00145,"I know we are still on this, but can you make it more concrete?",Color Contrast,Color Contrast | French Pronunciation | Correlation vs Causation | Regression Lines | Carbon Cycle | Reading Comprehension | Emotional Regulation | Free Body Diagrams | Blood Pressure Regulation | Budgeting | Systems of Equations | Preterite vs Imperfect | Osmosis,I asked about Color Contrast before. | I do not need more facts yet; I need the shape of it.,,active_topic_reference,0.94,True,v3_3_boundary_slice:active_deictic_followup
topic_label_v3_3_discourse_00146,"Hold on, same topic. Can you unpack that sentence?",Topic Sentences,Topic Sentences,,,active_topic_reference,0.95,True,v3_3_boundary_slice:active_deictic_followup
topic_label_v3_3_discourse_00147,I lost the thread right there.,Transit Planning,Transit Planning,Can you help me understand Transit Planning? | The first explanation helped a little.,,active_topic_reference,0.94,True,v3_3_boundary_slice:active_deictic_followup
topic_label_v3_3_discourse_00148,Why does it work that way?,Kinetic Energy,Kinetic Energy,,,active_topic_reference,0.90,True,v3_3_boundary_slice:active_deictic_followup
topic_label_v3_3_discourse_00149,"Wait, why does that happen?",Osmosis,Osmosis | Supply and Demand | Measuring Ingredients | Contract Law Basics | Kidney Filtration | Fractions | Ocean Currents | Kinetic Energy | French Pronunciation | Gas Laws | Environment Variables | Cellular Respiration | Air Pressure Systems | Electricity | Quadratic Functions | Transit Planning | Inflation | Civil Liberties vs Civil Rights | Budgeting | Cloud Formation | OAuth Flow | Lifetime Value | Passive Voice | Potential Energy | Gesture Drawing,Can you help me understand Osmosis? | The first explanation helped a little.,,active_topic_reference,0.93,True,v3_3_boundary_slice:active_deictic_followup
topic_label_v3_3_discourse_00150,"I am still on OAuth Flow, but i know we are still on this, but can you make it more concrete?",OAuth Flow,OAuth Flow,,,active_topic_reference,0.92,True,v3_3_boundary_slice:active_deictic_followup
topic_label_v3_3_discourse_00151,Can you make this feel less like magic?,Executive Function,Executive Function | Tire Pressure | Fractions | Wave-Particle Duality | Dopamine | Kidney Filtration | Supply and Demand | Transit Planning | Regression Lines | Air Pressure Systems | Budgeting | Environment Variables | API Authentication,Can you help me understand Executive Function? | The first explanation helped a little.,,active_topic_reference,0.97,True,v3_3_boundary_slice:active_deictic_followup
topic_label_v3_3_discourse_00152,"I am still on Civil Liberties vs Civil Rights, but what is the intuition for that?",Civil Liberties vs Civil Rights,Civil Liberties vs Civil Rights | Color Contrast | Regression Lines | Defamation | Ocean Currents | Cloud Formation | Electricity | Systems of Equations | Confirmation Bias,I think Civil Liberties vs Civil Rights is the topic I am on. | The example made sense while I was reading it.,,active_topic_reference,0.97,True,v3_3_boundary_slice:active_deictic_followup
topic_label_v3_3_discourse_00153,That part still feels weird to me.,API Authentication,API Authentication | Resonance | Lifetime Value | Free Body Diagrams | Plea Bargains | Bayes Theorem | Quadratic Functions | Dopamine | Entropy | Caching | Regression Lines | Circuit Breakers | Treaty of Versailles | Electric Fields | Torque | Kidney Filtration | Osmosis,Can you help me understand API Authentication? | The first explanation helped a little.,,active_topic_reference,0.91,True,v3_3_boundary_slice:active_deictic_followup
topic_label_v3_3_discourse_00154,"The topic is still Systems of Equations. I am close, but this part is not clicking.",Systems of Equations,Systems of Equations,,,active_topic_reference,0.89,True,v3_3_boundary_slice:active_deictic_followup
topic_label_v3_3_discourse_00155,"I am still on Normal Distribution, but why would that be true?",Normal Distribution,Normal Distribution | Cold War Proxy Wars,I think Normal Distribution is the topic I am on. | The example made sense while I was reading it.,,active_topic_reference,0.97,True,v3_3_boundary_slice:active_deictic_followup
topic_label_v3_3_discourse_00156,"I get the words, but not what it is doing.",Fractions,Fractions,I asked about Fractions before. | I do not need more facts yet; I need the shape of it.,,active_topic_reference,0.96,True,v3_3_boundary_slice:active_deictic_followup
topic_label_v3_3_discourse_00157,Can you say that another way?,Topic Sentences,Topic Sentences | Torque | Food Webs | Inflation | Confirmation Bias | Caching | Logical Fallacies | API Authentication | Color Contrast | Potential Energy | Free Body Diagrams | Action Potentials | Trigonometry,We were talking about Topic Sentences. | I got the basic idea but not the deeper part.,,active_topic_reference,0.95,True,v3_3_boundary_slice:active_deictic_followup
topic_label_v3_3_discourse_00158,What would that look like?,OAuth Flow,OAuth Flow | Gesture Drawing | Transit Planning | Quadratic Functions | Passive Voice | Color Contrast | Action Potentials | Normal Distribution | Emotional Regulation | Electric Fields | Mitosis vs Meiosis | Lifetime Value | Resonance,I asked about OAuth Flow before. | I do not need more facts yet; I need the shape of it.,,active_topic_reference,0.91,True,v3_3_boundary_slice:active_deictic_followup
topic_label_v3_3_discourse_00159,"Hold on, same topic. What would that look like?",Measuring Ingredients,Measuring Ingredients,Can you help me understand Measuring Ingredients? | The first explanation helped a little.,,active_topic_reference,0.91,True,v3_3_boundary_slice:active_deictic_followup
topic_label_v3_3_discourse_00160,The topic is still Plate Tectonics. Can you show it visually somehow?,Plate Tectonics,Plate Tectonics,I think Plate Tectonics is the topic I am on. | The example made sense while I was reading it.,,active_topic_reference,0.93,True,v3_3_boundary_slice:active_deictic_followup
topic_label_v3_3_discourse_00161,"I get the words, but not what it is doing.",Kidney Filtration,Kidney Filtration | Transit Planning | French Pronunciation | Typography | Supply and Demand | Measuring Ingredients | Pragmatics | Fractions | Dopamine | Photosynthesis | Defamation | Inflation | Blind Spot Checks | Derivatives | Air Pressure Systems | Resonance | Entropy,I think Kidney Filtration is the topic I am on. | The example made sense while I was reading it.,,active_topic_reference,0.96,True,v3_3_boundary_slice:active_deictic_followup
topic_label_v3_3_discourse_00162,Could you compare that to the example from before?,Defamation,Defamation | Executive Function | Food Webs,,,active_topic_reference,0.97,True,v3_3_boundary_slice:active_deictic_followup
topic_label_v3_3_discourse_00163,"Wait, why does that happen?",Circuit Breakers,Circuit Breakers | Transit Planning | Potential Energy,Can you help me understand Circuit Breakers? | The first explanation helped a little.,,active_topic_reference,0.97,True,v3_3_boundary_slice:active_deictic_followup
topic_label_v3_3_discourse_00164,"I am close, but this part is not clicking.",Inflation,Inflation,I think Inflation is the topic I am on. | The example made sense while I was reading it.,,active_topic_reference,0.94,True,v3_3_boundary_slice:active_deictic_followup
topic_label_v3_3_discourse_00165,"I think I get the first part, but the next part is blurry.",Torque,Torque,I asked about Torque before. | I do not need more facts yet; I need the shape of it.,,active_topic_reference,0.93,True,v3_3_boundary_slice:active_deictic_followup
topic_label_v3_3_discourse_00166,Could you do one more pass on this?,Environment Variables,Environment Variables,We were talking about Environment Variables. | I got the basic idea but not the deeper part.,,active_topic_reference,0.93,True,v3_3_boundary_slice:active_deictic_followup
topic_label_v3_3_discourse_00167,"Before moving on, why would that be true?",OAuth Flow,OAuth Flow | Typography | Cloud Formation | Vector Search | Dopamine | Resonance | Insurance Deductible | Torque | Pragmatics | Electric Fields | Quadratic Functions | Regression Lines | Transit Planning | Fractions | API Authentication | Photosynthesis | Lifetime Value,,,active_topic_reference,0.92,True,v3_3_boundary_slice:active_deictic_followup
topic_label_v3_3_discourse_00168,"That example helped, but I still do not see the point.",Groundwater,Groundwater,,,active_topic_reference,0.92,True,v3_3_boundary_slice:active_deictic_followup
topic_label_v3_3_discourse_00169,Could you explain that in a simpler way?,Derivatives,Derivatives | Contract Law Basics | Gesture Drawing | Photosynthesis,I think Derivatives is the topic I am on. | The example made sense while I was reading it.,,active_topic_reference,0.97,True,v3_3_boundary_slice:active_deictic_followup
topic_label_v3_3_discourse_00170,Can you make this feel less like magic?,Reading Comprehension,Reading Comprehension | Close Reading | Inflation | Entropy | Passive Voice | Quadratic Functions | Confirmation Bias | Osmosis | Electricity,,,active_topic_reference,0.88,True,v3_3_boundary_slice:active_deictic_followup
topic_label_v3_3_discourse_00171,"I am still on Measuring Ingredients, but where exactly am I supposed to look in that example?",Measuring Ingredients,Measuring Ingredients,Can you help me understand Measuring Ingredients? | The first explanation helped a little.,,active_topic_reference,0.97,True,v3_3_boundary_slice:active_deictic_followup
topic_label_v3_3_discourse_00172,"I am not asking a new thing, I just need this part clearer.",Executive Function,Executive Function | Defamation | Logical Fallacies | Treaty of Versailles | Topic Sentences | Reading Comprehension | Confirmation Bias | Food Webs | Measuring Ingredients | Wave-Particle Duality | Inflation | Potential Energy | Trigonometry,,,active_topic_reference,0.88,True,v3_3_boundary_slice:active_deictic_followup
topic_label_v3_3_discourse_00173,Can you explain that easier?,Event Loop,Event Loop,I think Event Loop is the topic I am on. | The example made sense while I was reading it.,,active_topic_reference,0.90,True,v3_3_boundary_slice:active_deictic_followup
topic_label_v3_3_discourse_00174,"I get the words, but not what it is doing.",Systems of Equations,Systems of Equations,We were talking about Systems of Equations. | I got the basic idea but not the deeper part.,,active_topic_reference,0.91,True,v3_3_boundary_slice:active_deictic_followup
topic_label_v3_3_discourse_00175,The topic is still Wave-Particle Duality. What is the intuition for that?,Wave-Particle Duality,Wave-Particle Duality | Insurance Deductible | Tokenization | Inflation | Air Pressure Systems | Topic Sentences | Correlation vs Causation | Torque | Civil Liberties vs Civil Rights | Transit Planning | Emotional Regulation | Contract Law Basics | Gas Laws | Typography | Kidney Filtration | Environment Variables | Electric Fields,I do not understand light being both a wave and a particle. | The wave example helped a little.,,active_topic_reference,0.91,True,v3_3_boundary_slice:active_deictic_followup
topic_label_v3_3_discourse_00176,That part still feels weird to me.,Defamation,Defamation | Derivatives | Close Reading | Logical Fallacies | OAuth Flow | Systems of Equations | Action Potentials | Logarithms | Trigonometry | Transit Planning | Contract Law Basics | Plate Tectonics | Cloud Formation,We were talking about Defamation. | I got the basic idea but not the deeper part.,,active_topic_reference,0.93,True,v3_3_boundary_slice:active_deictic_followup
topic_label_v3_3_discourse_00177,"I do not want to switch topics; i get the words, but not what it is doing.",OAuth Flow,OAuth Flow | Preterite vs Imperfect | Inflation | Measuring Ingredients | Typography | Tire Pressure | Osmosis | Blood Pressure Regulation | Mitosis vs Meiosis | Civil Liberties vs Civil Rights | Event Loop | Budgeting | Environment Variables,We were talking about OAuth Flow. | I got the basic idea but not the deeper part.,,active_topic_reference,0.89,True,v3_3_boundary_slice:active_deictic_followup
topic_label_v3_3_discourse_00178,I do not want to switch topics; where exactly am I supposed to look in that example?,Emotional Regulation,Emotional Regulation | Kidney Filtration | Kinetic Energy | Typography | Trigonometry | Osmosis | Photosynthesis | Normal Distribution | Close Reading | Pragmatics | Sodium-Potassium Pump | Torque | Electric Fields,Can you help me understand Emotional Regulation? | The first explanation helped a little.,,active_topic_reference,0.89,True,v3_3_boundary_slice:active_deictic_followup
topic_label_v3_3_discourse_00179,"Before moving on, could you make the same point with a tiny example?",Trigonometry,Trigonometry | Blind Spot Checks | Tokenization | Budgeting,I want to learn about trigonometry. | The unit circle explanation was a bit much.,,active_topic_reference,0.95,True,v3_3_boundary_slice:active_deictic_followup
topic_label_v3_3_discourse_00180,Can you unpack that sentence?,Cold War Proxy Wars,Cold War Proxy Wars | Sodium-Potassium Pump | Bayes Theorem | Electric Fields | Preterite vs Imperfect | API Authentication | Renewable Energy Grid | Gas Laws | Measuring Ingredients,Can you help me understand Cold War Proxy Wars? | The first explanation helped a little.,,active_topic_reference,0.93,True,v3_3_boundary_slice:active_deictic_followup
topic_label_v3_3_discourse_00181,"That example helped, but I still do not see the point.",Electric Fields,Electric Fields | Measuring Ingredients | Budgeting | Logarithms | Renewable Energy Grid | Transit Planning | Plea Bargains | Reading Comprehension | Gas Laws | Food Webs | Quadratic Functions | Resonance | Electricity | Insurance Deductible | Air Pressure Systems | Environment Variables | Reinforcement Learning | Preterite vs Imperfect | Regression Lines | Entropy | Event Loop | Contract Law Basics | Cloud Formation | Blind Spot Checks | Blood Pressure Regulation,I asked about Electric Fields before. | I do not need more facts yet; I need the shape of it.,,active_topic_reference,0.95,True,v3_3_boundary_slice:active_deictic_followup
topic_label_v3_3_discourse_00182,Could you show me another example of this?,Supply and Demand,Supply and Demand,I asked about Supply and Demand before. | I do not need more facts yet; I need the shape of it.,,active_topic_reference,0.98,True,v3_3_boundary_slice:active_deictic_followup
topic_label_v3_3_discourse_00183,Could you compare that to the example from before?,Systems of Equations,Systems of Equations | Circuit Breakers | API Authentication | Photosynthesis | Logarithms | OAuth Flow | Regression Lines | Wave-Particle Duality | Insurance Deductible,I think Systems of Equations is the topic I am on. | The example made sense while I was reading it.,,active_topic_reference,0.90,True,v3_3_boundary_slice:active_deictic_followup
topic_label_v3_3_discourse_00184,What does that mean in plain English?,Wave-Particle Duality,Wave-Particle Duality | Groundwater | OAuth Flow | Quadratic Functions | Dopamine | Defamation | Event Loop | Environment Variables | Electric Fields,I do not understand light being both a wave and a particle. | The wave example helped a little.,,active_topic_reference,0.88,True,v3_3_boundary_slice:active_deictic_followup
topic_label_v3_3_discourse_00185,That makes sense for one second and then I lose it.,Logical Fallacies,Logical Fallacies | Circuit Breakers,Can you help me understand Logical Fallacies? | The first explanation helped a little.,,active_topic_reference,0.96,True,v3_3_boundary_slice:active_deictic_followup
topic_label_v3_3_discourse_00186,"I am still on Electric Fields, but same topic, but can you make it more step-by-step?",Electric Fields,Electric Fields | Photosynthesis,I asked about Electric Fields before. | I do not need more facts yet; I need the shape of it.,,active_topic_reference,0.90,True,v3_3_boundary_slice:active_deictic_followup
topic_label_v3_3_discourse_00187,That part still feels weird to me.,Supply and Demand,Supply and Demand | Plea Bargains | Confirmation Bias | Typography | Cold War Proxy Wars | Gesture Drawing | Caching | Fractions | Transit Planning,I think Supply and Demand is the topic I am on. | The example made sense while I was reading it.,,active_topic_reference,0.94,True,v3_3_boundary_slice:active_deictic_followup
topic_label_v3_3_discourse_00188,Could you compare that to the example from before?,Plea Bargains,Plea Bargains,We were talking about Plea Bargains. | I got the basic idea but not the deeper part.,,active_topic_reference,0.89,True,v3_3_boundary_slice:active_deictic_followup
topic_label_v3_3_discourse_00189,Could you compare that to the example from before?,Plate Tectonics,Plate Tectonics | Supply and Demand | Electric Fields | Passive Voice | Budgeting | Dopamine | Food Webs,,,active_topic_reference,0.97,True,v3_3_boundary_slice:active_deictic_followup
topic_label_v3_3_discourse_00190,The topic is still Color Contrast. Can you slow down on this part?,Color Contrast,Color Contrast,Can you help me understand Color Contrast? | The first explanation helped a little.,,active_topic_reference,0.93,True,v3_3_boundary_slice:active_deictic_followup
topic_label_v3_3_discourse_00191,"Hold on, same topic. Can you unpack that sentence?",Electricity,Electricity,Can you explain electricity? | The charge-flow part is confusing.,,active_topic_reference,0.88,True,v3_3_boundary_slice:active_deictic_followup
topic_label_v3_3_discourse_00192,Can you unpack that sentence?,Resonance,Resonance | Tokenization | Treaty of Versailles | Dopamine,Can you help me understand Resonance? | The first explanation helped a little.,,active_topic_reference,0.89,True,v3_3_boundary_slice:active_deictic_followup
topic_label_v3_3_discourse_00193,"I do not want to switch topics; same topic, but can you make it more step-by-step?",Measuring Ingredients,Measuring Ingredients | Regression Lines | Groundwater | Dopamine,,,active_topic_reference,0.94,True,v3_3_boundary_slice:active_deictic_followup
topic_label_v3_3_discourse_00194,Can you make this feel less like magic?,Kinetic Energy,Kinetic Energy | Caching | Event Loop | Fractions,I think Kinetic Energy is the topic I am on. | The example made sense while I was reading it.,,active_topic_reference,0.92,True,v3_3_boundary_slice:active_deictic_followup
topic_label_v3_3_discourse_00195,Can we stay here and make this less abstract?,Logarithms,Logarithms | Correlation vs Causation | Executive Function | Gas Laws | Event Loop | Dopamine | Color Contrast | Kinetic Energy | Groundwater | Caching | Blind Spot Checks | Logical Fallacies | Cold War Proxy Wars | Quadratic Functions | Vector Search | Trigonometry | Cloud Formation,I think Logarithms is the topic I am on. | The example made sense while I was reading it.,,active_topic_reference,0.88,True,v3_3_boundary_slice:active_deictic_followup
topic_label_v3_3_discourse_00196,What would that look like?,Sodium-Potassium Pump,Sodium-Potassium Pump,Can you help me understand Sodium-Potassium Pump? | The first explanation helped a little.,,active_topic_reference,0.93,True,v3_3_boundary_slice:active_deictic_followup
topic_label_v3_3_discourse_00197,Can you make this feel less like magic?,Transit Planning,Transit Planning | Correlation vs Causation | Executive Function | Groundwater | Preterite vs Imperfect | Confirmation Bias | Contract Law Basics | Caching | Wave-Particle Duality,I think Transit Planning is the topic I am on. | The example made sense while I was reading it.,,active_topic_reference,0.89,True,v3_3_boundary_slice:active_deictic_followup
topic_label_v3_3_discourse_00198,That part still feels weird to me.,Insurance Deductible,Insurance Deductible | Environment Variables | Lifetime Value | Executive Function | Caching | Ocean Currents | Groundwater | Vector Search | Fractions,I asked about Insurance Deductible before. | I do not need more facts yet; I need the shape of it.,,active_topic_reference,0.95,True,v3_3_boundary_slice:active_deictic_followup
topic_label_v3_3_discourse_00199,What does that mean in plain English?,Correlation vs Causation,Correlation vs Causation,,,active_topic_reference,0.97,True,v3_3_boundary_slice:active_deictic_followup
topic_label_v3_3_discourse_00200,Where exactly am I supposed to look in that example?,Kinetic Energy,Kinetic Energy | Trigonometry | Lifetime Value | Treaty of Versailles,We were talking about Kinetic Energy. | I got the basic idea but not the deeper part.,,active_topic_reference,0.91,True,v3_3_boundary_slice:active_deictic_followup
topic_label_v3_3_discourse_00201,The second part is still confusing.,Measuring Ingredients,Measuring Ingredients | Caching | Free Body Diagrams | Reinforcement Learning | Environment Variables | Carbon Cycle | Trigonometry,We were talking about Measuring Ingredients. | I got the basic idea but not the deeper part.,,active_topic_reference,0.96,True,v3_3_boundary_slice:active_deictic_followup
topic_label_v3_3_discourse_00202,"I think I get the first part, but the next part is blurry.",Cloud Formation,Cloud Formation | Measuring Ingredients | Reading Comprehension | Plate Tectonics | Event Loop | Budgeting | Environment Variables | Trigonometry | Close Reading | Free Body Diagrams | Quadratic Functions | Tokenization | Mitosis vs Meiosis | Dopamine | Gesture Drawing | Kidney Filtration | Torque | Potential Energy | Tire Pressure | Topic Sentences | Circuit Breakers | Sodium-Potassium Pump | Confirmation Bias | Kinetic Energy | API Authentication,I think Cloud Formation is the topic I am on. | The example made sense while I was reading it.,,active_topic_reference,0.90,True,v3_3_boundary_slice:active_deictic_followup
topic_label_v3_3_discourse_00203,"Before moving on, why does it work that way?",Action Potentials,Action Potentials | Transit Planning | Typography,We were talking about Action Potentials. | I got the basic idea but not the deeper part.,,active_topic_reference,0.91,True,v3_3_boundary_slice:active_deictic_followup
topic_label_v3_3_discourse_00204,Could you explain that in a simpler way?,OAuth Flow,OAuth Flow,I think OAuth Flow is the topic I am on. | The example made sense while I was reading it.,,active_topic_reference,0.95,True,v3_3_boundary_slice:active_deictic_followup
topic_label_v3_3_discourse_00205,Could you compare that to the example from before?,Defamation,Defamation,We were talking about Defamation. | I got the basic idea but not the deeper part.,,active_topic_reference,0.92,True,v3_3_boundary_slice:active_deictic_followup
topic_label_v3_3_discourse_00206,Could you make the same point with a tiny example?,Inflation,Inflation | Logical Fallacies | Plate Tectonics | Tire Pressure | Executive Function | Blind Spot Checks | API Authentication | Gesture Drawing | Osmosis | Potential Energy | Circuit Breakers | Topic Sentences | Derivatives | French Pronunciation | Pragmatics | Resonance | Passive Voice | Fractions | Insurance Deductible | Reading Comprehension | Confirmation Bias | Correlation vs Causation | Groundwater | Bayes Theorem | Torque,,,active_topic_reference,0.97,True,v3_3_boundary_slice:active_deictic_followup
topic_label_v3_3_discourse_00207,"Before moving on, i think the issue is the middle step.",Executive Function,Executive Function | Entropy | Pragmatics | Emotional Regulation,Can you help me understand Executive Function? | The first explanation helped a little.,,active_topic_reference,0.89,True,v3_3_boundary_slice:active_deictic_followup
topic_label_v3_3_discourse_00208,I do not want to switch topics; i lost the thread right there.,Integrals,Integrals | Sodium-Potassium Pump | Kidney Filtration | Measuring Ingredients | Mitosis vs Meiosis | Dopamine | Caching | Close Reading | Action Potentials | Event Loop | Environment Variables | Civil Liberties vs Civil Rights | Reinforcement Learning | Supply and Demand | Quadratic Functions | Air Pressure Systems | Ocean Currents | Lifetime Value | Kinetic Energy | Insurance Deductible | Carbon Cycle | Trigonometry | Contract Law Basics | Reading Comprehension | Free Body Diagrams,We were talking about Integrals. | I got the basic idea but not the deeper part.,,active_topic_reference,0.88,True,v3_3_boundary_slice:active_deictic_followup
topic_label_v3_3_discourse_00209,The topic is still Dopamine. Can you show it visually somehow?,Dopamine,Dopamine,I want to understand dopamine. | The reward example helped but not fully.,,active_topic_reference,0.94,True,v3_3_boundary_slice:active_deictic_followup
topic_label_v3_3_discourse_00210,How does that connect to the example?,Confirmation Bias,Confirmation Bias,I asked about Confirmation Bias before. | I do not need more facts yet; I need the shape of it.,,active_topic_reference,0.97,True,v3_3_boundary_slice:active_deictic_followup
topic_label_v3_3_discourse_00211,I lost the thread right there.,Torque,Torque | Mitosis vs Meiosis | Blood Pressure Regulation | Logarithms,,,active_topic_reference,0.97,True,v3_3_boundary_slice:active_deictic_followup
topic_label_v3_3_discourse_00212,Could you compare that to the example from before?,Gas Laws,Gas Laws | Supply and Demand,We were talking about Gas Laws. | I got the basic idea but not the deeper part.,,active_topic_reference,0.93,True,v3_3_boundary_slice:active_deictic_followup
topic_label_v3_3_discourse_00213,Can you slow down on this part?,Electric Fields,Electric Fields | Logarithms,We were talking about Electric Fields. | I got the basic idea but not the deeper part.,,active_topic_reference,0.95,True,v3_3_boundary_slice:active_deictic_followup
topic_label_v3_3_discourse_00214,What does that mean in plain English?,Blind Spot Checks,Blind Spot Checks,,,active_topic_reference,0.91,True,v3_3_boundary_slice:active_deictic_followup
topic_label_v3_3_discourse_00215,Can you slow down on this part?,Confirmation Bias,Confirmation Bias | Regression Lines | Cold War Proxy Wars | Cloud Formation | Topic Sentences | Osmosis | Gas Laws | Environment Variables | Blood Pressure Regulation,I think Confirmation Bias is the topic I am on. | The example made sense while I was reading it.,,active_topic_reference,0.89,True,v3_3_boundary_slice:active_deictic_followup
topic_label_v3_3_discourse_00216,"I am close, but this part is not clicking.",Gas Laws,Gas Laws | Confirmation Bias | Regression Lines | Wave-Particle Duality | Civil Liberties vs Civil Rights | Tire Pressure | Resonance | Pragmatics | Fractions | Sodium-Potassium Pump | Plea Bargains | Preterite vs Imperfect | Defamation | Correlation vs Causation | Quadratic Functions | Typography | Insurance Deductible | Torque | Measuring Ingredients | Event Loop | Action Potentials | OAuth Flow | Reading Comprehension | Treaty of Versailles | Budgeting,I asked about Gas Laws before. | I do not need more facts yet; I need the shape of it.,,active_topic_reference,0.92,True,v3_3_boundary_slice:active_deictic_followup
topic_label_v3_3_discourse_00217,The second part is still confusing.,Contract Law Basics,Contract Law Basics | Torque | Normal Distribution | Defamation | Pragmatics | Potential Energy | Fractions | Air Pressure Systems | Reading Comprehension,Can you help me understand Contract Law Basics? | The first explanation helped a little.,,active_topic_reference,0.90,True,v3_3_boundary_slice:active_deictic_followup
topic_label_v3_3_discourse_00218,"I am still on Civil Liberties vs Civil Rights, but what is the intuition for that?",Civil Liberties vs Civil Rights,Civil Liberties vs Civil Rights | Defamation | Fractions | Reading Comprehension | Close Reading | Reinforcement Learning | Cold War Proxy Wars | Lifetime Value | Plate Tectonics | Wave-Particle Duality | Budgeting | Confirmation Bias | French Pronunciation | Integrals | Executive Function | Vector Search | Tire Pressure,,,active_topic_reference,0.89,True,v3_3_boundary_slice:active_deictic_followup
topic_label_v3_3_discourse_00219,What should I notice first?,Transit Planning,Transit Planning | Fractions | Lifetime Value | Preterite vs Imperfect | Supply and Demand | Action Potentials | Air Pressure Systems | Dopamine | Passive Voice | Photosynthesis | Caching | Blood Pressure Regulation | Kinetic Energy | Plea Bargains | Mitosis vs Meiosis | Color Contrast | French Pronunciation | Bayes Theorem | Renewable Energy Grid | Circuit Breakers | Entropy | Correlation vs Causation | Cold War Proxy Wars | Quadratic Functions | Wave-Particle Duality,,,active_topic_reference,0.88,True,v3_3_boundary_slice:active_deictic_followup
topic_label_v3_3_discourse_00220,Can you explain that easier?,Reinforcement Learning,Reinforcement Learning | Resonance | API Authentication | Cellular Respiration | Bayes Theorem | Pragmatics | Plea Bargains | Mitosis vs Meiosis | OAuth Flow | Quadratic Functions | Treaty of Versailles | Emotional Regulation | Lifetime Value,Can you help me understand Reinforcement Learning? | The first explanation helped a little.,,active_topic_reference,0.97,True,v3_3_boundary_slice:active_deictic_followup
topic_label_v3_3_discourse_00221,That part still feels weird to me.,Plate Tectonics,Plate Tectonics,Can you help me understand Plate Tectonics? | The first explanation helped a little.,,active_topic_reference,0.95,True,v3_3_boundary_slice:active_deictic_followup
topic_label_v3_3_discourse_00222,"Same topic, but can you make it more step-by-step?",Carbon Cycle,Carbon Cycle,Can you help me understand Carbon Cycle? | The first explanation helped a little.,,active_topic_reference,0.91,True,v3_3_boundary_slice:active_deictic_followup
topic_label_v3_3_discourse_00223,I do not want to switch topics; can you explain that easier?,API Authentication,API Authentication | Regression Lines,I think API Authentication is the topic I am on. | The example made sense while I was reading it.,,active_topic_reference,0.90,True,v3_3_boundary_slice:active_deictic_followup
topic_label_v3_3_discourse_00224,Could you explain that in a simpler way?,Confirmation Bias,Confirmation Bias,We were talking about Confirmation Bias. | I got the basic idea but not the deeper part.,,active_topic_reference,0.96,True,v3_3_boundary_slice:active_deictic_followup
topic_label_v3_3_discourse_00225,"I know we are still on this, but can you make it more concrete?",Pragmatics,Pragmatics,,,active_topic_reference,0.88,True,v3_3_boundary_slice:active_deictic_followup
topic_label_v3_3_discourse_00226,"Hold on, same topic. I lost the thread right there.",API Authentication,API Authentication | Torque | Gas Laws | Fractions | Photosynthesis | Free Body Diagrams | Action Potentials | Air Pressure Systems | Measuring Ingredients | Blind Spot Checks | Inflation | Bayes Theorem | Transit Planning,I think API Authentication is the topic I am on. | The example made sense while I was reading it.,,active_topic_reference,0.97,True,v3_3_boundary_slice:active_deictic_followup
topic_label_v3_3_discourse_00227,"Hold on, same topic. Can you slow down on this part?",Kidney Filtration,Kidney Filtration | Food Webs | Reading Comprehension | Regression Lines | Close Reading | Caching | French Pronunciation | Cloud Formation | Photosynthesis | Inflation | Quadratic Functions | Preterite vs Imperfect | Reinforcement Learning | Environment Variables | Wave-Particle Duality | Tire Pressure | Resonance,,,active_topic_reference,0.90,True,v3_3_boundary_slice:active_deictic_followup
topic_label_v3_3_discourse_00228,"Wait, why does that happen?",Groundwater,Groundwater,Can you help me understand Groundwater? | The first explanation helped a little.,,active_topic_reference,0.92,True,v3_3_boundary_slice:active_deictic_followup
topic_label_v3_3_discourse_00229,Can you give me the baby version of that?,Potential Energy,Potential Energy | API Authentication | Kidney Filtration | Reading Comprehension | Plate Tectonics | Cellular Respiration | Plea Bargains,I asked about Potential Energy before. | I do not need more facts yet; I need the shape of it.,,active_topic_reference,0.94,True,v3_3_boundary_slice:active_deictic_followup
topic_label_v3_3_discourse_00230,"I am still on Confirmation Bias, but could you compare that to the example from before?",Confirmation Bias,Confirmation Bias,We were talking about Confirmation Bias. | I got the basic idea but not the deeper part.,,active_topic_reference,0.95,True,v3_3_boundary_slice:active_deictic_followup
topic_label_v3_3_discourse_00231,The second part is still confusing.,Blood Pressure Regulation,Blood Pressure Regulation | Color Contrast,Can you help me understand Blood Pressure Regulation? | The first explanation helped a little.,,active_topic_reference,0.91,True,v3_3_boundary_slice:active_deictic_followup
topic_label_v3_3_discourse_00232,The topic is still Renewable Energy Grid. Could you explain that in a simpler way?,Renewable Energy Grid,Renewable Energy Grid | Color Contrast | Sodium-Potassium Pump | Treaty of Versailles | Typography | Ocean Currents | Dopamine | Kinetic Energy | Environment Variables | Air Pressure Systems | Osmosis | Vector Search | Preterite vs Imperfect | Tokenization | Plate Tectonics | Executive Function | Blood Pressure Regulation,,,active_topic_reference,0.89,True,v3_3_boundary_slice:active_deictic_followup
topic_label_v3_3_discourse_00233,"Before moving on, okay but what is that actually doing?",Air Pressure Systems,Air Pressure Systems | Reading Comprehension | Dopamine | Electric Fields,,,active_topic_reference,0.97,True,v3_3_boundary_slice:active_deictic_followup
topic_label_v3_3_discourse_00234,Why does it work that way?,Tire Pressure,Tire Pressure | Confirmation Bias | Logical Fallacies | Resonance | Reinforcement Learning | Blind Spot Checks | Normal Distribution | Cloud Formation | Air Pressure Systems | Close Reading | Wave-Particle Duality | Contract Law Basics | Executive Function | Electricity | Civil Liberties vs Civil Rights | Lifetime Value | Derivatives,I asked about Tire Pressure before. | I do not need more facts yet; I need the shape of it.,,active_topic_reference,0.95,True,v3_3_boundary_slice:active_deictic_followup
topic_label_v3_3_discourse_00235,The topic is still Plea Bargains. Can you unpack that sentence?,Plea Bargains,Plea Bargains,,,active_topic_reference,0.97,True,v3_3_boundary_slice:active_deictic_followup
topic_label_v3_3_discourse_00236,Why does it work that way?,Trigonometry,Trigonometry | Resonance | Treaty of Versailles | Blind Spot Checks | Fractions | Regression Lines | French Pronunciation | Environment Variables | Free Body Diagrams | Typography | Logarithms | Lifetime Value | Emotional Regulation | Electricity | Normal Distribution | Blood Pressure Regulation | Gesture Drawing,I want to learn about trigonometry. | The unit circle explanation was a bit much.,,active_topic_reference,0.93,True,v3_3_boundary_slice:active_deictic_followup
topic_label_v3_3_discourse_00237,"Before moving on, can you give me the baby version of that?",Plate Tectonics,Plate Tectonics | Cellular Respiration | Logical Fallacies,We were talking about Plate Tectonics. | I got the basic idea but not the deeper part.,,active_topic_reference,0.96,True,v3_3_boundary_slice:active_deictic_followup
topic_label_v3_3_discourse_00238,"I think I get the first part, but the next part is blurry.",Correlation vs Causation,Correlation vs Causation | Color Contrast | Trigonometry | Vector Search,,,active_topic_reference,0.97,True,v3_3_boundary_slice:active_deictic_followup
topic_label_v3_3_discourse_00239,Can you explain that easier?,Inflation,Inflation | Passive Voice | Tokenization | Close Reading,,,active_topic_reference,0.91,True,v3_3_boundary_slice:active_deictic_followup
topic_label_v3_3_discourse_00240,What does that mean in plain English?,Bayes Theorem,Bayes Theorem | Cold War Proxy Wars | Civil Liberties vs Civil Rights | Correlation vs Causation | French Pronunciation | Tokenization | Plea Bargains,Can you help me understand Bayes Theorem? | The first explanation helped a little.,,active_topic_reference,0.90,True,v3_3_boundary_slice:active_deictic_followup
topic_label_v3_3_discourse_00241,The topic is still Systems of Equations. I lost the thread right there.,Systems of Equations,Systems of Equations | Blind Spot Checks,I think Systems of Equations is the topic I am on. | The example made sense while I was reading it.,,active_topic_reference,0.95,True,v3_3_boundary_slice:active_deictic_followup
topic_label_v3_3_discourse_00242,"I think I get the first part, but the next part is blurry.",Treaty of Versailles,Treaty of Versailles | Potential Energy | Defamation,I think Treaty of Versailles is the topic I am on. | The example made sense while I was reading it.,,active_topic_reference,0.94,True,v3_3_boundary_slice:active_deictic_followup
topic_label_v3_3_discourse_00243,"I am not asking a new thing, I just need this part clearer.",Cellular Respiration,Cellular Respiration | Tokenization | Trigonometry | Logarithms | Contract Law Basics | Gesture Drawing | Civil Liberties vs Civil Rights | Ocean Currents | Insurance Deductible | Circuit Breakers | Event Loop | Action Potentials | Dopamine,Can you help me understand Cellular Respiration? | The first explanation helped a little.,,active_topic_reference,0.90,True,v3_3_boundary_slice:active_deictic_followup
topic_label_v3_3_discourse_00244,Can you show it visually somehow?,Logarithms,Logarithms | Quadratic Functions | Lifetime Value | Kidney Filtration | Budgeting | Civil Liberties vs Civil Rights | Systems of Equations | Executive Function | Defamation | French Pronunciation | Cold War Proxy Wars | Dopamine | Ocean Currents | Emotional Regulation | Tokenization | Topic Sentences | Gas Laws | Cloud Formation | Torque | Derivatives | Plea Bargains | Supply and Demand | Close Reading | Typography | Gesture Drawing,I think Logarithms is the topic I am on. | The example made sense while I was reading it.,,active_topic_reference,0.95,True,v3_3_boundary_slice:active_deictic_followup
topic_label_v3_3_discourse_00245,Could you compare that to the example from before?,Dopamine,Dopamine | Circuit Breakers | Blood Pressure Regulation | Osmosis,,,active_topic_reference,0.97,True,v3_3_boundary_slice:active_deictic_followup
topic_label_v3_3_discourse_00246,How does that connect to the example?,Osmosis,Osmosis,I think Osmosis is the topic I am on. | The example made sense while I was reading it.,,active_topic_reference,0.94,True,v3_3_boundary_slice:active_deictic_followup
topic_label_v3_3_discourse_00247,Okay but what is that actually doing?,Passive Voice,Passive Voice | Reading Comprehension,I asked about Passive Voice before. | I do not need more facts yet; I need the shape of it.,,active_topic_reference,0.97,True,v3_3_boundary_slice:active_deictic_followup
topic_label_v3_3_discourse_00248,How does that connect to the example?,Plate Tectonics,Plate Tectonics,Can you help me understand Plate Tectonics? | The first explanation helped a little.,,active_topic_reference,0.97,True,v3_3_boundary_slice:active_deictic_followup
topic_label_v3_3_discourse_00249,Where exactly am I supposed to look in that example?,Electricity,Electricity | Sodium-Potassium Pump | Wave-Particle Duality | Event Loop | Logarithms | Tire Pressure | French Pronunciation | Topic Sentences | Entropy,Can you explain electricity? | The charge-flow part is confusing.,,active_topic_reference,0.96,True,v3_3_boundary_slice:active_deictic_followup
topic_label_v3_3_discourse_00250,Can you explain that easier?,Tokenization,Tokenization,We were talking about Tokenization. | I got the basic idea but not the deeper part.,,active_topic_reference,0.91,True,v3_3_boundary_slice:active_deictic_followup
topic_label_v3_3_discourse_00251,What should I notice first?,Dopamine,Dopamine | Sodium-Potassium Pump | Pragmatics,I want to understand dopamine. | The reward example helped but not fully.,,active_topic_reference,0.90,True,v3_3_boundary_slice:active_deictic_followup
topic_label_v3_3_discourse_00252,Can you unpack that sentence?,Mitosis vs Meiosis,Mitosis vs Meiosis | Cloud Formation | Food Webs | Regression Lines | Civil Liberties vs Civil Rights | Resonance | Photosynthesis | Circuit Breakers | Entropy | Correlation vs Causation | Action Potentials | Kinetic Energy | Typography | Supply and Demand | Cold War Proxy Wars | Budgeting | Insurance Deductible,Can you help me understand Mitosis vs Meiosis? | The first explanation helped a little.,,active_topic_reference,0.97,True,v3_3_boundary_slice:active_deictic_followup
topic_label_v3_3_discourse_00253,Can you unpack that sentence?,Food Webs,Food Webs | Measuring Ingredients | Wave-Particle Duality | Defamation | Vector Search | Topic Sentences | Budgeting | Contract Law Basics | French Pronunciation | Emotional Regulation | Typography | Inflation | Blood Pressure Regulation,We were talking about Food Webs. | I got the basic idea but not the deeper part.,,active_topic_reference,0.90,True,v3_3_boundary_slice:active_deictic_followup
topic_label_v3_3_discourse_00254,"Hold on, same topic. Can you make this feel less like magic?",Passive Voice,Passive Voice,,,active_topic_reference,0.91,True,v3_3_boundary_slice:active_deictic_followup
topic_label_v3_3_discourse_00255,"Same topic, but can you make it more step-by-step?",Systems of Equations,Systems of Equations,Can you help me understand Systems of Equations? | The first explanation helped a little.,,active_topic_reference,0.92,True,v3_3_boundary_slice:active_deictic_followup
topic_label_v3_3_discourse_00256,Can you explain that easier?,Reading Comprehension,Reading Comprehension | Action Potentials | Correlation vs Causation | Tokenization | French Pronunciation | Quadratic Functions | OAuth Flow | Electricity | Kidney Filtration | Vector Search | Wave-Particle Duality | Sodium-Potassium Pump | Gesture Drawing | Emotional Regulation | Trigonometry | Passive Voice | Gas Laws | Carbon Cycle | Torque | Renewable Energy Grid | Mitosis vs Meiosis | Osmosis | Reinforcement Learning | Potential Energy | Derivatives,I think Reading Comprehension is the topic I am on. | The example made sense while I was reading it.,,active_topic_reference,0.95,True,v3_3_boundary_slice:active_deictic_followup
topic_label_v3_3_discourse_00257,Could you compare that to the example from before?,Preterite vs Imperfect,Preterite vs Imperfect | Contract Law Basics | Confirmation Bias,,,active_topic_reference,0.90,True,v3_3_boundary_slice:active_deictic_followup
topic_label_v3_3_discourse_00258,"I think I get the first part, but the next part is blurry.",Correlation vs Causation,Correlation vs Causation,Can you help me understand Correlation vs Causation? | The first explanation helped a little.,,active_topic_reference,0.92,True,v3_3_boundary_slice:active_deictic_followup
topic_label_v3_3_discourse_00259,The topic is still Sodium-Potassium Pump. I lost the thread right there.,Sodium-Potassium Pump,Sodium-Potassium Pump,,,active_topic_reference,0.90,True,v3_3_boundary_slice:active_deictic_followup
topic_label_v3_3_discourse_00260,Can you make this feel less like magic?,Reinforcement Learning,Reinforcement Learning,I think Reinforcement Learning is the topic I am on. | The example made sense while I was reading it.,,active_topic_reference,0.92,True,v3_3_boundary_slice:active_deictic_followup
topic_label_v3_3_discourse_00261,I do not want to switch topics; the second part is still confusing.,Tokenization,Tokenization | Regression Lines | Tire Pressure | Cellular Respiration | Resonance | Preterite vs Imperfect | Reinforcement Learning | Torque | Budgeting | Transit Planning | Topic Sentences | Event Loop | Kinetic Energy | Logical Fallacies | Insurance Deductible | Caching | Integrals,Can you help me understand Tokenization? | The first explanation helped a little.,,active_topic_reference,0.89,True,v3_3_boundary_slice:active_deictic_followup
topic_label_v3_3_discourse_00262,The second part is still confusing.,Fractions,Fractions,I asked about Fractions before. | I do not need more facts yet; I need the shape of it.,,active_topic_reference,0.97,True,v3_3_boundary_slice:active_deictic_followup
topic_label_v3_3_discourse_00263,"Wait, why does that happen?",Measuring Ingredients,Measuring Ingredients,We were talking about Measuring Ingredients. | I got the basic idea but not the deeper part.,,active_topic_reference,0.93,True,v3_3_boundary_slice:active_deictic_followup
topic_label_v3_3_discourse_00264,"The label is fine, but the actual meaning is not landing.",Topic Sentences,Topic Sentences | Inflation | API Authentication | Regression Lines | French Pronunciation | Color Contrast | Close Reading | Plate Tectonics | Typography,I think Topic Sentences is the topic I am on. | The example made sense while I was reading it.,,active_topic_reference,0.90,True,v3_3_boundary_slice:active_deictic_followup
topic_label_v3_3_discourse_00265,"Hold on, same topic. Why would that be true?",OAuth Flow,OAuth Flow | Derivatives | Logical Fallacies | Tokenization | Gas Laws | Preterite vs Imperfect | Fractions | Gesture Drawing | Blood Pressure Regulation | Treaty of Versailles | Electricity | Potential Energy | Cold War Proxy Wars,,,active_topic_reference,0.97,True,v3_3_boundary_slice:active_deictic_followup
topic_label_v3_3_discourse_00266,"Before moving on, could you compare that to the example from before?",Dopamine,Dopamine,We were talking about Dopamine. | I got the basic idea but not the deeper part.,,active_topic_reference,0.93,True,v3_3_boundary_slice:active_deictic_followup
topic_label_v3_3_discourse_00267,Can you explain that easier?,Mitosis vs Meiosis,Mitosis vs Meiosis | Osmosis | Treaty of Versailles | Civil Liberties vs Civil Rights | Contract Law Basics | Budgeting | Event Loop | Cloud Formation | Color Contrast | Executive Function | Potential Energy | Derivatives | Circuit Breakers | Correlation vs Causation | Renewable Energy Grid | Sodium-Potassium Pump | API Authentication,We were talking about Mitosis vs Meiosis. | I got the basic idea but not the deeper part.,,active_topic_reference,0.92,True,v3_3_boundary_slice:active_deictic_followup
topic_label_v3_3_discourse_00268,"I know we are still on this, but can you make it more concrete?",Gas Laws,Gas Laws | Reinforcement Learning | Topic Sentences,I think Gas Laws is the topic I am on. | The example made sense while I was reading it.,,active_topic_reference,0.94,True,v3_3_boundary_slice:active_deictic_followup
topic_label_v3_3_discourse_00269,"Hold on, same topic. Could you show me another example of this?",Derivatives,Derivatives | Environment Variables,We were talking about Derivatives. | I got the basic idea but not the deeper part.,,active_topic_reference,0.95,True,v3_3_boundary_slice:active_deictic_followup
topic_label_v3_3_discourse_00270,Why does it work that way?,Tire Pressure,Tire Pressure,,,active_topic_reference,0.90,True,v3_3_boundary_slice:active_deictic_followup
topic_label_v3_3_discourse_00271,"I get the words, but not what it is doing.",Confirmation Bias,Confirmation Bias,,,active_topic_reference,0.96,True,v3_3_boundary_slice:active_deictic_followup
topic_label_v3_3_discourse_00272,Why does it work that way?,Lifetime Value,Lifetime Value,Can you help me understand Lifetime Value? | The first explanation helped a little.,,active_topic_reference,0.94,True,v3_3_boundary_slice:active_deictic_followup
topic_label_v3_3_discourse_00273,What would that look like?,Cellular Respiration,Cellular Respiration | Logarithms | Typography | Inflation,I asked about Cellular Respiration before. | I do not need more facts yet; I need the shape of it.,,active_topic_reference,0.94,True,v3_3_boundary_slice:active_deictic_followup
topic_label_v3_3_discourse_00274,Can you explain that easier?,Color Contrast,Color Contrast,We were talking about Color Contrast. | I got the basic idea but not the deeper part.,,active_topic_reference,0.93,True,v3_3_boundary_slice:active_deictic_followup
topic_label_v3_3_discourse_00275,"Wait, why does that happen?",Insurance Deductible,Insurance Deductible,I asked about Insurance Deductible before. | I do not need more facts yet; I need the shape of it.,,active_topic_reference,0.98,True,v3_3_boundary_slice:active_deictic_followup
topic_label_v3_3_discourse_00276,What would that look like?,Kidney Filtration,Kidney Filtration,We were talking about Kidney Filtration. | I got the basic idea but not the deeper part.,,active_topic_reference,0.92,True,v3_3_boundary_slice:active_deictic_followup
topic_label_v3_3_discourse_00277,Why would that be true?,Dopamine,Dopamine | Systems of Equations | Carbon Cycle | Correlation vs Causation,We were talking about Dopamine. | I got the basic idea but not the deeper part.,,active_topic_reference,0.97,True,v3_3_boundary_slice:active_deictic_followup
topic_label_v3_3_discourse_00278,"I am still on Cloud Formation, but could you show me another example of this?",Cloud Formation,Cloud Formation,I asked about Cloud Formation before. | I do not need more facts yet; I need the shape of it.,,active_topic_reference,0.90,True,v3_3_boundary_slice:active_deictic_followup
topic_label_v3_3_discourse_00279,Can you make this feel less like magic?,Close Reading,Close Reading | Gesture Drawing | Budgeting,We were talking about Close Reading. | I got the basic idea but not the deeper part.,,active_topic_reference,0.92,True,v3_3_boundary_slice:active_deictic_followup
topic_label_v3_3_discourse_00280,Could you make the same point with a tiny example?,Supply and Demand,Supply and Demand | Potential Energy | Resonance,I think Supply and Demand is the topic I am on. | The example made sense while I was reading it.,,active_topic_reference,0.93,True,v3_3_boundary_slice:active_deictic_followup
topic_label_v3_3_discourse_00281,Can you unpack that sentence?,Lifetime Value,Lifetime Value | Caching | Defamation | Close Reading,I think Lifetime Value is the topic I am on. | The example made sense while I was reading it.,,active_topic_reference,0.92,True,v3_3_boundary_slice:active_deictic_followup
topic_label_v3_3_discourse_00282,I do not want to switch topics; can you make this feel less like magic?,OAuth Flow,OAuth Flow | Free Body Diagrams | Fractions | Inflation | Osmosis | Topic Sentences | Kinetic Energy | Civil Liberties vs Civil Rights | Measuring Ingredients | Air Pressure Systems | Preterite vs Imperfect | Logarithms | Quadratic Functions | Budgeting | Entropy | Color Contrast | Potential Energy | Groundwater | Circuit Breakers | Trigonometry | API Authentication | Close Reading | Wave-Particle Duality | Torque | Dopamine,Can you help me understand OAuth Flow? | The first explanation helped a little.,,active_topic_reference,0.98,True,v3_3_boundary_slice:active_deictic_followup
topic_label_v3_3_discourse_00283,I lost the thread right there.,Cellular Respiration,Cellular Respiration | Emotional Regulation | Executive Function | OAuth Flow | Free Body Diagrams | Confirmation Bias | Electric Fields,,,active_topic_reference,0.95,True,v3_3_boundary_slice:active_deictic_followup
topic_label_v3_3_discourse_00284,"Before moving on, i get the words, but not what it is doing.",Supply and Demand,Supply and Demand | Plate Tectonics,We were talking about Supply and Demand. | I got the basic idea but not the deeper part.,,active_topic_reference,0.88,True,v3_3_boundary_slice:active_deictic_followup
topic_label_v3_3_discourse_00285,"I think I get the first part, but the next part is blurry.",Groundwater,Groundwater | Bayes Theorem | API Authentication | Preterite vs Imperfect | Logarithms | Electricity | Torque,,,active_topic_reference,0.92,True,v3_3_boundary_slice:active_deictic_followup
topic_label_v3_3_discourse_00286,"The label is fine, but the actual meaning is not landing.",Systems of Equations,Systems of Equations,I asked about Systems of Equations before. | I do not need more facts yet; I need the shape of it.,,active_topic_reference,0.91,True,v3_3_boundary_slice:active_deictic_followup
topic_label_v3_3_discourse_00287,"Hold on, same topic. How does that connect to the example?",Tokenization,Tokenization | Gas Laws | Action Potentials | Reinforcement Learning | Vector Search | Systems of Equations | Photosynthesis | Integrals | Measuring Ingredients,We were talking about Tokenization. | I got the basic idea but not the deeper part.,,active_topic_reference,0.88,True,v3_3_boundary_slice:active_deictic_followup
topic_label_v3_3_discourse_00288,Could you make the same point with a tiny example?,French Pronunciation,French Pronunciation | Tokenization | Entropy | Measuring Ingredients | Plate Tectonics | Groundwater | Wave-Particle Duality | Normal Distribution | Systems of Equations | Event Loop | Cloud Formation | Logical Fallacies | Civil Liberties vs Civil Rights | Photosynthesis | Electric Fields | Close Reading | Resonance | Color Contrast | Bayes Theorem | Regression Lines | Inflation | Blind Spot Checks | Cold War Proxy Wars | Contract Law Basics | Mitosis vs Meiosis,I asked about French Pronunciation before. | I do not need more facts yet; I need the shape of it.,,active_topic_reference,0.92,True,v3_3_boundary_slice:active_deictic_followup
topic_label_v3_3_discourse_00289,Could you compare that to the example from before?,Food Webs,Food Webs,We were talking about Food Webs. | I got the basic idea but not the deeper part.,,active_topic_reference,0.91,True,v3_3_boundary_slice:active_deictic_followup
topic_label_v3_3_discourse_00290,Could you compare that to the example from before?,Event Loop,Event Loop | Executive Function | Trigonometry | Emotional Regulation,We were talking about Event Loop. | I got the basic idea but not the deeper part.,,active_topic_reference,0.89,True,v3_3_boundary_slice:active_deictic_followup
topic_label_v3_3_discourse_00291,"Hold on, same topic. Wait, why does that happen?",Mitosis vs Meiosis,Mitosis vs Meiosis | Confirmation Bias | Contract Law Basics | Potential Energy | Torque | Trigonometry | Pragmatics | Dopamine | Derivatives,Can you help me understand Mitosis vs Meiosis? | The first explanation helped a little.,,active_topic_reference,0.90,True,v3_3_boundary_slice:active_deictic_followup
topic_label_v3_3_discourse_00292,That part still feels weird to me.,Reading Comprehension,Reading Comprehension | Circuit Breakers,I asked about Reading Comprehension before. | I do not need more facts yet; I need the shape of it.,,active_topic_reference,0.97,True,v3_3_boundary_slice:active_deictic_followup
topic_label_v3_3_discourse_00293,"Before moving on, can you unpack that sentence?",Wave-Particle Duality,Wave-Particle Duality,I do not understand light being both a wave and a particle. | The wave example helped a little.,,active_topic_reference,0.89,True,v3_3_boundary_slice:active_deictic_followup
topic_label_v3_3_discourse_00294,"Hold on, same topic. The second part is still confusing.",Fractions,Fractions,I asked about Fractions before. | I do not need more facts yet; I need the shape of it.,,active_topic_reference,0.96,True,v3_3_boundary_slice:active_deictic_followup
topic_label_v3_3_discourse_00295,"I think I get the first part, but the next part is blurry.",Normal Distribution,Normal Distribution | Transit Planning | Gas Laws | Mitosis vs Meiosis,,,active_topic_reference,0.93,True,v3_3_boundary_slice:active_deictic_followup
topic_label_v3_3_discourse_00296,What should I notice first?,Defamation,Defamation,I asked about Defamation before. | I do not need more facts yet; I need the shape of it.,,active_topic_reference,0.93,True,v3_3_boundary_slice:active_deictic_followup
topic_label_v3_3_discourse_00297,Can you slow down on this part?,Food Webs,Food Webs,I think Food Webs is the topic I am on. | The example made sense while I was reading it.,,active_topic_reference,0.92,True,v3_3_boundary_slice:active_deictic_followup
topic_label_v3_3_discourse_00298,"The label is fine, but the actual meaning is not landing.",Entropy,Entropy | Dopamine | Blood Pressure Regulation,I asked about Entropy before. | I do not need more facts yet; I need the shape of it.,,active_topic_reference,0.93,True,v3_3_boundary_slice:active_deictic_followup
topic_label_v3_3_discourse_00299,"Hold on, same topic. The second part is still confusing.",Photosynthesis,Photosynthesis,I asked about Photosynthesis before. | I do not need more facts yet; I need the shape of it.,,active_topic_reference,0.91,True,v3_3_boundary_slice:active_deictic_followup
topic_label_v3_3_discourse_00300,"Wait, why does that happen?",Electric Fields,Electric Fields,,,active_topic_reference,0.88,True,v3_3_boundary_slice:active_deictic_followup
topic_label_v3_3_discourse_00301,Can you show it visually somehow?,Lifetime Value,Lifetime Value | Tokenization,We were talking about Lifetime Value. | I got the basic idea but not the deeper part.,,active_topic_reference,0.93,True,v3_3_boundary_slice:active_deictic_followup
topic_label_v3_3_discourse_00302,That makes sense for one second and then I lose it.,Photosynthesis,Photosynthesis | Trigonometry | Bayes Theorem | Lifetime Value | Kinetic Energy | Action Potentials | Gas Laws | Systems of Equations | Renewable Energy Grid | Reinforcement Learning | Contract Law Basics | Typography | Potential Energy | Confirmation Bias | Blind Spot Checks | Vector Search | Plate Tectonics | Dopamine | Cellular Respiration | Kidney Filtration | Cold War Proxy Wars | Environment Variables | Carbon Cycle | Reading Comprehension | Transit Planning,I think Photosynthesis is the topic I am on. | The example made sense while I was reading it.,,active_topic_reference,0.89,True,v3_3_boundary_slice:active_deictic_followup
topic_label_v3_3_discourse_00303,I do not want to switch topics; could you show me another example of this?,Gas Laws,Gas Laws | Blood Pressure Regulation | Defamation,I asked about Gas Laws before. | I do not need more facts yet; I need the shape of it.,,active_topic_reference,0.88,True,v3_3_boundary_slice:active_deictic_followup
topic_label_v3_3_discourse_00304,"I get the words, but not what it is doing.",Insurance Deductible,Insurance Deductible | Dopamine | Derivatives | Potential Energy | Tokenization | Plate Tectonics | Trigonometry | Resonance | Normal Distribution,I think Insurance Deductible is the topic I am on. | The example made sense while I was reading it.,,active_topic_reference,0.97,True,v3_3_boundary_slice:active_deictic_followup
topic_label_v3_3_discourse_00305,"I think I get the first part, but the next part is blurry.",Air Pressure Systems,Air Pressure Systems | Plate Tectonics | Close Reading,I think Air Pressure Systems is the topic I am on. | The example made sense while I was reading it.,,active_topic_reference,0.91,True,v3_3_boundary_slice:active_deictic_followup
topic_label_v3_3_discourse_00306,How does that connect to the example?,Gesture Drawing,Gesture Drawing,I asked about Gesture Drawing before. | I do not need more facts yet; I need the shape of it.,,active_topic_reference,0.88,True,v3_3_boundary_slice:active_deictic_followup
topic_label_v3_3_discourse_00307,Okay but what is that actually doing?,Blind Spot Checks,Blind Spot Checks | Civil Liberties vs Civil Rights,Can you help me understand Blind Spot Checks? | The first explanation helped a little.,,active_topic_reference,0.90,True,v3_3_boundary_slice:active_deictic_followup
topic_label_v3_3_discourse_00308,Okay but what is that actually doing?,Renewable Energy Grid,Renewable Energy Grid | Pragmatics,,,active_topic_reference,0.93,True,v3_3_boundary_slice:active_deictic_followup
topic_label_v3_3_discourse_00309,I do not want to switch topics; the second part is still confusing.,Typography,Typography | Event Loop | Blind Spot Checks | Contract Law Basics,I asked about Typography before. | I do not need more facts yet; I need the shape of it.,,active_topic_reference,0.92,True,v3_3_boundary_slice:active_deictic_followup
topic_label_v3_3_discourse_00310,That makes sense for one second and then I lose it.,Defamation,Defamation | Passive Voice | French Pronunciation | Civil Liberties vs Civil Rights,I asked about Defamation before. | I do not need more facts yet; I need the shape of it.,,active_topic_reference,0.96,True,v3_3_boundary_slice:active_deictic_followup
topic_label_v3_3_discourse_00311,"I am still on Cellular Respiration, but what is the intuition for that?",Cellular Respiration,Cellular Respiration,I think Cellular Respiration is the topic I am on. | The example made sense while I was reading it.,,active_topic_reference,0.90,True,v3_3_boundary_slice:active_deictic_followup
topic_label_v3_3_discourse_00312,"I am still on Cellular Respiration, but that makes sense for one second and then I lose it.",Cellular Respiration,Cellular Respiration | Photosynthesis | Defamation,I think Cellular Respiration is the topic I am on. | The example made sense while I was reading it.,,active_topic_reference,0.89,True,v3_3_boundary_slice:active_deictic_followup
topic_label_v3_3_discourse_00313,Can you say that another way?,Inflation,Inflation | Torque | Insurance Deductible | Preterite vs Imperfect | Normal Distribution | Defamation | Reinforcement Learning | Environment Variables | Executive Function,Can you help me understand Inflation? | The first explanation helped a little.,,active_topic_reference,0.91,True,v3_3_boundary_slice:active_deictic_followup
topic_label_v3_3_discourse_00314,The topic is still Blood Pressure Regulation. Why would that be true?,Blood Pressure Regulation,Blood Pressure Regulation | Action Potentials | Contract Law Basics | Gas Laws | Transit Planning | Integrals | Free Body Diagrams | Quadratic Functions | Wave-Particle Duality,We were talking about Blood Pressure Regulation. | I got the basic idea but not the deeper part.,,active_topic_reference,0.93,True,v3_3_boundary_slice:active_deictic_followup
topic_label_v3_3_discourse_00315,"Before moving on, could you explain that in a simpler way?",Reading Comprehension,Reading Comprehension | Blood Pressure Regulation | Budgeting | Cloud Formation | Contract Law Basics | Kidney Filtration | Transit Planning | OAuth Flow | Normal Distribution | Electricity | Topic Sentences | Tire Pressure | Fractions,I think Reading Comprehension is the topic I am on. | The example made sense while I was reading it.,,active_topic_reference,0.90,True,v3_3_boundary_slice:active_deictic_followup
topic_label_v3_3_discourse_00316,Could you do one more pass on this?,Renewable Energy Grid,Renewable Energy Grid | Kidney Filtration | Gas Laws | Tire Pressure,I think Renewable Energy Grid is the topic I am on. | The example made sense while I was reading it.,,active_topic_reference,0.88,True,v3_3_boundary_slice:active_deictic_followup
topic_label_v3_3_discourse_00317,Can you say that another way?,Photosynthesis,Photosynthesis,Can you help me understand Photosynthesis? | The first explanation helped a little.,,active_topic_reference,0.91,True,v3_3_boundary_slice:active_deictic_followup
topic_label_v3_3_discourse_00318,Can we stay here and make this less abstract?,Groundwater,Groundwater | Potential Energy | Cloud Formation | Topic Sentences | Dopamine | Gas Laws | Blood Pressure Regulation,,,active_topic_reference,0.94,True,v3_3_boundary_slice:active_deictic_followup
topic_label_v3_3_discourse_00319,Can you give me the baby version of that?,Wave-Particle Duality,Wave-Particle Duality | Torque | Quadratic Functions | Plea Bargains,We were talking about Wave-Particle Duality. | I got the basic idea but not the deeper part.,,active_topic_reference,0.96,True,v3_3_boundary_slice:active_deictic_followup
topic_label_v3_3_discourse_00320,Can you unpack that sentence?,Civil Liberties vs Civil Rights,Civil Liberties vs Civil Rights,We were talking about Civil Liberties vs Civil Rights. | I got the basic idea but not the deeper part.,,active_topic_reference,0.90,True,v3_3_boundary_slice:active_deictic_followup
topic_label_v3_3_discourse_00321,Can you slow down on this part?,Ocean Currents,Ocean Currents | Logical Fallacies | Supply and Demand | Preterite vs Imperfect | Fractions | Logarithms | Event Loop | OAuth Flow | Cold War Proxy Wars | Torque | Action Potentials | Dopamine | Bayes Theorem | Plate Tectonics | Passive Voice | Photosynthesis | Correlation vs Causation | Cloud Formation | Groundwater | French Pronunciation | Kidney Filtration | Blind Spot Checks | Entropy | Caching | Resonance,I think Ocean Currents is the topic I am on. | The example made sense while I was reading it.,,active_topic_reference,0.98,True,v3_3_boundary_slice:active_deictic_followup
topic_label_v3_3_discourse_00322,Okay but what is that actually doing?,Photosynthesis,Photosynthesis | Treaty of Versailles | Transit Planning | Blood Pressure Regulation | Defamation | Normal Distribution | Ocean Currents | Typography | Lifetime Value | Plate Tectonics | Resonance | Air Pressure Systems | Electricity,I asked about Photosynthesis before. | I do not need more facts yet; I need the shape of it.,,active_topic_reference,0.90,True,v3_3_boundary_slice:active_deictic_followup
topic_label_v3_3_discourse_00323,"I know we are still on this, but can you make it more concrete?",Sodium-Potassium Pump,Sodium-Potassium Pump | Torque | Free Body Diagrams | Measuring Ingredients,I asked about Sodium-Potassium Pump before. | I do not need more facts yet; I need the shape of it.,,active_topic_reference,0.90,True,v3_3_boundary_slice:active_deictic_followup
topic_label_v3_3_discourse_00324,"Wait, why does that happen?",Inflation,Inflation | Reading Comprehension | Wave-Particle Duality | Air Pressure Systems | Gas Laws | Kinetic Energy | Measuring Ingredients,I asked about Inflation before. | I do not need more facts yet; I need the shape of it.,,active_topic_reference,0.94,True,v3_3_boundary_slice:active_deictic_followup
topic_label_v3_3_discourse_00325,Can you show it visually somehow?,Systems of Equations,Systems of Equations,,,active_topic_reference,0.95,True,v3_3_boundary_slice:active_deictic_followup
topic_label_v3_3_discourse_00326,What does that mean in plain English?,Environment Variables,Environment Variables | Groundwater | Treaty of Versailles | Caching | Derivatives | Circuit Breakers | Reading Comprehension,We were talking about Environment Variables. | I got the basic idea but not the deeper part.,,active_topic_reference,0.97,True,v3_3_boundary_slice:active_deictic_followup
topic_label_v3_3_discourse_00327,"Hold on, same topic. I am not asking a new thing, I just need this part clearer.",Vector Search,Vector Search | Normal Distribution | Reinforcement Learning,We were talking about Vector Search. | I got the basic idea but not the deeper part.,,active_topic_reference,0.95,True,v3_3_boundary_slice:active_deictic_followup
topic_label_v3_3_discourse_00328,"I am close, but this part is not clicking.",Preterite vs Imperfect,Preterite vs Imperfect | Cloud Formation | Ocean Currents | Treaty of Versailles | Photosynthesis | Kidney Filtration | Executive Function | Kinetic Energy | Color Contrast | Emotional Regulation | Defamation | Potential Energy | Cold War Proxy Wars | Topic Sentences | Pragmatics | Correlation vs Causation | Normal Distribution,We were talking about Preterite vs Imperfect. | I got the basic idea but not the deeper part.,,active_topic_reference,0.90,True,v3_3_boundary_slice:active_deictic_followup
topic_label_v3_3_discourse_00329,"I know we are still on this, but can you make it more concrete?",Topic Sentences,Topic Sentences | Confirmation Bias | Preterite vs Imperfect | Executive Function | Contract Law Basics | Cold War Proxy Wars | Gesture Drawing,I asked about Topic Sentences before. | I do not need more facts yet; I need the shape of it.,,active_topic_reference,0.91,True,v3_3_boundary_slice:active_deictic_followup
topic_label_v3_3_discourse_00330,"Before moving on, i know we are still on this, but can you make it more concrete?",Electric Fields,Electric Fields | Kinetic Energy | Cold War Proxy Wars,We were talking about Electric Fields. | I got the basic idea but not the deeper part.,,active_topic_reference,0.88,True,v3_3_boundary_slice:active_deictic_followup
topic_label_v3_3_discourse_00331,"That example helped, but I still do not see the point.",Environment Variables,Environment Variables,Can you help me understand Environment Variables? | The first explanation helped a little.,,active_topic_reference,0.94,True,v3_3_boundary_slice:active_deictic_followup
topic_label_v3_3_discourse_00332,"I think I get the first part, but the next part is blurry.",Passive Voice,Passive Voice,We were talking about Passive Voice. | I got the basic idea but not the deeper part.,,active_topic_reference,0.91,True,v3_3_boundary_slice:active_deictic_followup
topic_label_v3_3_discourse_00333,"Wait, why does that happen?",Supply and Demand,Supply and Demand | Regression Lines | Reading Comprehension | Circuit Breakers,We were talking about Supply and Demand. | I got the basic idea but not the deeper part.,,active_topic_reference,0.95,True,v3_3_boundary_slice:active_deictic_followup
topic_label_v3_3_discourse_00334,The second part is still confusing.,Typography,Typography | Blind Spot Checks | Ocean Currents | Contract Law Basics | Defamation | Quadratic Functions | Plate Tectonics | Bayes Theorem | Plea Bargains | Electric Fields | Cloud Formation | Electricity | Color Contrast | Inflation | Resonance | Lifetime Value | Passive Voice | Integrals | Normal Distribution | Osmosis | Kinetic Energy | Gesture Drawing | Circuit Breakers | Insurance Deductible | Transit Planning,Can you help me understand Typography? | The first explanation helped a little.,,active_topic_reference,0.90,True,v3_3_boundary_slice:active_deictic_followup
topic_label_v3_3_discourse_00335,This is the part I keep slipping on.,Systems of Equations,Systems of Equations | Transit Planning,,,active_topic_reference,0.89,True,v3_3_boundary_slice:active_deictic_followup
topic_label_v3_3_discourse_00336,I lost the thread right there.,Ocean Currents,Ocean Currents | Blind Spot Checks | Quadratic Functions,Can you help me understand Ocean Currents? | The first explanation helped a little.,,active_topic_reference,0.90,True,v3_3_boundary_slice:active_deictic_followup
topic_label_v3_3_discourse_00337,I lost the thread right there.,Pragmatics,Pragmatics | Mitosis vs Meiosis | Trigonometry | Reading Comprehension,I asked about Pragmatics before. | I do not need more facts yet; I need the shape of it.,,active_topic_reference,0.94,True,v3_3_boundary_slice:active_deictic_followup
topic_label_v3_3_discourse_00338,Can we stay here and make this less abstract?,Environment Variables,Environment Variables,,,active_topic_reference,0.90,True,v3_3_boundary_slice:active_deictic_followup
topic_label_v3_3_discourse_00339,The topic is still Bayes Theorem. Where exactly am I supposed to look in that example?,Bayes Theorem,Bayes Theorem,I think Bayes Theorem is the topic I am on. | The example made sense while I was reading it.,,active_topic_reference,0.93,True,v3_3_boundary_slice:active_deictic_followup
topic_label_v3_3_discourse_00340,Can we stay here and make this less abstract?,Free Body Diagrams,Free Body Diagrams | Dopamine | Osmosis | Sodium-Potassium Pump | Gas Laws | Derivatives | Supply and Demand | Treaty of Versailles | Electricity | Kidney Filtration | Entropy | OAuth Flow | Defamation | Wave-Particle Duality | Vector Search | Close Reading | Civil Liberties vs Civil Rights | Quadratic Functions | Fractions | Cold War Proxy Wars | Blind Spot Checks | Reinforcement Learning | Contract Law Basics | Cloud Formation | Trigonometry,We were talking about Free Body Diagrams. | I got the basic idea but not the deeper part.,,active_topic_reference,0.96,True,v3_3_boundary_slice:active_deictic_followup
topic_label_v3_3_discourse_00341,"I am still on Reinforcement Learning, but can you say that another way?",Reinforcement Learning,Reinforcement Learning | Event Loop | Inflation | Typography,I asked about Reinforcement Learning before. | I do not need more facts yet; I need the shape of it.,,active_topic_reference,0.94,True,v3_3_boundary_slice:active_deictic_followup
topic_label_v3_3_discourse_00342,The topic is still Sodium-Potassium Pump. This is the part I keep slipping on.,Sodium-Potassium Pump,Sodium-Potassium Pump | Tire Pressure,Can you help me understand Sodium-Potassium Pump? | The first explanation helped a little.,,active_topic_reference,0.98,True,v3_3_boundary_slice:active_deictic_followup
topic_label_v3_3_discourse_00343,Why does it work that way?,Mitosis vs Meiosis,Mitosis vs Meiosis | Logarithms | Regression Lines | Emotional Regulation,,,active_topic_reference,0.90,True,v3_3_boundary_slice:active_deictic_followup
topic_label_v3_3_discourse_00344,Can you make this feel less like magic?,Vector Search,Vector Search | Reading Comprehension | Sodium-Potassium Pump | Inflation | Defamation | Carbon Cycle | Insurance Deductible | Ocean Currents | Color Contrast | Regression Lines | Normal Distribution | Photosynthesis | Supply and Demand,I asked about Vector Search before. | I do not need more facts yet; I need the shape of it.,,active_topic_reference,0.89,True,v3_3_boundary_slice:active_deictic_followup
topic_label_v3_3_discourse_00345,"Hold on, same topic. Can you say that another way?",Regression Lines,Regression Lines,,,active_topic_reference,0.89,True,v3_3_boundary_slice:active_deictic_followup
topic_label_v3_3_discourse_00346,Can you give me the baby version of that?,Cloud Formation,Cloud Formation | Passive Voice | Action Potentials | Systems of Equations | API Authentication | Preterite vs Imperfect | Integrals | Quadratic Functions | Photosynthesis,I think Cloud Formation is the topic I am on. | The example made sense while I was reading it.,,active_topic_reference,0.93,True,v3_3_boundary_slice:active_deictic_followup
topic_label_v3_3_discourse_00347,Could you explain that in a simpler way?,Contract Law Basics,Contract Law Basics | Bayes Theorem | Resonance | Regression Lines,We were talking about Contract Law Basics. | I got the basic idea but not the deeper part.,,active_topic_reference,0.91,True,v3_3_boundary_slice:active_deictic_followup
topic_label_v3_3_discourse_00348,Okay but what is that actually doing?,Circuit Breakers,Circuit Breakers | Food Webs,I think Circuit Breakers is the topic I am on. | The example made sense while I was reading it.,,active_topic_reference,0.92,True,v3_3_boundary_slice:active_deictic_followup
topic_label_v3_3_discourse_00349,"I am still on Caching, but can we stay here and make this less abstract?",Caching,Caching | Potential Energy | Kidney Filtration | Fractions | Correlation vs Causation | Derivatives | Close Reading,We were talking about Caching. | I got the basic idea but not the deeper part.,,active_topic_reference,0.98,True,v3_3_boundary_slice:active_deictic_followup
topic_label_v3_3_discourse_00350,"I get the words, but not what it is doing.",Integrals,Integrals | OAuth Flow | Regression Lines | Blind Spot Checks,Can you help me understand Integrals? | The first explanation helped a little.,,active_topic_reference,0.92,True,v3_3_boundary_slice:active_deictic_followup
topic_label_v3_3_discourse_00351,"Wait, why does that happen?",Air Pressure Systems,Air Pressure Systems | Kidney Filtration,Can you help me understand Air Pressure Systems? | The first explanation helped a little.,,active_topic_reference,0.97,True,v3_3_boundary_slice:active_deictic_followup
topic_label_v3_3_discourse_00352,"Hold on, same topic. I lost the thread right there.",Sodium-Potassium Pump,Sodium-Potassium Pump | Blood Pressure Regulation | Cellular Respiration,Can you help me understand Sodium-Potassium Pump? | The first explanation helped a little.,,active_topic_reference,0.92,True,v3_3_boundary_slice:active_deictic_followup
topic_label_v3_3_discourse_00353,"I am close, but this part is not clicking.",API Authentication,API Authentication | Torque | Defamation,I think API Authentication is the topic I am on. | The example made sense while I was reading it.,,active_topic_reference,0.97,True,v3_3_boundary_slice:active_deictic_followup
topic_label_v3_3_discourse_00354,Can you make this feel less like magic?,Contract Law Basics,Contract Law Basics | Tire Pressure | Environment Variables | French Pronunciation,Can you help me understand Contract Law Basics? | The first explanation helped a little.,,active_topic_reference,0.90,True,v3_3_boundary_slice:active_deictic_followup
topic_label_v3_3_discourse_00355,"That example helped, but I still do not see the point.",Executive Function,Executive Function | Normal Distribution,I asked about Executive Function before. | I do not need more facts yet; I need the shape of it.,,active_topic_reference,0.89,True,v3_3_boundary_slice:active_deictic_followup
topic_label_v3_3_discourse_00356,"Same topic, but can you make it more step-by-step?",Resonance,Resonance | Derivatives | Passive Voice | Kidney Filtration | Kinetic Energy | Cold War Proxy Wars | Circuit Breakers | Gas Laws | Preterite vs Imperfect | Defamation | Contract Law Basics | Regression Lines | Reading Comprehension,I asked about Resonance before. | I do not need more facts yet; I need the shape of it.,,active_topic_reference,0.95,True,v3_3_boundary_slice:active_deictic_followup
topic_label_v3_3_discourse_00357,How does that connect to the example?,Passive Voice,Passive Voice | Electric Fields | Topic Sentences | Plea Bargains | Tire Pressure | Wave-Particle Duality | Reinforcement Learning,We were talking about Passive Voice. | I got the basic idea but not the deeper part.,,active_topic_reference,0.91,True,v3_3_boundary_slice:active_deictic_followup
topic_label_v3_3_discourse_00358,"Before moving on, that makes sense for one second and then I lose it.",Environment Variables,Environment Variables | Kidney Filtration,I think Environment Variables is the topic I am on. | The example made sense while I was reading it.,,active_topic_reference,0.90,True,v3_3_boundary_slice:active_deictic_followup
topic_label_v3_3_discourse_00359,Could you make the same point with a tiny example?,Preterite vs Imperfect,Preterite vs Imperfect | Gas Laws | Color Contrast | French Pronunciation | Tire Pressure | Trigonometry | Transit Planning | Kinetic Energy | Confirmation Bias,,,active_topic_reference,0.91,True,v3_3_boundary_slice:active_deictic_followup
topic_label_v3_3_discourse_00360,This is the part I keep slipping on.,Inflation,Inflation | Vector Search | Trigonometry | Fractions | Integrals | Ocean Currents | Preterite vs Imperfect | Action Potentials | Potential Energy | French Pronunciation | Confirmation Bias | Blood Pressure Regulation | Blind Spot Checks,I asked about Inflation before. | I do not need more facts yet; I need the shape of it.,,active_topic_reference,0.92,True,v3_3_boundary_slice:active_deictic_followup
topic_label_v3_3_discourse_00361,"I am still on Blind Spot Checks, but what does that mean in plain English?",Blind Spot Checks,Blind Spot Checks | Free Body Diagrams | Kidney Filtration | Plea Bargains | Kinetic Energy | Renewable Energy Grid | Civil Liberties vs Civil Rights,,,active_topic_reference,0.88,True,v3_3_boundary_slice:active_deictic_followup
topic_label_v3_3_discourse_00362,"I am still on Food Webs, but what should I notice first?",Food Webs,Food Webs | Groundwater | Executive Function | Topic Sentences,We were talking about Food Webs. | I got the basic idea but not the deeper part.,,active_topic_reference,0.92,True,v3_3_boundary_slice:active_deictic_followup
topic_label_v3_3_discourse_00363,How does that connect to the example?,Reinforcement Learning,Reinforcement Learning | Supply and Demand | Photosynthesis,,,active_topic_reference,0.97,True,v3_3_boundary_slice:active_deictic_followup
topic_label_v3_3_discourse_00364,That part still feels weird to me.,Quadratic Functions,Quadratic Functions | Pragmatics | Tokenization | Normal Distribution | Mitosis vs Meiosis | Event Loop | Bayes Theorem,,,active_topic_reference,0.88,True,v3_3_boundary_slice:active_deictic_followup
topic_label_v3_3_discourse_00365,"Hold on, same topic. I know we are still on this, but can you make it more concrete?",Lifetime Value,Lifetime Value | Pragmatics | Defamation | French Pronunciation | Vector Search | Food Webs | Transit Planning | Reinforcement Learning | Bayes Theorem | Osmosis | Electricity | Supply and Demand | Measuring Ingredients | Cellular Respiration | Dopamine | Event Loop | Ocean Currents,,,active_topic_reference,0.88,True,v3_3_boundary_slice:active_deictic_followup
topic_label_v3_3_discourse_00366,"I am close, but this part is not clicking.",Food Webs,Food Webs | Mitosis vs Meiosis | Osmosis,I asked about Food Webs before. | I do not need more facts yet; I need the shape of it.,,active_topic_reference,0.93,True,v3_3_boundary_slice:active_deictic_followup
topic_label_v3_3_discourse_00367,Could you show me another example of this?,Systems of Equations,Systems of Equations | Plate Tectonics | Transit Planning,Can you help me understand Systems of Equations? | The first explanation helped a little.,,active_topic_reference,0.90,True,v3_3_boundary_slice:active_deictic_followup
topic_label_v3_3_discourse_00368,Why does it work that way?,Blood Pressure Regulation,Blood Pressure Regulation | Vector Search,We were talking about Blood Pressure Regulation. | I got the basic idea but not the deeper part.,,active_topic_reference,0.98,True,v3_3_boundary_slice:active_deictic_followup
topic_label_v3_3_discourse_00369,"The label is fine, but the actual meaning is not landing.",Blind Spot Checks,Blind Spot Checks | Kinetic Energy | Environment Variables | Defamation | Renewable Energy Grid | Passive Voice | OAuth Flow | Carbon Cycle | API Authentication | Treaty of Versailles | Trigonometry | Lifetime Value | Osmosis | Photosynthesis | Action Potentials | Kidney Filtration | Logarithms | Normal Distribution | Free Body Diagrams | Gas Laws | Electric Fields | Gesture Drawing | Pragmatics | Quadratic Functions | Caching,Can you help me understand Blind Spot Checks? | The first explanation helped a little.,,active_topic_reference,0.89,True,v3_3_boundary_slice:active_deictic_followup
topic_label_v3_3_discourse_00370,Can you give me the baby version of that?,Fractions,Fractions | Measuring Ingredients | Environment Variables | Inflation | Food Webs | Renewable Energy Grid | API Authentication,I think Fractions is the topic I am on. | The example made sense while I was reading it.,,active_topic_reference,0.89,True,v3_3_boundary_slice:active_deictic_followup
topic_label_v3_3_discourse_00371,Can you unpack that sentence?,Preterite vs Imperfect,Preterite vs Imperfect | Measuring Ingredients | Environment Variables | Plate Tectonics | OAuth Flow | Passive Voice | Transit Planning,I think Preterite vs Imperfect is the topic I am on. | The example made sense while I was reading it.,,active_topic_reference,0.97,True,v3_3_boundary_slice:active_deictic_followup
topic_label_v3_3_discourse_00372,What should I notice first?,Plate Tectonics,Plate Tectonics,I asked about Plate Tectonics before. | I do not need more facts yet; I need the shape of it.,,active_topic_reference,0.90,True,v3_3_boundary_slice:active_deictic_followup
topic_label_v3_3_discourse_00373,What does that mean in plain English?,Carbon Cycle,Carbon Cycle,I think Carbon Cycle is the topic I am on. | The example made sense while I was reading it.,,active_topic_reference,0.95,True,v3_3_boundary_slice:active_deictic_followup
topic_label_v3_3_discourse_00374,"Same topic, but can you make it more step-by-step?",Contract Law Basics,Contract Law Basics | Trigonometry,I asked about Contract Law Basics before. | I do not need more facts yet; I need the shape of it.,,active_topic_reference,0.91,True,v3_3_boundary_slice:active_deictic_followup
topic_label_v3_3_discourse_00375,That part still feels weird to me.,Photosynthesis,Photosynthesis | Cloud Formation | Bayes Theorem | Logical Fallacies | Reinforcement Learning | Wave-Particle Duality | Gesture Drawing | Passive Voice | Tire Pressure | Carbon Cycle | Defamation | Close Reading | Inflation | Treaty of Versailles | Measuring Ingredients | Food Webs | Groundwater | Transit Planning | Derivatives | Preterite vs Imperfect | Plea Bargains | Regression Lines | Osmosis | Reading Comprehension | Circuit Breakers,I think Photosynthesis is the topic I am on. | The example made sense while I was reading it.,,active_topic_reference,0.97,True,v3_3_boundary_slice:active_deictic_followup
topic_label_v3_3_discourse_00376,"The label is fine, but the actual meaning is not landing.",Systems of Equations,Systems of Equations,We were talking about Systems of Equations. | I got the basic idea but not the deeper part.,,active_topic_reference,0.90,True,v3_3_boundary_slice:active_deictic_followup
topic_label_v3_3_discourse_00377,"I get the words, but not what it is doing.",Reinforcement Learning,Reinforcement Learning | Vector Search | Insurance Deductible | Potential Energy | Logical Fallacies | Regression Lines | Entropy | Kidney Filtration | Circuit Breakers | Measuring Ingredients | Supply and Demand | Blood Pressure Regulation | Dopamine,I asked about Reinforcement Learning before. | I do not need more facts yet; I need the shape of it.,,active_topic_reference,0.97,True,v3_3_boundary_slice:active_deictic_followup
topic_label_v3_3_discourse_00378,I think the issue is the middle step.,Logical Fallacies,Logical Fallacies | Fractions | Reading Comprehension,I think Logical Fallacies is the topic I am on. | The example made sense while I was reading it.,,active_topic_reference,0.88,True,v3_3_boundary_slice:active_deictic_followup
topic_label_v3_3_discourse_00379,I do not need a new topic yet; I need that part again.,Blind Spot Checks,Blind Spot Checks,Can you help me understand Blind Spot Checks? | The first explanation helped a little.,,active_topic_reference,0.95,True,v3_3_boundary_slice:active_deictic_followup
topic_label_v3_3_discourse_00380,How does that connect to the example?,Fractions,Fractions | French Pronunciation | Treaty of Versailles | Cold War Proxy Wars | Pragmatics | Dopamine | Lifetime Value | Electric Fields | Topic Sentences | Plea Bargains | Sodium-Potassium Pump | Wave-Particle Duality | Inflation | Close Reading | Event Loop | Circuit Breakers | Logical Fallacies,,,active_topic_reference,0.96,True,v3_3_boundary_slice:active_deictic_followup
topic_label_v3_3_discourse_00381,"I am close, but this part is not clicking.",Fractions,Fractions | Ocean Currents,I think Fractions is the topic I am on. | The example made sense while I was reading it.,,active_topic_reference,0.93,True,v3_3_boundary_slice:active_deictic_followup
topic_label_v3_3_discourse_00382,"The label is fine, but the actual meaning is not landing.",Bayes Theorem,Bayes Theorem,I asked about Bayes Theorem before. | I do not need more facts yet; I need the shape of it.,,active_topic_reference,0.90,True,v3_3_boundary_slice:active_deictic_followup
topic_label_v3_3_discourse_00383,I do not want to switch topics; can we stay here and make this less abstract?,Photosynthesis,Photosynthesis,We were talking about Photosynthesis. | I got the basic idea but not the deeper part.,,active_topic_reference,0.92,True,v3_3_boundary_slice:active_deictic_followup
topic_label_v3_3_discourse_00384,Could you show me another example of this?,Gas Laws,Gas Laws | Gesture Drawing | Fractions | French Pronunciation | Tokenization | Systems of Equations | Regression Lines | Photosynthesis | Close Reading,,,active_topic_reference,0.91,True,v3_3_boundary_slice:active_deictic_followup
topic_label_v3_3_discourse_00385,What is the intuition for that?,Quadratic Functions,Quadratic Functions,Can you help me understand Quadratic Functions? | The first explanation helped a little.,,active_topic_reference,0.95,True,v3_3_boundary_slice:active_deictic_followup
topic_label_v3_3_discourse_00386,That part still feels weird to me.,Emotional Regulation,Emotional Regulation,We were talking about Emotional Regulation. | I got the basic idea but not the deeper part.,,active_topic_reference,0.94,True,v3_3_boundary_slice:active_deictic_followup
topic_label_v3_3_discourse_00387,"I am still on Integrals, but can we stay here and make this less abstract?",Integrals,Integrals,We were talking about Integrals. | I got the basic idea but not the deeper part.,,active_topic_reference,0.89,True,v3_3_boundary_slice:active_deictic_followup
topic_label_v3_3_discourse_00388,Could you do one more pass on this?,Kidney Filtration,Kidney Filtration,Can you help me understand Kidney Filtration? | The first explanation helped a little.,,active_topic_reference,0.94,True,v3_3_boundary_slice:active_deictic_followup
topic_label_v3_3_discourse_00389,What would that look like?,Tokenization,Tokenization | Defamation | Regression Lines | Free Body Diagrams | Pragmatics | Event Loop | Vector Search | Topic Sentences | Cloud Formation,We were talking about Tokenization. | I got the basic idea but not the deeper part.,,active_topic_reference,0.88,True,v3_3_boundary_slice:active_deictic_followup
topic_label_v3_3_discourse_00390,Why does it work that way?,Preterite vs Imperfect,Preterite vs Imperfect,I think Preterite vs Imperfect is the topic I am on. | The example made sense while I was reading it.,,active_topic_reference,0.96,True,v3_3_boundary_slice:active_deictic_followup
topic_label_v3_3_discourse_00391,I do not need a new topic yet; I need that part again.,Cloud Formation,Cloud Formation | Passive Voice | Renewable Energy Grid | Entropy | Logical Fallacies | Potential Energy | Kinetic Energy | Derivatives | Trigonometry | Logarithms | Ocean Currents | Wave-Particle Duality | Plate Tectonics | Emotional Regulation | Photosynthesis | Close Reading | Cellular Respiration | Tire Pressure | Mitosis vs Meiosis | Air Pressure Systems | Plea Bargains | Torque | Correlation vs Causation | Osmosis | Sodium-Potassium Pump,Can you help me understand Cloud Formation? | The first explanation helped a little.,,active_topic_reference,0.92,True,v3_3_boundary_slice:active_deictic_followup
topic_label_v3_3_discourse_00392,"Hold on, same topic. I know we are still on this, but can you make it more concrete?",Environment Variables,Environment Variables,We were talking about Environment Variables. | I got the basic idea but not the deeper part.,,active_topic_reference,0.91,True,v3_3_boundary_slice:active_deictic_followup
topic_label_v3_3_discourse_00393,"The label is fine, but the actual meaning is not landing.",Pragmatics,Pragmatics,I asked about Pragmatics before. | I do not need more facts yet; I need the shape of it.,,active_topic_reference,0.95,True,v3_3_boundary_slice:active_deictic_followup
topic_label_v3_3_discourse_00394,Can you give me the baby version of that?,Confirmation Bias,Confirmation Bias | Treaty of Versailles | Typography | Quadratic Functions,I asked about Confirmation Bias before. | I do not need more facts yet; I need the shape of it.,,active_topic_reference,0.91,True,v3_3_boundary_slice:active_deictic_followup
topic_label_v3_3_discourse_00395,How does that connect to the example?,Vector Search,Vector Search,I asked about Vector Search before. | I do not need more facts yet; I need the shape of it.,,active_topic_reference,0.89,True,v3_3_boundary_slice:active_deictic_followup
topic_label_v3_3_discourse_00396,How does that connect to the example?,Confirmation Bias,Confirmation Bias,,,active_topic_reference,0.98,True,v3_3_boundary_slice:active_deictic_followup
topic_label_v3_3_discourse_00397,"Same topic, but can you make it more step-by-step?",Defamation,Defamation | Budgeting | Groundwater | Supply and Demand | Carbon Cycle | Lifetime Value | Electric Fields | Color Contrast | Transit Planning | Ocean Currents | Quadratic Functions | Reading Comprehension | Insurance Deductible,Can you help me understand Defamation? | The first explanation helped a little.,,active_topic_reference,0.89,True,v3_3_boundary_slice:active_deictic_followup
topic_label_v3_3_discourse_00398,Could you explain that in a simpler way?,Ocean Currents,Ocean Currents | Torque | Close Reading | Inflation | Contract Law Basics | Integrals | Emotional Regulation | Trigonometry | Executive Function | Caching | Transit Planning | Tokenization | Photosynthesis,We were talking about Ocean Currents. | I got the basic idea but not the deeper part.,,active_topic_reference,0.94,True,v3_3_boundary_slice:active_deictic_followup
topic_label_v3_3_discourse_00399,This is the part I keep slipping on.,Air Pressure Systems,Air Pressure Systems | Cellular Respiration | Normal Distribution,I think Air Pressure Systems is the topic I am on. | The example made sense while I was reading it.,,active_topic_reference,0.90,True,v3_3_boundary_slice:active_deictic_followup
topic_label_v3_3_discourse_00400,Could you explain that in a simpler way?,Systems of Equations,Systems of Equations,,,active_topic_reference,0.95,True,v3_3_boundary_slice:active_deictic_followup
topic_label_v3_3_discourse_00401,I think the issue is the middle step.,Executive Function,Executive Function | Groundwater | Dopamine,I think Executive Function is the topic I am on. | The example made sense while I was reading it.,,active_topic_reference,0.91,True,v3_3_boundary_slice:active_deictic_followup
topic_label_v3_3_discourse_00402,That part still feels weird to me.,Carbon Cycle,Carbon Cycle | Circuit Breakers | Defamation | Torque | Vector Search | Action Potentials | Potential Energy | Sodium-Potassium Pump | Measuring Ingredients | Civil Liberties vs Civil Rights | OAuth Flow | Photosynthesis | Systems of Equations | Inflation | French Pronunciation | Blind Spot Checks | Regression Lines | Contract Law Basics | Logarithms | Preterite vs Imperfect | Budgeting | Tokenization | Blood Pressure Regulation | Ocean Currents | Transit Planning,We were talking about Carbon Cycle. | I got the basic idea but not the deeper part.,,active_topic_reference,0.88,True,v3_3_boundary_slice:active_deictic_followup
topic_label_v3_3_discourse_00403,"Before moving on, why does it work that way?",Color Contrast,Color Contrast | Pragmatics | Plea Bargains | Sodium-Potassium Pump | OAuth Flow | Insurance Deductible | Entropy | Renewable Energy Grid | Emotional Regulation | Transit Planning | Reinforcement Learning | Inflation | Gesture Drawing | Budgeting | Vector Search | Reading Comprehension | Wave-Particle Duality | Cold War Proxy Wars | Carbon Cycle | Integrals | Correlation vs Causation | Executive Function | Treaty of Versailles | Mitosis vs Meiosis | Bayes Theorem,We were talking about Color Contrast. | I got the basic idea but not the deeper part.,,active_topic_reference,0.97,True,v3_3_boundary_slice:active_deictic_followup
topic_label_v3_3_discourse_00404,This is the part I keep slipping on.,Free Body Diagrams,Free Body Diagrams | Plea Bargains | Dopamine | Topic Sentences | Typography | Food Webs | Plate Tectonics | Tokenization | Trigonometry,Can you help me understand Free Body Diagrams? | The first explanation helped a little.,,active_topic_reference,0.90,True,v3_3_boundary_slice:active_deictic_followup
topic_label_v3_3_discourse_00405,Could you make the same point with a tiny example?,Treaty of Versailles,Treaty of Versailles,,,active_topic_reference,0.94,True,v3_3_boundary_slice:active_deictic_followup
topic_label_v3_3_discourse_00406,Can we stay here and make this less abstract?,Topic Sentences,Topic Sentences,,,active_topic_reference,0.91,True,v3_3_boundary_slice:active_deictic_followup
topic_label_v3_3_discourse_00407,"I know we are still on this, but can you make it more concrete?",Event Loop,Event Loop,We were talking about Event Loop. | I got the basic idea but not the deeper part.,,active_topic_reference,0.90,True,v3_3_boundary_slice:active_deictic_followup
topic_label_v3_3_discourse_00408,"That example helped, but I still do not see the point.",Inflation,Inflation | Defamation | Event Loop | Kinetic Energy | Vector Search | Close Reading | Plate Tectonics | Confirmation Bias | Contract Law Basics,,,active_topic_reference,0.92,True,v3_3_boundary_slice:active_deictic_followup
topic_label_v3_3_discourse_00409,"I do not want to switch topics; same topic, but can you make it more step-by-step?",Tire Pressure,Tire Pressure,I think Tire Pressure is the topic I am on. | The example made sense while I was reading it.,,active_topic_reference,0.96,True,v3_3_boundary_slice:active_deictic_followup
topic_label_v3_3_discourse_00410,"I know we are still on this, but can you make it more concrete?",Transit Planning,Transit Planning | Insurance Deductible | Photosynthesis | Quadratic Functions,I think Transit Planning is the topic I am on. | The example made sense while I was reading it.,,active_topic_reference,0.90,True,v3_3_boundary_slice:active_deictic_followup
topic_label_v3_3_discourse_00411,Okay but what is that actually doing?,Tire Pressure,Tire Pressure | Bayes Theorem,I think Tire Pressure is the topic I am on. | The example made sense while I was reading it.,,active_topic_reference,0.97,True,v3_3_boundary_slice:active_deictic_followup
topic_label_v3_3_discourse_00412,Could you make the same point with a tiny example?,Electric Fields,Electric Fields,I think Electric Fields is the topic I am on. | The example made sense while I was reading it.,,active_topic_reference,0.93,True,v3_3_boundary_slice:active_deictic_followup
topic_label_v3_3_discourse_00413,"I know we are still on this, but can you make it more concrete?",Mitosis vs Meiosis,Mitosis vs Meiosis | Confirmation Bias | Passive Voice | Close Reading | Normal Distribution | Bayes Theorem | Lifetime Value | Air Pressure Systems | Tire Pressure | Inflation | Circuit Breakers | Defamation | French Pronunciation | Contract Law Basics | Food Webs | Derivatives | Regression Lines,I think Mitosis vs Meiosis is the topic I am on. | The example made sense while I was reading it.,,active_topic_reference,0.90,True,v3_3_boundary_slice:active_deictic_followup
topic_label_v3_3_discourse_00414,I do not want to switch topics; i lost the thread right there.,Free Body Diagrams,Free Body Diagrams,We were talking about Free Body Diagrams. | I got the basic idea but not the deeper part.,,active_topic_reference,0.91,True,v3_3_boundary_slice:active_deictic_followup
topic_label_v3_3_discourse_00415,Could you make the same point with a tiny example?,Wave-Particle Duality,Wave-Particle Duality | Treaty of Versailles | Civil Liberties vs Civil Rights | Cold War Proxy Wars | Typography | Renewable Energy Grid | Blind Spot Checks | Potential Energy | Vector Search | Mitosis vs Meiosis | Food Webs | Integrals | Air Pressure Systems | Bayes Theorem | Contract Law Basics | Gesture Drawing | Defamation | Supply and Demand | Emotional Regulation | Ocean Currents | Electricity | Action Potentials | Topic Sentences | Carbon Cycle | Plea Bargains,I do not understand light being both a wave and a particle. | The wave example helped a little.,,active_topic_reference,0.93,True,v3_3_boundary_slice:active_deictic_followup
topic_label_v3_3_discourse_00416,"The topic is still Systems of Equations. I am close, but this part is not clicking.",Systems of Equations,Systems of Equations,I asked about Systems of Equations before. | I do not need more facts yet; I need the shape of it.,,active_topic_reference,0.92,True,v3_3_boundary_slice:active_deictic_followup
topic_label_v3_3_discourse_00417,"I am still on Food Webs, but what would that look like?",Food Webs,Food Webs | Reinforcement Learning | Regression Lines | Logical Fallacies,,,active_topic_reference,0.94,True,v3_3_boundary_slice:active_deictic_followup
topic_label_v3_3_discourse_00418,"Hold on, same topic. Could you make the same point with a tiny example?",French Pronunciation,French Pronunciation,,,active_topic_reference,0.98,True,v3_3_boundary_slice:active_deictic_followup
topic_label_v3_3_discourse_00419,"I do not want to switch topics; i get the words, but not what it is doing.",Kidney Filtration,Kidney Filtration,We were talking about Kidney Filtration. | I got the basic idea but not the deeper part.,,active_topic_reference,0.90,True,v3_3_boundary_slice:active_deictic_followup
topic_label_v3_3_discourse_00420,The topic is still Derivatives. I do not need a new topic yet; I need that part again.,Derivatives,Derivatives | Electricity | Potential Energy | Gas Laws | Air Pressure Systems | Typography | Blood Pressure Regulation | Photosynthesis | Inflation | Action Potentials | Mitosis vs Meiosis | Kidney Filtration | Osmosis | Defamation | Kinetic Energy | Contract Law Basics | Food Webs,Can you help me understand Derivatives? | The first explanation helped a little.,,active_topic_reference,0.98,True,v3_3_boundary_slice:active_deictic_followup
topic_label_v3_3_discourse_00421,Could you show me another example of this?,Mitosis vs Meiosis,Mitosis vs Meiosis | Electric Fields | Bayes Theorem | Executive Function | Osmosis | Cold War Proxy Wars | Confirmation Bias | Circuit Breakers | Plea Bargains | Reinforcement Learning | Gesture Drawing | Renewable Energy Grid | Blood Pressure Regulation,,,active_topic_reference,0.90,True,v3_3_boundary_slice:active_deictic_followup
topic_label_v3_3_discourse_00422,What should I notice first?,Close Reading,Close Reading,I asked about Close Reading before. | I do not need more facts yet; I need the shape of it.,,active_topic_reference,0.96,True,v3_3_boundary_slice:active_deictic_followup
topic_label_v3_3_discourse_00423,Could you show me another example of this?,Contract Law Basics,Contract Law Basics,,,active_topic_reference,0.95,True,v3_3_boundary_slice:active_deictic_followup
topic_label_v3_3_discourse_00424,Can you slow down on this part?,Logarithms,Logarithms,,,active_topic_reference,0.93,True,v3_3_boundary_slice:active_deictic_followup
topic_label_v3_3_discourse_00425,The topic is still Event Loop. I lost the thread right there.,Event Loop,Event Loop | Close Reading,I asked about Event Loop before. | I do not need more facts yet; I need the shape of it.,,active_topic_reference,0.97,True,v3_3_boundary_slice:active_deictic_followup
topic_label_v3_3_discourse_00426,The topic is still Integrals. Could you do one more pass on this?,Integrals,Integrals | Measuring Ingredients,,,active_topic_reference,0.90,True,v3_3_boundary_slice:active_deictic_followup
topic_label_v3_3_discourse_00427,"The topic is still Mitosis vs Meiosis. The label is fine, but the actual meaning is not landing.",Mitosis vs Meiosis,Mitosis vs Meiosis | Free Body Diagrams | Trigonometry | Resonance | Emotional Regulation | Fractions | Electric Fields | Passive Voice | Topic Sentences | Budgeting | Dopamine | Blind Spot Checks | Lifetime Value | Preterite vs Imperfect | Executive Function | Environment Variables | API Authentication,I think Mitosis vs Meiosis is the topic I am on. | The example made sense while I was reading it.,,active_topic_reference,0.92,True,v3_3_boundary_slice:active_deictic_followup
topic_label_v3_3_discourse_00428,"Same topic, but can you make it more step-by-step?",Correlation vs Causation,Correlation vs Causation | Carbon Cycle | Color Contrast | Event Loop | Environment Variables | Electricity | Tire Pressure | Inflation | Measuring Ingredients,I think Correlation vs Causation is the topic I am on. | The example made sense while I was reading it.,,active_topic_reference,0.95,True,v3_3_boundary_slice:active_deictic_followup
topic_label_v3_3_discourse_00429,Can you give me the baby version of that?,Air Pressure Systems,Air Pressure Systems | OAuth Flow | Close Reading | Gas Laws,We were talking about Air Pressure Systems. | I got the basic idea but not the deeper part.,,active_topic_reference,0.91,True,v3_3_boundary_slice:active_deictic_followup
topic_label_v3_3_discourse_00430,What is the intuition for that?,Logarithms,Logarithms,We were talking about Logarithms. | I got the basic idea but not the deeper part.,,active_topic_reference,0.96,True,v3_3_boundary_slice:active_deictic_followup
topic_label_v3_3_discourse_00431,How does that connect to the example?,Confirmation Bias,Confirmation Bias | Insurance Deductible | Gesture Drawing | Food Webs | Free Body Diagrams | Carbon Cycle | Vector Search,I think Confirmation Bias is the topic I am on. | The example made sense while I was reading it.,,active_topic_reference,0.95,True,v3_3_boundary_slice:active_deictic_followup
topic_label_v3_3_discourse_00432,"I am still on Color Contrast, but can you make this feel less like magic?",Color Contrast,Color Contrast,I asked about Color Contrast before. | I do not need more facts yet; I need the shape of it.,,active_topic_reference,0.95,True,v3_3_boundary_slice:active_deictic_followup
topic_label_v3_3_discourse_00433,The second part is still confusing.,French Pronunciation,French Pronunciation | Cloud Formation | Resonance | Electricity | Action Potentials | OAuth Flow | Torque | Preterite vs Imperfect | Plate Tectonics | Regression Lines | Quadratic Functions | Photosynthesis | Typography | Reading Comprehension | Budgeting | Carbon Cycle | Cellular Respiration,,,active_topic_reference,0.97,True,v3_3_boundary_slice:active_deictic_followup
topic_label_v3_3_discourse_00434,I lost the thread right there.,Confirmation Bias,Confirmation Bias | Logarithms | Electric Fields,Can you help me understand Confirmation Bias? | The first explanation helped a little.,,active_topic_reference,0.89,True,v3_3_boundary_slice:active_deictic_followup
topic_label_v3_3_discourse_00435,"I get the words, but not what it is doing.",Contract Law Basics,Contract Law Basics,Can you help me understand Contract Law Basics? | The first explanation helped a little.,,active_topic_reference,0.96,True,v3_3_boundary_slice:active_deictic_followup
topic_label_v3_3_discourse_00436,Could you explain that in a simpler way?,Kidney Filtration,Kidney Filtration | Emotional Regulation | Circuit Breakers | Resonance,,,active_topic_reference,0.92,True,v3_3_boundary_slice:active_deictic_followup
topic_label_v3_3_discourse_00437,"I am still on Kidney Filtration, but could you show me another example of this?",Kidney Filtration,Kidney Filtration | Sodium-Potassium Pump | Cloud Formation,Can you help me understand Kidney Filtration? | The first explanation helped a little.,,active_topic_reference,0.97,True,v3_3_boundary_slice:active_deictic_followup
topic_label_v3_3_discourse_00438,I do not need a new topic yet; I need that part again.,Cloud Formation,Cloud Formation,I think Cloud Formation is the topic I am on. | The example made sense while I was reading it.,,active_topic_reference,0.88,True,v3_3_boundary_slice:active_deictic_followup
topic_label_v3_3_discourse_00439,Could you explain that in a simpler way?,Fractions,Fractions | Action Potentials | Gas Laws | Caching,I asked about Fractions before. | I do not need more facts yet; I need the shape of it.,,active_topic_reference,0.91,True,v3_3_boundary_slice:active_deictic_followup
topic_label_v3_3_discourse_00440,"Hold on, same topic. Why would that be true?",OAuth Flow,OAuth Flow | Confirmation Bias | Normal Distribution | Tokenization | Topic Sentences | Derivatives | Kinetic Energy | Logarithms | Circuit Breakers | Preterite vs Imperfect | Vector Search | Fractions | Dopamine,We were talking about OAuth Flow. | I got the basic idea but not the deeper part.,,active_topic_reference,0.91,True,v3_3_boundary_slice:active_deictic_followup
topic_label_v3_3_discourse_00441,Can you show it visually somehow?,Inflation,Inflation | Carbon Cycle | Preterite vs Imperfect | Treaty of Versailles | Pragmatics | Measuring Ingredients | Environment Variables | Renewable Energy Grid | Typography | Color Contrast | Electricity | Osmosis | Systems of Equations | Contract Law Basics | Reading Comprehension | Emotional Regulation | Logarithms,I asked about Inflation before. | I do not need more facts yet; I need the shape of it.,,active_topic_reference,0.93,True,v3_3_boundary_slice:active_deictic_followup
topic_label_v3_3_discourse_00442,"I think I get the first part, but the next part is blurry.",Cloud Formation,Cloud Formation,We were talking about Cloud Formation. | I got the basic idea but not the deeper part.,,active_topic_reference,0.89,True,v3_3_boundary_slice:active_deictic_followup
topic_label_v3_3_discourse_00443,Where exactly am I supposed to look in that example?,Vector Search,Vector Search | Entropy | Ocean Currents | Color Contrast | Plea Bargains | Dopamine | Plate Tectonics | Wave-Particle Duality | Passive Voice | Quadratic Functions | Budgeting | Kinetic Energy | Sodium-Potassium Pump | Regression Lines | Emotional Regulation | OAuth Flow | Caching,Can you help me understand Vector Search? | The first explanation helped a little.,,active_topic_reference,0.89,True,v3_3_boundary_slice:active_deictic_followup
topic_label_v3_3_discourse_00444,Could you compare that to the example from before?,Fractions,Fractions,We were talking about Fractions. | I got the basic idea but not the deeper part.,,active_topic_reference,0.93,True,v3_3_boundary_slice:active_deictic_followup
topic_label_v3_3_discourse_00445,"Hold on, same topic. I lost the thread right there.",Reinforcement Learning,Reinforcement Learning | Regression Lines | Gas Laws | Photosynthesis,We were talking about Reinforcement Learning. | I got the basic idea but not the deeper part.,,active_topic_reference,0.94,True,v3_3_boundary_slice:active_deictic_followup
topic_label_v3_3_discourse_00446,The topic is still Plea Bargains. Why does it work that way?,Plea Bargains,Plea Bargains | Resonance,I asked about Plea Bargains before. | I do not need more facts yet; I need the shape of it.,,active_topic_reference,0.95,True,v3_3_boundary_slice:active_deictic_followup
topic_label_v3_3_discourse_00447,I do not need a new topic yet; I need that part again.,Typography,Typography | Mitosis vs Meiosis | Logarithms | Passive Voice,I think Typography is the topic I am on. | The example made sense while I was reading it.,,active_topic_reference,0.94,True,v3_3_boundary_slice:active_deictic_followup
topic_label_v3_3_discourse_00448,I do not want to switch topics; where exactly am I supposed to look in that example?,French Pronunciation,French Pronunciation | Blind Spot Checks | Budgeting | Lifetime Value | Treaty of Versailles | Electricity | Vector Search | Topic Sentences | Emotional Regulation | Defamation | Inflation | Entropy | Circuit Breakers,I asked about French Pronunciation before. | I do not need more facts yet; I need the shape of it.,,active_topic_reference,0.89,True,v3_3_boundary_slice:active_deictic_followup
topic_label_v3_3_discourse_00449,"The label is fine, but the actual meaning is not landing.",Derivatives,Derivatives | Gas Laws,We were talking about Derivatives. | I got the basic idea but not the deeper part.,,active_topic_reference,0.93,True,v3_3_boundary_slice:active_deictic_followup
topic_label_v3_3_discourse_00450,What would that look like?,Renewable Energy Grid,Renewable Energy Grid | Resonance | Preterite vs Imperfect | Free Body Diagrams,Can you help me understand Renewable Energy Grid? | The first explanation helped a little.,,active_topic_reference,0.91,True,v3_3_boundary_slice:active_deictic_followup
topic_label_v3_3_discourse_00451,Can we stay here and make this less abstract?,Correlation vs Causation,Correlation vs Causation | Systems of Equations | Civil Liberties vs Civil Rights | Vector Search,,,active_topic_reference,0.89,True,v3_3_boundary_slice:active_deictic_followup
topic_label_v3_3_discourse_00452,Can you unpack that sentence?,Sodium-Potassium Pump,Sodium-Potassium Pump | Passive Voice | Environment Variables,I asked about Sodium-Potassium Pump before. | I do not need more facts yet; I need the shape of it.,,active_topic_reference,0.91,True,v3_3_boundary_slice:active_deictic_followup
topic_label_v3_3_discourse_00453,"Same topic, but can you make it more step-by-step?",Food Webs,Food Webs | Resonance,I think Food Webs is the topic I am on. | The example made sense while I was reading it.,,active_topic_reference,0.98,True,v3_3_boundary_slice:active_deictic_followup
topic_label_v3_3_discourse_00454,"Same topic, but can you make it more step-by-step?",Action Potentials,Action Potentials | Logical Fallacies | Trigonometry | Electricity | Torque | Air Pressure Systems | Photosynthesis,I think Action Potentials is the topic I am on. | The example made sense while I was reading it.,,active_topic_reference,0.90,True,v3_3_boundary_slice:active_deictic_followup
topic_label_v3_3_discourse_00455,Okay but what is that actually doing?,Mitosis vs Meiosis,Mitosis vs Meiosis,Can you help me understand Mitosis vs Meiosis? | The first explanation helped a little.,,active_topic_reference,0.95,True,v3_3_boundary_slice:active_deictic_followup
topic_label_v3_3_discourse_00456,"Before moving on, can you show it visually somehow?",Groundwater,Groundwater,I asked about Groundwater before. | I do not need more facts yet; I need the shape of it.,,active_topic_reference,0.88,True,v3_3_boundary_slice:active_deictic_followup
topic_label_v3_3_discourse_00457,"I think I get the first part, but the next part is blurry.",Blind Spot Checks,Blind Spot Checks | Electricity | Normal Distribution,I asked about Blind Spot Checks before. | I do not need more facts yet; I need the shape of it.,,active_topic_reference,0.91,True,v3_3_boundary_slice:active_deictic_followup
topic_label_v3_3_discourse_00458,"Hold on, same topic. Can you unpack that sentence?",Tokenization,Tokenization | Trigonometry,I think Tokenization is the topic I am on. | The example made sense while I was reading it.,,active_topic_reference,0.93,True,v3_3_boundary_slice:active_deictic_followup
topic_label_v3_3_discourse_00459,"Before moving on, i know we are still on this, but can you make it more concrete?",Regression Lines,Regression Lines | Plea Bargains | Kidney Filtration,We were talking about Regression Lines. | I got the basic idea but not the deeper part.,,active_topic_reference,0.89,True,v3_3_boundary_slice:active_deictic_followup
topic_label_v3_3_discourse_00460,"I am still on Gesture Drawing, but the second part is still confusing.",Gesture Drawing,Gesture Drawing | Groundwater,,,active_topic_reference,0.91,True,v3_3_boundary_slice:active_deictic_followup
topic_label_v3_3_discourse_00461,I think the issue is the middle step.,Kidney Filtration,Kidney Filtration | Blind Spot Checks | Cellular Respiration,,,active_topic_reference,0.96,True,v3_3_boundary_slice:active_deictic_followup
topic_label_v3_3_discourse_00462,"I am not asking a new thing, I just need this part clearer.",Lifetime Value,Lifetime Value | Logical Fallacies | Action Potentials | Transit Planning | Pragmatics | Civil Liberties vs Civil Rights | Ocean Currents | Close Reading | Air Pressure Systems | Wave-Particle Duality | Blind Spot Checks | Blood Pressure Regulation | French Pronunciation | Topic Sentences | Groundwater | Photosynthesis | Sodium-Potassium Pump | Supply and Demand | Food Webs | Integrals | Treaty of Versailles | Gas Laws | Reinforcement Learning | Fractions | Environment Variables,I think Lifetime Value is the topic I am on. | The example made sense while I was reading it.,,active_topic_reference,0.96,True,v3_3_boundary_slice:active_deictic_followup
topic_label_v3_3_discourse_00463,I do not need a new topic yet; I need that part again.,Treaty of Versailles,Treaty of Versailles | Action Potentials | Gas Laws | Entropy | Groundwater | Inflation | Circuit Breakers | Logarithms | Logical Fallacies | Blood Pressure Regulation | Systems of Equations | Defamation | Dopamine | Free Body Diagrams | Regression Lines | Reading Comprehension | Integrals | Cellular Respiration | Carbon Cycle | Correlation vs Causation | Close Reading | Typography | Cloud Formation | Confirmation Bias | Color Contrast,Can you help me understand Treaty of Versailles? | The first explanation helped a little.,,active_topic_reference,0.92,True,v3_3_boundary_slice:active_deictic_followup
topic_label_v3_3_discourse_00464,How does that connect to the example?,Caching,Caching | Groundwater | Emotional Regulation | Blind Spot Checks | Potential Energy | Transit Planning | Defamation | Bayes Theorem | Cloud Formation,We were talking about Caching. | I got the basic idea but not the deeper part.,,active_topic_reference,0.89,True,v3_3_boundary_slice:active_deictic_followup
topic_label_v3_3_discourse_00465,Could you show me another example of this?,OAuth Flow,OAuth Flow | Mitosis vs Meiosis | Color Contrast | Event Loop | Carbon Cycle | Plea Bargains | Insurance Deductible | Plate Tectonics | Quadratic Functions,We were talking about OAuth Flow. | I got the basic idea but not the deeper part.,,active_topic_reference,0.93,True,v3_3_boundary_slice:active_deictic_followup
topic_label_v3_3_discourse_00466,Can you say that another way?,Fractions,Fractions,Can you help me understand Fractions? | The first explanation helped a little.,,active_topic_reference,0.88,True,v3_3_boundary_slice:active_deictic_followup
topic_label_v3_3_discourse_00467,Can you make this feel less like magic?,Torque,Torque | Environment Variables | Electric Fields,Can you help me understand Torque? | The first explanation helped a little.,,active_topic_reference,0.93,True,v3_3_boundary_slice:active_deictic_followup
topic_label_v3_3_discourse_00468,That makes sense for one second and then I lose it.,Environment Variables,Environment Variables | Plea Bargains | Integrals | Blood Pressure Regulation | Reading Comprehension | Vector Search | Inflation,Can you help me understand Environment Variables? | The first explanation helped a little.,,active_topic_reference,0.97,True,v3_3_boundary_slice:active_deictic_followup
topic_label_v3_3_discourse_00469,I think the issue is the middle step.,Event Loop,Event Loop | Close Reading | Tokenization | Fractions | Quadratic Functions | Kinetic Energy | Caching | Executive Function | Free Body Diagrams | Blind Spot Checks | Groundwater | Supply and Demand | Logarithms,I think Event Loop is the topic I am on. | The example made sense while I was reading it.,,active_topic_reference,0.91,True,v3_3_boundary_slice:active_deictic_followup
topic_label_v3_3_discourse_00470,"Hold on, same topic. Can you show it visually somehow?",Defamation,Defamation | Normal Distribution | Close Reading | Free Body Diagrams,Can you help me understand Defamation? | The first explanation helped a little.,,active_topic_reference,0.89,True,v3_3_boundary_slice:active_deictic_followup
topic_label_v3_3_discourse_00471,Can you show it visually somehow?,Contract Law Basics,Contract Law Basics | Photosynthesis | Tokenization | Gesture Drawing | Mitosis vs Meiosis | Reinforcement Learning | Measuring Ingredients,We were talking about Contract Law Basics. | I got the basic idea but not the deeper part.,,active_topic_reference,0.91,True,v3_3_boundary_slice:active_deictic_followup
topic_label_v3_3_discourse_00472,Could you do one more pass on this?,Budgeting,Budgeting,,,active_topic_reference,0.93,True,v3_3_boundary_slice:active_deictic_followup
topic_label_v3_3_discourse_00473,Why would that be true?,Reading Comprehension,Reading Comprehension,We were talking about Reading Comprehension. | I got the basic idea but not the deeper part.,,active_topic_reference,0.91,True,v3_3_boundary_slice:active_deictic_followup
topic_label_v3_3_discourse_00474,I think the issue is the middle step.,Correlation vs Causation,Correlation vs Causation | Ocean Currents | Electric Fields | Vector Search,Can you help me understand Correlation vs Causation? | The first explanation helped a little.,,active_topic_reference,0.97,True,v3_3_boundary_slice:active_deictic_followup
topic_label_v3_3_discourse_00475,Can you make this feel less like magic?,Osmosis,Osmosis | Close Reading | Reinforcement Learning | Sodium-Potassium Pump,,,active_topic_reference,0.95,True,v3_3_boundary_slice:active_deictic_followup
topic_label_v3_3_discourse_00476,"I get the words, but not what it is doing.",Free Body Diagrams,Free Body Diagrams,,,active_topic_reference,0.94,True,v3_3_boundary_slice:active_deictic_followup
topic_label_v3_3_discourse_00477,Can you say that another way?,Ocean Currents,Ocean Currents | Integrals | Typography | Action Potentials | Plate Tectonics | Resonance | Potential Energy,,,active_topic_reference,0.98,True,v3_3_boundary_slice:active_deictic_followup
topic_label_v3_3_discourse_00478,Can you slow down on this part?,Confirmation Bias,Confirmation Bias | Bayes Theorem | Color Contrast | Budgeting | Normal Distribution | OAuth Flow | Ocean Currents | Renewable Energy Grid | Logical Fallacies | Cellular Respiration | Passive Voice | French Pronunciation | Blood Pressure Regulation | Resonance | Quadratic Functions | Insurance Deductible | Groundwater,Can you help me understand Confirmation Bias? | The first explanation helped a little.,,active_topic_reference,0.94,True,v3_3_boundary_slice:active_deictic_followup
topic_label_v3_3_discourse_00479,That part still feels weird to me.,Kinetic Energy,Kinetic Energy,We were talking about Kinetic Energy. | I got the basic idea but not the deeper part.,,active_topic_reference,0.95,True,v3_3_boundary_slice:active_deictic_followup
topic_label_v3_3_discourse_00480,"I am not asking a new thing, I just need this part clearer.",Caching,Caching | Contract Law Basics | Cloud Formation,,,active_topic_reference,0.93,True,v3_3_boundary_slice:active_deictic_followup
topic_label_v3_3_discourse_00481,Could you explain that in a simpler way?,Photosynthesis,Photosynthesis | Color Contrast | Transit Planning | Supply and Demand | Plate Tectonics | Electric Fields | Typography | Event Loop | Kinetic Energy | Environment Variables | Derivatives | Bayes Theorem | Carbon Cycle | Pragmatics | Reading Comprehension | Preterite vs Imperfect | Logarithms,I think Photosynthesis is the topic I am on. | The example made sense while I was reading it.,,active_topic_reference,0.89,True,v3_3_boundary_slice:active_deictic_followup
topic_label_v3_3_discourse_00482,"Before moving on, this is the part I keep slipping on.",Civil Liberties vs Civil Rights,Civil Liberties vs Civil Rights | Bayes Theorem | Cloud Formation | Supply and Demand | Event Loop | Renewable Energy Grid | API Authentication | Defamation | Executive Function | Cellular Respiration | OAuth Flow | Sodium-Potassium Pump | Ocean Currents | Wave-Particle Duality | Tokenization | Circuit Breakers | Kidney Filtration,We were talking about Civil Liberties vs Civil Rights. | I got the basic idea but not the deeper part.,,active_topic_reference,0.96,True,v3_3_boundary_slice:active_deictic_followup
topic_label_v3_3_discourse_00483,Can we stay here and make this less abstract?,Wave-Particle Duality,Wave-Particle Duality,I think Wave-Particle Duality is the topic I am on. | The example made sense while I was reading it.,,active_topic_reference,0.88,True,v3_3_boundary_slice:active_deictic_followup
topic_label_v3_3_discourse_00484,"I am close, but this part is not clicking.",Cloud Formation,Cloud Formation | Passive Voice | Tokenization,Can you help me understand Cloud Formation? | The first explanation helped a little.,,active_topic_reference,0.93,True,v3_3_boundary_slice:active_deictic_followup
topic_label_v3_3_discourse_00485,"Wait, why does that happen?",Wave-Particle Duality,Wave-Particle Duality | Typography | Blind Spot Checks,Can you help me understand Wave-Particle Duality? | The first explanation helped a little.,,active_topic_reference,0.97,True,v3_3_boundary_slice:active_deictic_followup
topic_label_v3_3_discourse_00486,Why does it work that way?,Systems of Equations,Systems of Equations,I asked about Systems of Equations before. | I do not need more facts yet; I need the shape of it.,,active_topic_reference,0.89,True,v3_3_boundary_slice:active_deictic_followup
topic_label_v3_3_discourse_00487,I do not want to switch topics; can we stay here and make this less abstract?,Bayes Theorem,Bayes Theorem | Derivatives,I think Bayes Theorem is the topic I am on. | The example made sense while I was reading it.,,active_topic_reference,0.95,True,v3_3_boundary_slice:active_deictic_followup
topic_label_v3_3_discourse_00488,I lost the thread right there.,Electricity,Electricity | Inflation | Cold War Proxy Wars | Normal Distribution | Dopamine | Pragmatics | Groundwater | Insurance Deductible | French Pronunciation,I think Electricity is the topic I am on. | The example made sense while I was reading it.,,active_topic_reference,0.91,True,v3_3_boundary_slice:active_deictic_followup
topic_label_v3_3_discourse_00489,"I know we are still on this, but can you make it more concrete?",Confirmation Bias,Confirmation Bias | Lifetime Value | Environment Variables | Treaty of Versailles | Supply and Demand | Tire Pressure | Circuit Breakers | Electricity | Gas Laws | Cloud Formation | Executive Function | Resonance | Cellular Respiration | Ocean Currents | Sodium-Potassium Pump | Plea Bargains | Normal Distribution,I asked about Confirmation Bias before. | I do not need more facts yet; I need the shape of it.,,active_topic_reference,0.96,True,v3_3_boundary_slice:active_deictic_followup
topic_label_v3_3_discourse_00490,I lost the thread right there.,Confirmation Bias,Confirmation Bias,I think Confirmation Bias is the topic I am on. | The example made sense while I was reading it.,,active_topic_reference,0.95,True,v3_3_boundary_slice:active_deictic_followup
topic_label_v3_3_discourse_00491,The second part is still confusing.,Environment Variables,Environment Variables,Can you help me understand Environment Variables? | The first explanation helped a little.,,active_topic_reference,0.95,True,v3_3_boundary_slice:active_deictic_followup
topic_label_v3_3_discourse_00492,"Hold on, same topic. Why does it work that way?",Cold War Proxy Wars,Cold War Proxy Wars,We were talking about Cold War Proxy Wars. | I got the basic idea but not the deeper part.,,active_topic_reference,0.88,True,v3_3_boundary_slice:active_deictic_followup
topic_label_v3_3_discourse_00493,Can you say that another way?,Kidney Filtration,Kidney Filtration | Torque | Resonance | Free Body Diagrams,Can you help me understand Kidney Filtration? | The first explanation helped a little.,,active_topic_reference,0.93,True,v3_3_boundary_slice:active_deictic_followup
topic_label_v3_3_discourse_00494,Can you say that another way?,Osmosis,Osmosis | Tokenization | Budgeting,,,active_topic_reference,0.95,True,v3_3_boundary_slice:active_deictic_followup
topic_label_v3_3_discourse_00495,"That example helped, but I still do not see the point.",Contract Law Basics,Contract Law Basics | Pragmatics | Supply and Demand,,,active_topic_reference,0.90,True,v3_3_boundary_slice:active_deictic_followup
topic_label_v3_3_discourse_00496,Can we stay here and make this less abstract?,Kinetic Energy,Kinetic Energy | Air Pressure Systems | Plea Bargains | Event Loop,Can you help me understand Kinetic Energy? | The first explanation helped a little.,,active_topic_reference,0.89,True,v3_3_boundary_slice:active_deictic_followup
topic_label_v3_3_discourse_00497,Can you make this feel less like magic?,Gesture Drawing,Gesture Drawing | Sodium-Potassium Pump | Mitosis vs Meiosis,I asked about Gesture Drawing before. | I do not need more facts yet; I need the shape of it.,,active_topic_reference,0.92,True,v3_3_boundary_slice:active_deictic_followup
topic_label_v3_3_discourse_00498,What is the intuition for that?,Topic Sentences,Topic Sentences | Sodium-Potassium Pump | Cloud Formation | Mitosis vs Meiosis | Environment Variables | Regression Lines | Cellular Respiration | Circuit Breakers | API Authentication | Air Pressure Systems | Food Webs | Executive Function | Caching,Can you help me understand Topic Sentences? | The first explanation helped a little.,,active_topic_reference,0.96,True,v3_3_boundary_slice:active_deictic_followup
topic_label_v3_3_discourse_00499,The topic is still Tokenization. How does that connect to the example?,Tokenization,Tokenization,I think Tokenization is the topic I am on. | The example made sense while I was reading it.,,active_topic_reference,0.89,True,v3_3_boundary_slice:active_deictic_followup
topic_label_v3_3_discourse_00500,What should I notice first?,Lifetime Value,Lifetime Value | Close Reading | Wave-Particle Duality | Kidney Filtration | Normal Distribution | Carbon Cycle | Resonance | Integrals | Blood Pressure Regulation | Transit Planning | Food Webs | Electric Fields | Gesture Drawing,I think Lifetime Value is the topic I am on. | The example made sense while I was reading it.,,active_topic_reference,0.98,True,v3_3_boundary_slice:active_deictic_followup
topic_label_v3_3_discourse_00501,That makes sense for one second and then I lose it.,Defamation,Defamation,,,active_topic_reference,0.89,True,v3_3_boundary_slice:active_deictic_followup
topic_label_v3_3_discourse_00502,I do not want to switch topics; what is the intuition for that?,Logarithms,Logarithms | Passive Voice | Cloud Formation | Pragmatics | Treaty of Versailles | Osmosis | Integrals | Inflation | Cold War Proxy Wars | Torque | Reinforcement Learning | Resonance | Dopamine | Blind Spot Checks | Measuring Ingredients | Air Pressure Systems | Carbon Cycle,Can you help me understand Logarithms? | The first explanation helped a little.,,active_topic_reference,0.89,True,v3_3_boundary_slice:active_deictic_followup
topic_label_v3_3_discourse_00503,Could you compare that to the example from before?,OAuth Flow,OAuth Flow,Can you help me understand OAuth Flow? | The first explanation helped a little.,,active_topic_reference,0.93,True,v3_3_boundary_slice:active_deictic_followup
topic_label_v3_3_discourse_00504,"I get the words, but not what it is doing.",Blind Spot Checks,Blind Spot Checks | Supply and Demand | Executive Function,I think Blind Spot Checks is the topic I am on. | The example made sense while I was reading it.,,active_topic_reference,0.94,True,v3_3_boundary_slice:active_deictic_followup
topic_label_v3_3_discourse_00505,Could you compare that to the example from before?,Confirmation Bias,Confirmation Bias,,,active_topic_reference,0.92,True,v3_3_boundary_slice:active_deictic_followup
topic_label_v3_3_discourse_00506,Could you do one more pass on this?,Cellular Respiration,Cellular Respiration,Can you help me understand Cellular Respiration? | The first explanation helped a little.,,active_topic_reference,0.90,True,v3_3_boundary_slice:active_deictic_followup
topic_label_v3_3_discourse_00507,"Before moving on, what would that look like?",Supply and Demand,Supply and Demand | Plea Bargains,,,active_topic_reference,0.88,True,v3_3_boundary_slice:active_deictic_followup
topic_label_v3_3_discourse_00508,The topic is still Measuring Ingredients. That part still feels weird to me.,Measuring Ingredients,Measuring Ingredients | Kidney Filtration | Action Potentials | Executive Function | Treaty of Versailles | Torque | Derivatives | Passive Voice | Air Pressure Systems | Logical Fallacies | Contract Law Basics | Integrals | Mitosis vs Meiosis,I think Measuring Ingredients is the topic I am on. | The example made sense while I was reading it.,,active_topic_reference,0.93,True,v3_3_boundary_slice:active_deictic_followup
topic_label_v3_3_discourse_00509,I do not want to switch topics; i lost the thread right there.,Entropy,Entropy | Reinforcement Learning | Normal Distribution | Insurance Deductible | Electricity | Food Webs | Close Reading | Color Contrast | Logical Fallacies | Blood Pressure Regulation | Photosynthesis | Sodium-Potassium Pump | Torque | Civil Liberties vs Civil Rights | Wave-Particle Duality | Contract Law Basics | Dopamine | Free Body Diagrams | Systems of Equations | Lifetime Value | Plea Bargains | Groundwater | Air Pressure Systems | Environment Variables | Topic Sentences,We were talking about Entropy. | I got the basic idea but not the deeper part.,,active_topic_reference,0.97,True,v3_3_boundary_slice:active_deictic_followup
topic_label_v3_3_discourse_00510,"Same topic, but can you make it more step-by-step?",Plate Tectonics,Plate Tectonics | Systems of Equations | Environment Variables | Normal Distribution,I think Plate Tectonics is the topic I am on. | The example made sense while I was reading it.,,active_topic_reference,0.98,True,v3_3_boundary_slice:active_deictic_followup
topic_label_v3_3_discourse_00511,I do not need a new topic yet; I need that part again.,Potential Energy,Potential Energy | Confirmation Bias | Passive Voice | Pragmatics | Gas Laws | Kinetic Energy | Trigonometry | Entropy | Vector Search | Reinforcement Learning | Resonance | Inflation | Executive Function | Tokenization | Preterite vs Imperfect | Free Body Diagrams | Topic Sentences,We were talking about Potential Energy. | I got the basic idea but not the deeper part.,,active_topic_reference,0.94,True,v3_3_boundary_slice:active_deictic_followup
topic_label_v3_3_discourse_00512,What should I notice first?,Fractions,Fractions,,,active_topic_reference,0.96,True,v3_3_boundary_slice:active_deictic_followup
topic_label_v3_3_discourse_00513,"That example helped, but I still do not see the point.",Integrals,Integrals | Entropy,I asked about Integrals before. | I do not need more facts yet; I need the shape of it.,,active_topic_reference,0.96,True,v3_3_boundary_slice:active_deictic_followup
topic_label_v3_3_discourse_00514,Could you compare that to the example from before?,Passive Voice,Passive Voice | Cloud Formation | Quadratic Functions | Contract Law Basics | Transit Planning | Plate Tectonics | Derivatives | Lifetime Value | Executive Function | Sodium-Potassium Pump | Wave-Particle Duality | Gas Laws | Emotional Regulation,I asked about Passive Voice before. | I do not need more facts yet; I need the shape of it.,,active_topic_reference,0.95,True,v3_3_boundary_slice:active_deictic_followup
topic_label_v3_3_discourse_00515,Could you show me another example of this?,Blood Pressure Regulation,Blood Pressure Regulation,I think Blood Pressure Regulation is the topic I am on. | The example made sense while I was reading it.,,active_topic_reference,0.92,True,v3_3_boundary_slice:active_deictic_followup
topic_label_v3_3_discourse_00516,"Wait, why does that happen?",Defamation,Defamation,We were talking about Defamation. | I got the basic idea but not the deeper part.,,active_topic_reference,0.90,True,v3_3_boundary_slice:active_deictic_followup
topic_label_v3_3_discourse_00517,I lost the thread right there.,Osmosis,Osmosis,What is osmosis? | The membrane part is still fuzzy.,,active_topic_reference,0.94,True,v3_3_boundary_slice:active_deictic_followup
topic_label_v3_3_discourse_00518,"Same topic, but can you make it more step-by-step?",French Pronunciation,French Pronunciation | Food Webs | Regression Lines | Systems of Equations,Can you help me understand French Pronunciation? | The first explanation helped a little.,,active_topic_reference,0.94,True,v3_3_boundary_slice:active_deictic_followup
topic_label_v3_3_discourse_00519,"Hold on, same topic. Could you compare that to the example from before?",Caching,Caching | Reading Comprehension,I asked about Caching before. | I do not need more facts yet; I need the shape of it.,,active_topic_reference,0.91,True,v3_3_boundary_slice:active_deictic_followup
topic_label_v3_3_discourse_00520,I think the issue is the middle step.,Supply and Demand,Supply and Demand,I think Supply and Demand is the topic I am on. | The example made sense while I was reading it.,,active_topic_reference,0.91,True,v3_3_boundary_slice:active_deictic_followup
topic_label_v3_3_discourse_00521,"Wait, why does that happen?",Quadratic Functions,Quadratic Functions | Trigonometry | Derivatives | Carbon Cycle,Can you help me understand Quadratic Functions? | The first explanation helped a little.,,active_topic_reference,0.95,True,v3_3_boundary_slice:active_deictic_followup
topic_label_v3_3_discourse_00522,"Before moving on, the label is fine, but the actual meaning is not landing.",Insurance Deductible,Insurance Deductible,Can you help me understand Insurance Deductible? | The first explanation helped a little.,,active_topic_reference,0.92,True,v3_3_boundary_slice:active_deictic_followup
topic_label_v3_3_discourse_00523,"I am still on Preterite vs Imperfect, but can you slow down on this part?",Preterite vs Imperfect,Preterite vs Imperfect | Inflation | Derivatives | Action Potentials | Topic Sentences | Blood Pressure Regulation | Measuring Ingredients | Event Loop | Cellular Respiration | Tokenization | Reading Comprehension | Executive Function | Dopamine | Close Reading | Reinforcement Learning | Torque | Quadratic Functions | Bayes Theorem | Cold War Proxy Wars | Confirmation Bias | Typography | Electric Fields | Kinetic Energy | Air Pressure Systems | Contract Law Basics,I think Preterite vs Imperfect is the topic I am on. | The example made sense while I was reading it.,,active_topic_reference,0.96,True,v3_3_boundary_slice:active_deictic_followup
topic_label_v3_3_discourse_00524,What is the intuition for that?,Vector Search,Vector Search | French Pronunciation | Event Loop | Topic Sentences | OAuth Flow | Wave-Particle Duality | Supply and Demand | Close Reading | Kidney Filtration,Can you help me understand Vector Search? | The first explanation helped a little.,,active_topic_reference,0.91,True,v3_3_boundary_slice:active_deictic_followup
topic_label_v3_3_discourse_00525,That makes sense for one second and then I lose it.,Derivatives,Derivatives | Gesture Drawing | Logical Fallacies,,,active_topic_reference,0.92,True,v3_3_boundary_slice:active_deictic_followup
topic_label_v3_3_discourse_00526,"I am not asking a new thing, I just need this part clearer.",Fractions,Fractions | Electricity | Free Body Diagrams | Potential Energy | API Authentication | Reinforcement Learning | Entropy | Blind Spot Checks | Osmosis | Bayes Theorem | Treaty of Versailles | Action Potentials | Mitosis vs Meiosis,I think Fractions is the topic I am on. | The example made sense while I was reading it.,,active_topic_reference,0.94,True,v3_3_boundary_slice:active_deictic_followup
topic_label_v3_3_discourse_00527,Why does it work that way?,Reinforcement Learning,Reinforcement Learning | Quadratic Functions,,,active_topic_reference,0.89,True,v3_3_boundary_slice:active_deictic_followup
topic_label_v3_3_discourse_00528,"Hold on, same topic. Can you make this feel less like magic?",Reading Comprehension,Reading Comprehension,I think Reading Comprehension is the topic I am on. | The example made sense while I was reading it.,,active_topic_reference,0.97,True,v3_3_boundary_slice:active_deictic_followup
topic_label_v3_3_discourse_00529,I lost the thread right there.,Derivatives,Derivatives | Blind Spot Checks | Electric Fields | Kinetic Energy,,,active_topic_reference,0.92,True,v3_3_boundary_slice:active_deictic_followup
topic_label_v3_3_discourse_00530,This is the part I keep slipping on.,Fractions,Fractions | Carbon Cycle | Typography,I think Fractions is the topic I am on. | The example made sense while I was reading it.,,active_topic_reference,0.96,True,v3_3_boundary_slice:active_deictic_followup
topic_label_v3_3_discourse_00531,The second part is still confusing.,Logical Fallacies,Logical Fallacies | Supply and Demand | Kinetic Energy | Air Pressure Systems | Cold War Proxy Wars | Plea Bargains | Cloud Formation,I think Logical Fallacies is the topic I am on. | The example made sense while I was reading it.,,active_topic_reference,0.92,True,v3_3_boundary_slice:active_deictic_followup
topic_label_v3_3_discourse_00532,Can you show it visually somehow?,Preterite vs Imperfect,Preterite vs Imperfect | Tire Pressure | Cloud Formation | Blood Pressure Regulation | Event Loop | Lifetime Value | Gesture Drawing | Caching | Defamation,,,active_topic_reference,0.97,True,v3_3_boundary_slice:active_deictic_followup
topic_label_v3_3_discourse_00533,Can you explain that easier?,Resonance,Resonance | Emotional Regulation | Transit Planning | Ocean Currents,I think Resonance is the topic I am on. | The example made sense while I was reading it.,,active_topic_reference,0.97,True,v3_3_boundary_slice:active_deictic_followup
topic_label_v3_3_discourse_00534,"I get the words, but not what it is doing.",Color Contrast,Color Contrast | Close Reading | Emotional Regulation | Quadratic Functions | Inflation | Passive Voice | Caching | Air Pressure Systems | Measuring Ingredients | Defamation | Integrals | Transit Planning | Cold War Proxy Wars | Electricity | Action Potentials | Photosynthesis | Cloud Formation | Insurance Deductible | API Authentication | Groundwater | OAuth Flow | Executive Function | Event Loop | Cellular Respiration | Topic Sentences,Can you help me understand Color Contrast? | The first explanation helped a little.,,active_topic_reference,0.96,True,v3_3_boundary_slice:active_deictic_followup
topic_label_v3_3_discourse_00535,Could you make the same point with a tiny example?,Torque,Torque,,,active_topic_reference,0.89,True,v3_3_boundary_slice:active_deictic_followup
topic_label_v3_3_discourse_00536,Can you give me the baby version of that?,Derivatives,Derivatives | Correlation vs Causation | Renewable Energy Grid | Pragmatics,I asked about Derivatives before. | I do not need more facts yet; I need the shape of it.,,active_topic_reference,0.97,True,v3_3_boundary_slice:active_deictic_followup
topic_label_v3_3_discourse_00537,"I am still on Typography, but can you say that another way?",Typography,Typography | Kidney Filtration | Defamation | Inflation | Normal Distribution | Transit Planning | Dopamine | Cellular Respiration | Air Pressure Systems,Can you help me understand Typography? | The first explanation helped a little.,,active_topic_reference,0.96,True,v3_3_boundary_slice:active_deictic_followup
topic_label_v3_3_discourse_00538,That part still feels weird to me.,Photosynthesis,Photosynthesis | Emotional Regulation | Supply and Demand | Free Body Diagrams | Fractions | Renewable Energy Grid | Systems of Equations | Carbon Cycle | Ocean Currents,I asked about Photosynthesis before. | I do not need more facts yet; I need the shape of it.,,active_topic_reference,0.88,True,v3_3_boundary_slice:active_deictic_followup
topic_label_v3_3_discourse_00539,"The topic is still Systems of Equations. I know we are still on this, but can you make it more concrete?",Systems of Equations,Systems of Equations | Kidney Filtration | Circuit Breakers | Tire Pressure | Treaty of Versailles | Dopamine | Blind Spot Checks | Electric Fields | Event Loop | French Pronunciation | Reinforcement Learning | Civil Liberties vs Civil Rights | Transit Planning | Defamation | Entropy | Logarithms | Trigonometry,We were talking about Systems of Equations. | I got the basic idea but not the deeper part.,,active_topic_reference,0.89,True,v3_3_boundary_slice:active_deictic_followup
topic_label_v3_3_discourse_00540,That makes sense for one second and then I lose it.,Potential Energy,Potential Energy | Wave-Particle Duality,I asked about Potential Energy before. | I do not need more facts yet; I need the shape of it.,,active_topic_reference,0.90,True,v3_3_boundary_slice:active_deictic_followup
topic_label_v3_3_discourse_00541,Can you unpack that sentence?,Carbon Cycle,Carbon Cycle,We were talking about Carbon Cycle. | I got the basic idea but not the deeper part.,,active_topic_reference,0.88,True,v3_3_boundary_slice:active_deictic_followup
topic_label_v3_3_discourse_00542,I do not need a new topic yet; I need that part again.,Carbon Cycle,Carbon Cycle,Can you help me understand Carbon Cycle? | The first explanation helped a little.,,active_topic_reference,0.98,True,v3_3_boundary_slice:active_deictic_followup
topic_label_v3_3_discourse_00543,That makes sense for one second and then I lose it.,Preterite vs Imperfect,Preterite vs Imperfect | Quadratic Functions,We were talking about Preterite vs Imperfect. | I got the basic idea but not the deeper part.,,active_topic_reference,0.92,True,v3_3_boundary_slice:active_deictic_followup
topic_label_v3_3_discourse_00544,"That example helped, but I still do not see the point.",Passive Voice,Passive Voice | Photosynthesis | Electric Fields | Vector Search,,,active_topic_reference,0.97,True,v3_3_boundary_slice:active_deictic_followup
topic_label_v3_3_discourse_00545,Why would that be true?,Free Body Diagrams,Free Body Diagrams | Derivatives | Budgeting | Typography | Civil Liberties vs Civil Rights | Normal Distribution | Air Pressure Systems | French Pronunciation | Tokenization | Logical Fallacies | Kinetic Energy | Transit Planning | Wave-Particle Duality | Treaty of Versailles | Electricity | Defamation | Event Loop | Supply and Demand | Caching | Emotional Regulation | Lifetime Value | Regression Lines | Potential Energy | Insurance Deductible | Logarithms,I think Free Body Diagrams is the topic I am on. | The example made sense while I was reading it.,,active_topic_reference,0.90,True,v3_3_boundary_slice:active_deictic_followup
topic_label_v3_3_discourse_00546,"I do not want to switch topics; i am close, but this part is not clicking.",Civil Liberties vs Civil Rights,Civil Liberties vs Civil Rights,I think Civil Liberties vs Civil Rights is the topic I am on. | The example made sense while I was reading it.,,active_topic_reference,0.90,True,v3_3_boundary_slice:active_deictic_followup
topic_label_v3_3_discourse_00547,What is the intuition for that?,Air Pressure Systems,Air Pressure Systems | Preterite vs Imperfect | Close Reading | Executive Function | Free Body Diagrams | Resonance | OAuth Flow | Event Loop | Color Contrast | Passive Voice | Ocean Currents | Osmosis | Transit Planning,Can you help me understand Air Pressure Systems? | The first explanation helped a little.,,active_topic_reference,0.96,True,v3_3_boundary_slice:active_deictic_followup
topic_label_v3_3_discourse_00548,"I am still on Electricity, but can you make this feel less like magic?",Electricity,Electricity | Measuring Ingredients | Environment Variables | Systems of Equations | Mitosis vs Meiosis | Air Pressure Systems | Quadratic Functions | Reading Comprehension | Insurance Deductible,Can you explain electricity? | The charge-flow part is confusing.,,active_topic_reference,0.90,True,v3_3_boundary_slice:active_deictic_followup
topic_label_v3_3_discourse_00549,Could you do one more pass on this?,Systems of Equations,Systems of Equations | Osmosis | Carbon Cycle | Supply and Demand,I think Systems of Equations is the topic I am on. | The example made sense while I was reading it.,,active_topic_reference,0.98,True,v3_3_boundary_slice:active_deictic_followup
topic_label_v3_3_discourse_00550,That makes sense for one second and then I lose it.,Close Reading,Close Reading | Gas Laws | Systems of Equations | Confirmation Bias | Electric Fields | Normal Distribution | Regression Lines | Integrals | Kidney Filtration | Torque | Gesture Drawing | Measuring Ingredients | Pragmatics | Kinetic Energy | Topic Sentences | Renewable Energy Grid | Reading Comprehension,Can you help me understand Close Reading? | The first explanation helped a little.,,active_topic_reference,0.92,True,v3_3_boundary_slice:active_deictic_followup
topic_label_v3_3_discourse_00551,"The label is fine, but the actual meaning is not landing.",Plea Bargains,Plea Bargains | Osmosis | Fractions | Emotional Regulation | Gesture Drawing | Executive Function | Close Reading | Trigonometry | Food Webs | Plate Tectonics | Groundwater | Caching | Kidney Filtration | Contract Law Basics | Ocean Currents | Pragmatics | Insurance Deductible | Color Contrast | Bayes Theorem | Kinetic Energy | Vector Search | OAuth Flow | Reading Comprehension | Preterite vs Imperfect | Transit Planning,I think Plea Bargains is the topic I am on. | The example made sense while I was reading it.,,active_topic_reference,0.89,True,v3_3_boundary_slice:active_deictic_followup
topic_label_v3_3_discourse_00552,Why does it work that way?,Reading Comprehension,Reading Comprehension,I think Reading Comprehension is the topic I am on. | The example made sense while I was reading it.,,active_topic_reference,0.90,True,v3_3_boundary_slice:active_deictic_followup
topic_label_v3_3_discourse_00553,Could you compare that to the example from before?,Tokenization,Tokenization | Supply and Demand,I asked about Tokenization before. | I do not need more facts yet; I need the shape of it.,,active_topic_reference,0.92,True,v3_3_boundary_slice:active_deictic_followup
topic_label_v3_3_discourse_00554,Where exactly am I supposed to look in that example?,Fractions,Fractions | Pragmatics | Integrals,Can you help me understand Fractions? | The first explanation helped a little.,,active_topic_reference,0.90,True,v3_3_boundary_slice:active_deictic_followup
topic_label_v3_3_discourse_00555,Could you show me another example of this?,Electricity,Electricity,Can you explain electricity? | The charge-flow part is confusing.,,active_topic_reference,0.92,True,v3_3_boundary_slice:active_deictic_followup
topic_label_v3_3_discourse_00556,Could you do one more pass on this?,Osmosis,Osmosis | Electricity | Electric Fields | Food Webs | Emotional Regulation | Logarithms | Systems of Equations | Sodium-Potassium Pump | OAuth Flow,I asked about Osmosis before. | I do not need more facts yet; I need the shape of it.,,active_topic_reference,0.95,True,v3_3_boundary_slice:active_deictic_followup
topic_label_v3_3_discourse_00557,"Same topic, but can you make it more step-by-step?",Air Pressure Systems,Air Pressure Systems,I asked about Air Pressure Systems before. | I do not need more facts yet; I need the shape of it.,,active_topic_reference,0.89,True,v3_3_boundary_slice:active_deictic_followup
topic_label_v3_3_discourse_00558,What is the intuition for that?,Event Loop,Event Loop | Blind Spot Checks | Logarithms | Sodium-Potassium Pump | Torque | Pragmatics | Transit Planning | Close Reading | Trigonometry,We were talking about Event Loop. | I got the basic idea but not the deeper part.,,active_topic_reference,0.90,True,v3_3_boundary_slice:active_deictic_followup
topic_label_v3_3_discourse_00559,"Same topic, but can you make it more step-by-step?",Bayes Theorem,Bayes Theorem | Treaty of Versailles,,,active_topic_reference,0.94,True,v3_3_boundary_slice:active_deictic_followup
topic_label_v3_3_discourse_00560,"I do not want to switch topics; same topic, but can you make it more step-by-step?",Tokenization,Tokenization,,,active_topic_reference,0.93,True,v3_3_boundary_slice:active_deictic_followup
topic_label_v3_3_discourse_00561,The topic is still Typography. How does that connect to the example?,Typography,Typography,I asked about Typography before. | I do not need more facts yet; I need the shape of it.,,active_topic_reference,0.92,True,v3_3_boundary_slice:active_deictic_followup
topic_label_v3_3_discourse_00562,"Before moving on, what is the intuition for that?",Normal Distribution,Normal Distribution | Defamation,I asked about Normal Distribution before. | I do not need more facts yet; I need the shape of it.,,active_topic_reference,0.92,True,v3_3_boundary_slice:active_deictic_followup
topic_label_v3_3_discourse_00563,"Hold on, same topic. I do not need a new topic yet; I need that part again.",Supply and Demand,Supply and Demand,I asked about Supply and Demand before. | I do not need more facts yet; I need the shape of it.,,active_topic_reference,0.92,True,v3_3_boundary_slice:active_deictic_followup
topic_label_v3_3_discourse_00564,The topic is still Blood Pressure Regulation. I do not need a new topic yet; I need that part again.,Blood Pressure Regulation,Blood Pressure Regulation,I asked about Blood Pressure Regulation before. | I do not need more facts yet; I need the shape of it.,,active_topic_reference,0.97,True,v3_3_boundary_slice:active_deictic_followup
topic_label_v3_3_discourse_00565,"I think I get the first part, but the next part is blurry.",Integrals,Integrals,I asked about Integrals before. | I do not need more facts yet; I need the shape of it.,,active_topic_reference,0.95,True,v3_3_boundary_slice:active_deictic_followup
topic_label_v3_3_discourse_00566,"The label is fine, but the actual meaning is not landing.",Logarithms,Logarithms | Blind Spot Checks | Executive Function | Vector Search | Environment Variables | Typography | Carbon Cycle | Logical Fallacies | Gesture Drawing | Renewable Energy Grid | Tire Pressure | Systems of Equations | Tokenization,I asked about Logarithms before. | I do not need more facts yet; I need the shape of it.,,active_topic_reference,0.93,True,v3_3_boundary_slice:active_deictic_followup
topic_label_v3_3_discourse_00567,Can you make this feel less like magic?,Derivatives,Derivatives | Kinetic Energy | Wave-Particle Duality | Systems of Equations | Kidney Filtration | Cold War Proxy Wars | Torque | Reinforcement Learning | Photosynthesis | Electric Fields | Fractions | Potential Energy | Resonance | Dopamine | Emotional Regulation | Measuring Ingredients | Plea Bargains,I think Derivatives is the topic I am on. | The example made sense while I was reading it.,,active_topic_reference,0.92,True,v3_3_boundary_slice:active_deictic_followup
topic_label_v3_3_discourse_00568,Could you do one more pass on this?,Supply and Demand,Supply and Demand,I think Supply and Demand is the topic I am on. | The example made sense while I was reading it.,,active_topic_reference,0.95,True,v3_3_boundary_slice:active_deictic_followup
topic_label_v3_3_discourse_00569,"I am not asking a new thing, I just need this part clearer.",Topic Sentences,Topic Sentences | Passive Voice,I think Topic Sentences is the topic I am on. | The example made sense while I was reading it.,,active_topic_reference,0.95,True,v3_3_boundary_slice:active_deictic_followup
topic_label_v3_3_discourse_00570,"Hold on, same topic. Can you slow down on this part?",Insurance Deductible,Insurance Deductible | Reinforcement Learning | Derivatives | Kidney Filtration,I think Insurance Deductible is the topic I am on. | The example made sense while I was reading it.,,active_topic_reference,0.98,True,v3_3_boundary_slice:active_deictic_followup
topic_label_v3_3_discourse_00571,Can you show it visually somehow?,Wave-Particle Duality,Wave-Particle Duality | Close Reading | Plate Tectonics | Systems of Equations | Environment Variables | Derivatives | API Authentication | Tire Pressure | Torque,I do not understand light being both a wave and a particle. | The wave example helped a little.,,active_topic_reference,0.94,True,v3_3_boundary_slice:active_deictic_followup
topic_label_v3_3_discourse_00572,Why does it work that way?,Budgeting,Budgeting,,,active_topic_reference,0.98,True,v3_3_boundary_slice:active_deictic_followup
topic_label_v3_3_discourse_00573,Why would that be true?,Blood Pressure Regulation,Blood Pressure Regulation | Topic Sentences,I think Blood Pressure Regulation is the topic I am on. | The example made sense while I was reading it.,,active_topic_reference,0.95,True,v3_3_boundary_slice:active_deictic_followup
topic_label_v3_3_discourse_00574,Okay but what is that actually doing?,Derivatives,Derivatives | Systems of Equations | Renewable Energy Grid | Sodium-Potassium Pump | Cellular Respiration | Ocean Currents | Free Body Diagrams | Entropy | Measuring Ingredients,Can you help me understand Derivatives? | The first explanation helped a little.,,active_topic_reference,0.89,True,v3_3_boundary_slice:active_deictic_followup
topic_label_v3_3_discourse_00575,What would that look like?,Electricity,Electricity,Can you explain electricity? | The charge-flow part is confusing.,,active_topic_reference,0.89,True,v3_3_boundary_slice:active_deictic_followup
topic_label_v3_3_discourse_00576,"I am still on Executive Function, but okay but what is that actually doing?",Executive Function,Executive Function,We were talking about Executive Function. | I got the basic idea but not the deeper part.,,active_topic_reference,0.95,True,v3_3_boundary_slice:active_deictic_followup
topic_label_v3_3_discourse_00577,The topic is still Inflation. What is the intuition for that?,Inflation,Inflation,I think Inflation is the topic I am on. | The example made sense while I was reading it.,,active_topic_reference,0.94,True,v3_3_boundary_slice:active_deictic_followup
topic_label_v3_3_discourse_00578,Could you explain that in a simpler way?,Inflation,Inflation,I asked about Inflation before. | I do not need more facts yet; I need the shape of it.,,active_topic_reference,0.90,True,v3_3_boundary_slice:active_deictic_followup
topic_label_v3_3_discourse_00579,I do not want to switch topics; i think the issue is the middle step.,Topic Sentences,Topic Sentences | Preterite vs Imperfect,We were talking about Topic Sentences. | I got the basic idea but not the deeper part.,,active_topic_reference,0.95,True,v3_3_boundary_slice:active_deictic_followup
topic_label_v3_3_discourse_00580,"I am still on Normal Distribution, but how does that connect to the example?",Normal Distribution,Normal Distribution | Action Potentials | Entropy,We were talking about Normal Distribution. | I got the basic idea but not the deeper part.,,active_topic_reference,0.94,True,v3_3_boundary_slice:active_deictic_followup
topic_label_v3_3_discourse_00581,The topic is still Dopamine. Can you make this feel less like magic?,Dopamine,Dopamine | Treaty of Versailles | Trigonometry | Reading Comprehension | Defamation | Torque | Air Pressure Systems,I want to understand dopamine. | The reward example helped but not fully.,,active_topic_reference,0.97,True,v3_3_boundary_slice:active_deictic_followup
topic_label_v3_3_discourse_00582,That part still feels weird to me.,Mitosis vs Meiosis,Mitosis vs Meiosis,,,active_topic_reference,0.89,True,v3_3_boundary_slice:active_deictic_followup
topic_label_v3_3_discourse_00583,Okay but what is that actually doing?,Plea Bargains,Plea Bargains,,,active_topic_reference,0.90,True,v3_3_boundary_slice:active_deictic_followup
topic_label_v3_3_discourse_00584,What should I notice first?,Passive Voice,Passive Voice | Ocean Currents | Groundwater | Defamation,Can you help me understand Passive Voice? | The first explanation helped a little.,,active_topic_reference,0.94,True,v3_3_boundary_slice:active_deictic_followup
topic_label_v3_3_discourse_00585,Could you make the same point with a tiny example?,Blind Spot Checks,Blind Spot Checks | Free Body Diagrams | Entropy | Contract Law Basics | Gesture Drawing | Electricity | Cold War Proxy Wars | Emotional Regulation | Reading Comprehension | Carbon Cycle | French Pronunciation | OAuth Flow | Air Pressure Systems | Electric Fields | Close Reading | Plate Tectonics | Trigonometry | Circuit Breakers | Integrals | Passive Voice | Plea Bargains | Preterite vs Imperfect | Groundwater | Color Contrast | Food Webs,Can you help me understand Blind Spot Checks? | The first explanation helped a little.,,active_topic_reference,0.95,True,v3_3_boundary_slice:active_deictic_followup
topic_label_v3_3_discourse_00586,"I am still on Defamation, but can you slow down on this part?",Defamation,Defamation | Topic Sentences | Integrals | Pragmatics,,,active_topic_reference,0.95,True,v3_3_boundary_slice:active_deictic_followup
topic_label_v3_3_discourse_00587,"I am not asking a new thing, I just need this part clearer.",Systems of Equations,Systems of Equations | Treaty of Versailles | French Pronunciation,Can you help me understand Systems of Equations? | The first explanation helped a little.,,active_topic_reference,0.89,True,v3_3_boundary_slice:active_deictic_followup
topic_label_v3_3_discourse_00588,I lost the thread right there.,Fractions,Fractions | Event Loop | Trigonometry | Lifetime Value | Food Webs | Preterite vs Imperfect | French Pronunciation,I asked about Fractions before. | I do not need more facts yet; I need the shape of it.,,active_topic_reference,0.93,True,v3_3_boundary_slice:active_deictic_followup
topic_label_v3_3_discourse_00589,Why would that be true?,Sodium-Potassium Pump,Sodium-Potassium Pump | Plea Bargains,I think Sodium-Potassium Pump is the topic I am on. | The example made sense while I was reading it.,,active_topic_reference,0.93,True,v3_3_boundary_slice:active_deictic_followup
topic_label_v3_3_discourse_00590,"The label is fine, but the actual meaning is not landing.",Treaty of Versailles,Treaty of Versailles | Emotional Regulation | Quadratic Functions | Potential Energy | Wave-Particle Duality | Electricity | OAuth Flow | Free Body Diagrams | Gas Laws | Action Potentials | Gesture Drawing | Systems of Equations | Budgeting | Dopamine | Blind Spot Checks | Tire Pressure | Osmosis | Caching | Tokenization | Close Reading | Entropy | Transit Planning | Sodium-Potassium Pump | Correlation vs Causation | Inflation,,,active_topic_reference,0.97,True,v3_3_boundary_slice:active_deictic_followup
topic_label_v3_3_discourse_00591,What would that look like?,Kidney Filtration,Kidney Filtration | Blind Spot Checks | Preterite vs Imperfect | Carbon Cycle | Inflation | Electricity | Derivatives | Food Webs | Free Body Diagrams | Environment Variables | French Pronunciation | OAuth Flow | Plate Tectonics,I asked about Kidney Filtration before. | I do not need more facts yet; I need the shape of it.,,active_topic_reference,0.94,True,v3_3_boundary_slice:active_deictic_followup
topic_label_v3_3_discourse_00592,The topic is still Lifetime Value. Why does it work that way?,Lifetime Value,Lifetime Value | Supply and Demand,I think Lifetime Value is the topic I am on. | The example made sense while I was reading it.,,active_topic_reference,0.90,True,v3_3_boundary_slice:active_deictic_followup
topic_label_v3_3_discourse_00593,I lost the thread right there.,API Authentication,API Authentication | Typography | Entropy | Measuring Ingredients | Reinforcement Learning | Tire Pressure | Emotional Regulation | Preterite vs Imperfect | Executive Function | Osmosis | Ocean Currents | Action Potentials | Quadratic Functions | Photosynthesis | Kinetic Energy | Topic Sentences | Insurance Deductible,,,active_topic_reference,0.92,True,v3_3_boundary_slice:active_deictic_followup
topic_label_v3_3_discourse_00594,That part still feels weird to me.,Reading Comprehension,Reading Comprehension,We were talking about Reading Comprehension. | I got the basic idea but not the deeper part.,,active_topic_reference,0.96,True,v3_3_boundary_slice:active_deictic_followup
topic_label_v3_3_discourse_00595,Why does it work that way?,Contract Law Basics,Contract Law Basics | Topic Sentences,I think Contract Law Basics is the topic I am on. | The example made sense while I was reading it.,,active_topic_reference,0.96,True,v3_3_boundary_slice:active_deictic_followup
topic_label_v3_3_discourse_00596,Can you make this feel less like magic?,Potential Energy,Potential Energy | French Pronunciation,I think Potential Energy is the topic I am on. | The example made sense while I was reading it.,,active_topic_reference,0.96,True,v3_3_boundary_slice:active_deictic_followup
topic_label_v3_3_discourse_00597,Can you explain that easier?,Kidney Filtration,Kidney Filtration | API Authentication | Food Webs | Topic Sentences | Wave-Particle Duality | Plea Bargains | Circuit Breakers | Osmosis | Groundwater | Pragmatics | Budgeting | Insurance Deductible | Derivatives | Cloud Formation | Systems of Equations | Close Reading | Bayes Theorem,I asked about Kidney Filtration before. | I do not need more facts yet; I need the shape of it.,,active_topic_reference,0.90,True,v3_3_boundary_slice:active_deictic_followup
topic_label_v3_3_discourse_00598,That makes sense for one second and then I lose it.,Wave-Particle Duality,Wave-Particle Duality,I think Wave-Particle Duality is the topic I am on. | The example made sense while I was reading it.,,active_topic_reference,0.94,True,v3_3_boundary_slice:active_deictic_followup
topic_label_v3_3_discourse_00599,Can you give me the baby version of that?,Close Reading,Close Reading,We were talking about Close Reading. | I got the basic idea but not the deeper part.,,active_topic_reference,0.97,True,v3_3_boundary_slice:active_deictic_followup
topic_label_v3_3_discourse_00600,"I am still on Passive Voice, but i am close, but this part is not clicking.",Passive Voice,Passive Voice | Resonance | Osmosis | Emotional Regulation | Transit Planning | Insurance Deductible | Logarithms | Gesture Drawing | Plate Tectonics | Cold War Proxy Wars | Environment Variables | Tire Pressure | Civil Liberties vs Civil Rights | Typography | Kidney Filtration | Sodium-Potassium Pump | Electric Fields,Can you help me understand Passive Voice? | The first explanation helped a little.,,active_topic_reference,0.89,True,v3_3_boundary_slice:active_deictic_followup
topic_label_v3_3_discourse_00601,I do not want to switch topics; could you do one more pass on this?,Inflation,Inflation | Gas Laws,Can you help me understand Inflation? | The first explanation helped a little.,,active_topic_reference,0.91,True,v3_3_boundary_slice:active_deictic_followup
topic_label_v3_3_discourse_00602,I do not want to switch topics; what does that mean in plain English?,Logarithms,Logarithms | Plea Bargains | Tokenization | Vector Search | Trigonometry | Typography | Cloud Formation | Preterite vs Imperfect | Osmosis,Can you help me understand Logarithms? | The first explanation helped a little.,,active_topic_reference,0.94,True,v3_3_boundary_slice:active_deictic_followup
topic_label_v3_3_discourse_00603,"I do not want to switch topics; i am not asking a new thing, I just need this part clearer.",Treaty of Versailles,Treaty of Versailles | Pragmatics,Can you help me understand Treaty of Versailles? | The first explanation helped a little.,,active_topic_reference,0.88,True,v3_3_boundary_slice:active_deictic_followup
topic_label_v3_3_discourse_00604,What does that mean in plain English?,Budgeting,Budgeting,,,active_topic_reference,0.97,True,v3_3_boundary_slice:active_deictic_followup
topic_label_v3_3_discourse_00605,I lost the thread right there.,Air Pressure Systems,Air Pressure Systems,Can you help me understand Air Pressure Systems? | The first explanation helped a little.,,active_topic_reference,0.96,True,v3_3_boundary_slice:active_deictic_followup
topic_label_v3_3_discourse_00606,"Hold on, same topic. I know we are still on this, but can you make it more concrete?",Potential Energy,Potential Energy | Plate Tectonics | Resonance,I asked about Potential Energy before. | I do not need more facts yet; I need the shape of it.,,active_topic_reference,0.95,True,v3_3_boundary_slice:active_deictic_followup
topic_label_v3_3_discourse_00607,The second part is still confusing.,Color Contrast,Color Contrast | Sodium-Potassium Pump | Kinetic Energy | Close Reading | Dopamine | Supply and Demand | Photosynthesis,Can you help me understand Color Contrast? | The first explanation helped a little.,,active_topic_reference,0.96,True,v3_3_boundary_slice:active_deictic_followup
topic_label_v3_3_discourse_00608,"I do not want to switch topics; the label is fine, but the actual meaning is not landing.",Preterite vs Imperfect,Preterite vs Imperfect | Typography | Emotional Regulation | Mitosis vs Meiosis,,,active_topic_reference,0.90,True,v3_3_boundary_slice:active_deictic_followup
topic_label_v3_3_discourse_00609,The second part is still confusing.,Topic Sentences,Topic Sentences,,,active_topic_reference,0.95,True,v3_3_boundary_slice:active_deictic_followup
topic_label_v3_3_discourse_00610,What is the intuition for that?,Color Contrast,Color Contrast | OAuth Flow | Cold War Proxy Wars | Executive Function,We were talking about Color Contrast. | I got the basic idea but not the deeper part.,,active_topic_reference,0.94,True,v3_3_boundary_slice:active_deictic_followup
topic_label_v3_3_discourse_00611,The topic is still Inflation. Can you slow down on this part?,Inflation,Inflation,Can you help me understand Inflation? | The first explanation helped a little.,,active_topic_reference,0.97,True,v3_3_boundary_slice:active_deictic_followup
topic_label_v3_3_discourse_00612,I do not want to switch topics; that part still feels weird to me.,Defamation,Defamation | Insurance Deductible | Tire Pressure | Executive Function | Blind Spot Checks | Gesture Drawing | Caching | Reading Comprehension | Logical Fallacies | Civil Liberties vs Civil Rights | French Pronunciation | Event Loop | Ocean Currents | Kinetic Energy | Gas Laws | Kidney Filtration | Lifetime Value,I think Defamation is the topic I am on. | The example made sense while I was reading it.,,active_topic_reference,0.95,True,v3_3_boundary_slice:active_deictic_followup
topic_label_v3_3_discourse_00613,Okay but what is that actually doing?,Reading Comprehension,Reading Comprehension | Action Potentials | Fractions,I think Reading Comprehension is the topic I am on. | The example made sense while I was reading it.,,active_topic_reference,0.90,True,v3_3_boundary_slice:active_deictic_followup
topic_label_v3_3_discourse_00614,Could you make the same point with a tiny example?,Budgeting,Budgeting,,,active_topic_reference,0.90,True,v3_3_boundary_slice:active_deictic_followup
topic_label_v3_3_discourse_00615,That makes sense for one second and then I lose it.,Cellular Respiration,Cellular Respiration | Blind Spot Checks | Gas Laws | Dopamine | Normal Distribution | Passive Voice | Contract Law Basics | Lifetime Value | Mitosis vs Meiosis,We were talking about Cellular Respiration. | I got the basic idea but not the deeper part.,,active_topic_reference,0.93,True,v3_3_boundary_slice:active_deictic_followup
topic_label_v3_3_discourse_00616,"Before moving on, can you slow down on this part?",Circuit Breakers,Circuit Breakers | Environment Variables | Typography | Air Pressure Systems | Cold War Proxy Wars | Executive Function | Dopamine | Preterite vs Imperfect | Logical Fallacies | Gesture Drawing | Reinforcement Learning | Bayes Theorem | Cellular Respiration,We were talking about Circuit Breakers. | I got the basic idea but not the deeper part.,,active_topic_reference,0.95,True,v3_3_boundary_slice:active_deictic_followup
topic_label_v3_3_discourse_00617,"Hold on, same topic. That part still feels weird to me.",French Pronunciation,French Pronunciation | Logical Fallacies | Sodium-Potassium Pump,I asked about French Pronunciation before. | I do not need more facts yet; I need the shape of it.,,active_topic_reference,0.96,True,v3_3_boundary_slice:active_deictic_followup
topic_label_v3_3_discourse_00618,Can you unpack that sentence?,Measuring Ingredients,Measuring Ingredients,I think Measuring Ingredients is the topic I am on. | The example made sense while I was reading it.,,active_topic_reference,0.96,True,v3_3_boundary_slice:active_deictic_followup
topic_label_v3_3_discourse_00619,The topic is still Plea Bargains. What would that look like?,Plea Bargains,Plea Bargains | Preterite vs Imperfect | Passive Voice | Derivatives | Wave-Particle Duality | Electricity | Executive Function | Caching | Logarithms | Free Body Diagrams | Event Loop | Measuring Ingredients | Kinetic Energy | Reading Comprehension | Color Contrast | Vector Search | Typography | Cold War Proxy Wars | Gesture Drawing | Trigonometry | Contract Law Basics | Sodium-Potassium Pump | Quadratic Functions | Close Reading | Renewable Energy Grid,I asked about Plea Bargains before. | I do not need more facts yet; I need the shape of it.,,active_topic_reference,0.92,True,v3_3_boundary_slice:active_deictic_followup
topic_label_v3_3_discourse_00620,"Hold on, same topic. I am close, but this part is not clicking.",Cellular Respiration,Cellular Respiration | Torque | Event Loop | Osmosis | Blind Spot Checks | Blood Pressure Regulation | Renewable Energy Grid | Fractions | Executive Function | Derivatives | Trigonometry | Dopamine | Reinforcement Learning | Close Reading | Regression Lines | Color Contrast | Insurance Deductible,,,active_topic_reference,0.89,True,v3_3_boundary_slice:active_deictic_followup
topic_label_v3_3_discourse_00621,"I am still on Emotional Regulation, but can you unpack that sentence?",Emotional Regulation,Emotional Regulation | Preterite vs Imperfect | Transit Planning,I think Emotional Regulation is the topic I am on. | The example made sense while I was reading it.,,active_topic_reference,0.96,True,v3_3_boundary_slice:active_deictic_followup
topic_label_v3_3_discourse_00622,I do not need a new topic yet; I need that part again.,Kinetic Energy,Kinetic Energy,,,active_topic_reference,0.97,True,v3_3_boundary_slice:active_deictic_followup
topic_label_v3_3_discourse_00623,I lost the thread right there.,Electric Fields,Electric Fields,I think Electric Fields is the topic I am on. | The example made sense while I was reading it.,,active_topic_reference,0.93,True,v3_3_boundary_slice:active_deictic_followup
topic_label_v3_3_discourse_00624,This is the part I keep slipping on.,Bayes Theorem,Bayes Theorem | OAuth Flow | Ocean Currents | Blood Pressure Regulation | Blind Spot Checks | Plate Tectonics | Plea Bargains,Can you help me understand Bayes Theorem? | The first explanation helped a little.,,active_topic_reference,0.94,True,v3_3_boundary_slice:active_deictic_followup
topic_label_v3_3_discourse_00625,Can we stay here and make this less abstract?,Carbon Cycle,Carbon Cycle | Plate Tectonics | Defamation,I asked about Carbon Cycle before. | I do not need more facts yet; I need the shape of it.,,active_topic_reference,0.92,True,v3_3_boundary_slice:active_deictic_followup
topic_label_v3_3_discourse_00626,This is the part I keep slipping on.,Cloud Formation,Cloud Formation,I asked about Cloud Formation before. | I do not need more facts yet; I need the shape of it.,,active_topic_reference,0.95,True,v3_3_boundary_slice:active_deictic_followup
topic_label_v3_3_discourse_00627,I do not want to switch topics; i do not need a new topic yet; I need that part again.,Civil Liberties vs Civil Rights,Civil Liberties vs Civil Rights,Can you help me understand Civil Liberties vs Civil Rights? | The first explanation helped a little.,,active_topic_reference,0.94,True,v3_3_boundary_slice:active_deictic_followup
topic_label_v3_3_discourse_00628,"I am still on Entropy, but why would that be true?",Entropy,Entropy | Fractions,,,active_topic_reference,0.89,True,v3_3_boundary_slice:active_deictic_followup
topic_label_v3_3_discourse_00629,Can you unpack that sentence?,Action Potentials,Action Potentials,We were talking about Action Potentials. | I got the basic idea but not the deeper part.,,active_topic_reference,0.91,True,v3_3_boundary_slice:active_deictic_followup
topic_label_v3_3_discourse_00630,I lost the thread right there.,Gas Laws,Gas Laws,I think Gas Laws is the topic I am on. | The example made sense while I was reading it.,,active_topic_reference,0.98,True,v3_3_boundary_slice:active_deictic_followup
topic_label_v3_3_discourse_00631,"I think I get the first part, but the next part is blurry.",Lifetime Value,Lifetime Value | Renewable Energy Grid | Close Reading | Kinetic Energy | Supply and Demand | Emotional Regulation | Confirmation Bias | Budgeting | Fractions,Can you help me understand Lifetime Value? | The first explanation helped a little.,,active_topic_reference,0.92,True,v3_3_boundary_slice:active_deictic_followup
topic_label_v3_3_discourse_00632,What is the intuition for that?,Environment Variables,Environment Variables | Ocean Currents | Entropy | Insurance Deductible,,,active_topic_reference,0.91,True,v3_3_boundary_slice:active_deictic_followup
topic_label_v3_3_discourse_00633,"The label is fine, but the actual meaning is not landing.",Passive Voice,Passive Voice | Confirmation Bias,I think Passive Voice is the topic I am on. | The example made sense while I was reading it.,,active_topic_reference,0.90,True,v3_3_boundary_slice:active_deictic_followup
topic_label_v3_3_discourse_00634,"Same topic, but can you make it more step-by-step?",Civil Liberties vs Civil Rights,Civil Liberties vs Civil Rights | Cellular Respiration | Inflation | Tokenization | Derivatives | Pragmatics | Cloud Formation,I think Civil Liberties vs Civil Rights is the topic I am on. | The example made sense while I was reading it.,,active_topic_reference,0.92,True,v3_3_boundary_slice:active_deictic_followup
topic_label_v3_3_discourse_00635,Can you make this feel less like magic?,Event Loop,Event Loop | Cold War Proxy Wars,,,active_topic_reference,0.92,True,v3_3_boundary_slice:active_deictic_followup
topic_label_v3_3_discourse_00636,Can you make this feel less like magic?,Air Pressure Systems,Air Pressure Systems | Preterite vs Imperfect | Executive Function | Event Loop | Sodium-Potassium Pump | API Authentication | Action Potentials | Caching | Kidney Filtration | Osmosis | Gesture Drawing | Ocean Currents | Transit Planning | Fractions | Systems of Equations | Photosynthesis | OAuth Flow | Contract Law Basics | Plea Bargains | Gas Laws | Pragmatics | Quadratic Functions | Renewable Energy Grid | Blood Pressure Regulation | Trigonometry,We were talking about Air Pressure Systems. | I got the basic idea but not the deeper part.,,active_topic_reference,0.91,True,v3_3_boundary_slice:active_deictic_followup
topic_label_v3_3_discourse_00637,This is the part I keep slipping on.,Executive Function,Executive Function,Can you help me understand Executive Function? | The first explanation helped a little.,,active_topic_reference,0.96,True,v3_3_boundary_slice:active_deictic_followup
topic_label_v3_3_discourse_00638,"I think I get the first part, but the next part is blurry.",Plea Bargains,Plea Bargains | Supply and Demand | Bayes Theorem | Passive Voice | Measuring Ingredients | Close Reading | Quadratic Functions | Treaty of Versailles | Regression Lines,I asked about Plea Bargains before. | I do not need more facts yet; I need the shape of it.,,active_topic_reference,0.93,True,v3_3_boundary_slice:active_deictic_followup
topic_label_v3_3_discourse_00639,"I am still on Event Loop, but could you make the same point with a tiny example?",Event Loop,Event Loop | Executive Function | Color Contrast | Dopamine,We were talking about Event Loop. | I got the basic idea but not the deeper part.,,active_topic_reference,0.89,True,v3_3_boundary_slice:active_deictic_followup
topic_label_v3_3_discourse_00640,"Before moving on, that part still feels weird to me.",Electric Fields,Electric Fields,I think Electric Fields is the topic I am on. | The example made sense while I was reading it.,,active_topic_reference,0.92,True,v3_3_boundary_slice:active_deictic_followup
topic_label_v3_3_discourse_00641,"I get the words, but not what it is doing.",Color Contrast,Color Contrast | Normal Distribution | Measuring Ingredients | Cloud Formation | Resonance | Circuit Breakers | Logarithms | Lifetime Value | Ocean Currents,,,active_topic_reference,0.90,True,v3_3_boundary_slice:active_deictic_followup
topic_label_v3_3_discourse_00642,I do not want to switch topics; could you make the same point with a tiny example?,Renewable Energy Grid,Renewable Energy Grid | Wave-Particle Duality | Caching,I asked about Renewable Energy Grid before. | I do not need more facts yet; I need the shape of it.,,active_topic_reference,0.93,True,v3_3_boundary_slice:active_deictic_followup
topic_label_v3_3_discourse_00643,"I am not asking a new thing, I just need this part clearer.",Correlation vs Causation,Correlation vs Causation | Passive Voice,,,active_topic_reference,0.97,True,v3_3_boundary_slice:active_deictic_followup
topic_label_v3_3_discourse_00644,"Hold on, same topic. Can you make this feel less like magic?",Derivatives,Derivatives | Resonance,I think Derivatives is the topic I am on. | The example made sense while I was reading it.,,active_topic_reference,0.93,True,v3_3_boundary_slice:active_deictic_followup
topic_label_v3_3_discourse_00645,Can you show it visually somehow?,Dopamine,Dopamine | Systems of Equations | Torque | Preterite vs Imperfect,I want to understand dopamine. | The reward example helped but not fully.,,active_topic_reference,0.96,True,v3_3_boundary_slice:active_deictic_followup
topic_label_v3_3_discourse_00646,I think the issue is the middle step.,Action Potentials,Action Potentials | Resonance | Food Webs | Dopamine | Pragmatics | Carbon Cycle | Event Loop,,,active_topic_reference,0.90,True,v3_3_boundary_slice:active_deictic_followup
topic_label_v3_3_discourse_00647,How does that connect to the example?,Gesture Drawing,Gesture Drawing | Measuring Ingredients | Entropy | Correlation vs Causation | API Authentication | Dopamine | Potential Energy | Trigonometry | Integrals,Can you help me understand Gesture Drawing? | The first explanation helped a little.,,active_topic_reference,0.93,True,v3_3_boundary_slice:active_deictic_followup
topic_label_v3_3_discourse_00648,Can you give me the baby version of that?,Reinforcement Learning,Reinforcement Learning,Can you help me understand Reinforcement Learning? | The first explanation helped a little.,,active_topic_reference,0.91,True,v3_3_boundary_slice:active_deictic_followup
topic_label_v3_3_discourse_00649,"I am still on Bayes Theorem, but can you give me the baby version of that?",Bayes Theorem,Bayes Theorem | Air Pressure Systems | Normal Distribution | Free Body Diagrams | OAuth Flow | Close Reading | Contract Law Basics,We were talking about Bayes Theorem. | I got the basic idea but not the deeper part.,,active_topic_reference,0.92,True,v3_3_boundary_slice:active_deictic_followup
topic_label_v3_3_discourse_00650,Could you do one more pass on this?,Quadratic Functions,Quadratic Functions | API Authentication | Plea Bargains,,,active_topic_reference,0.93,True,v3_3_boundary_slice:active_deictic_followup
topic_label_v3_3_discourse_00651,"Hold on, same topic. How does that connect to the example?",Cellular Respiration,Cellular Respiration | Environment Variables | Logical Fallacies,,,active_topic_reference,0.96,True,v3_3_boundary_slice:active_deictic_followup
topic_label_v3_3_discourse_00652,"Same topic, but can you make it more step-by-step?",Typography,Typography | Derivatives | Regression Lines | Integrals | Resonance | Cloud Formation | Blind Spot Checks | Cold War Proxy Wars | Photosynthesis | Trigonometry | Tokenization | Groundwater | Carbon Cycle | Preterite vs Imperfect | Potential Energy | OAuth Flow | Executive Function,,,active_topic_reference,0.96,True,v3_3_boundary_slice:active_deictic_followup
topic_label_v3_3_discourse_00653,"I know we are still on this, but can you make it more concrete?",Transit Planning,Transit Planning | Passive Voice | Groundwater | Quadratic Functions | Correlation vs Causation | Trigonometry | Lifetime Value | Reading Comprehension | Close Reading | API Authentication | Entropy | Tire Pressure | Free Body Diagrams,Can you help me understand Transit Planning? | The first explanation helped a little.,,active_topic_reference,0.90,True,v3_3_boundary_slice:active_deictic_followup
topic_label_v3_3_discourse_00654,Can you slow down on this part?,Normal Distribution,Normal Distribution | Gesture Drawing | Defamation | Free Body Diagrams | Transit Planning | Derivatives | Emotional Regulation,We were talking about Normal Distribution. | I got the basic idea but not the deeper part.,,active_topic_reference,0.92,True,v3_3_boundary_slice:active_deictic_followup
topic_label_v3_3_discourse_00655,"That example helped, but I still do not see the point.",Plate Tectonics,Plate Tectonics | Trigonometry | Blind Spot Checks | Reading Comprehension | Blood Pressure Regulation | Air Pressure Systems | Kidney Filtration | Executive Function | Sodium-Potassium Pump | Event Loop | Lifetime Value | Insurance Deductible | Wave-Particle Duality,Can you help me understand Plate Tectonics? | The first explanation helped a little.,,active_topic_reference,0.93,True,v3_3_boundary_slice:active_deictic_followup
topic_label_v3_3_discourse_00656,"The topic is still Executive Function. Wait, why does that happen?",Executive Function,Executive Function,We were talking about Executive Function. | I got the basic idea but not the deeper part.,,active_topic_reference,0.88,True,v3_3_boundary_slice:active_deictic_followup
topic_label_v3_3_discourse_00657,"I get the words, but not what it is doing.",Sodium-Potassium Pump,Sodium-Potassium Pump | Entropy | Confirmation Bias | Correlation vs Causation | Budgeting | Tire Pressure | Inflation | Gesture Drawing | Environment Variables | Regression Lines | Event Loop | Bayes Theorem | Tokenization,We were talking about Sodium-Potassium Pump. | I got the basic idea but not the deeper part.,,active_topic_reference,0.90,True,v3_3_boundary_slice:active_deictic_followup
topic_label_v3_3_discourse_00658,"I am close, but this part is not clicking.",Mitosis vs Meiosis,Mitosis vs Meiosis | Renewable Energy Grid | Emotional Regulation | Kinetic Energy | Plate Tectonics | Correlation vs Causation | Cold War Proxy Wars | Typography | Action Potentials | Entropy | OAuth Flow | Contract Law Basics | Reinforcement Learning | Treaty of Versailles | Potential Energy | Groundwater | Carbon Cycle | Passive Voice | Color Contrast | Plea Bargains | Bayes Theorem | Gesture Drawing | API Authentication | Insurance Deductible | Cellular Respiration,I asked about Mitosis vs Meiosis before. | I do not need more facts yet; I need the shape of it.,,active_topic_reference,0.95,True,v3_3_boundary_slice:active_deictic_followup
topic_label_v3_3_discourse_00659,"I am not asking a new thing, I just need this part clearer.",Osmosis,Osmosis,What is osmosis? | The membrane part is still fuzzy.,,active_topic_reference,0.90,True,v3_3_boundary_slice:active_deictic_followup
topic_label_v3_3_discourse_00660,"Wait, why does that happen?",Gesture Drawing,Gesture Drawing,I asked about Gesture Drawing before. | I do not need more facts yet; I need the shape of it.,,active_topic_reference,0.94,True,v3_3_boundary_slice:active_deictic_followup
topic_label_v3_3_discourse_00661,"I think I get the first part, but the next part is blurry.",Cloud Formation,Cloud Formation,,,active_topic_reference,0.95,True,v3_3_boundary_slice:active_deictic_followup
topic_label_v3_3_discourse_00662,Okay but what is that actually doing?,French Pronunciation,French Pronunciation | Cold War Proxy Wars | Gesture Drawing,,,active_topic_reference,0.89,True,v3_3_boundary_slice:active_deictic_followup
topic_label_v3_3_discourse_00663,"Before moving on, where exactly am I supposed to look in that example?",Groundwater,Groundwater | Plea Bargains | API Authentication,I asked about Groundwater before. | I do not need more facts yet; I need the shape of it.,,active_topic_reference,0.95,True,v3_3_boundary_slice:active_deictic_followup
topic_label_v3_3_discourse_00664,Could you explain that in a simpler way?,Gesture Drawing,Gesture Drawing | Reading Comprehension,I asked about Gesture Drawing before. | I do not need more facts yet; I need the shape of it.,,active_topic_reference,0.96,True,v3_3_boundary_slice:active_deictic_followup
topic_label_v3_3_discourse_00665,"I am not asking a new thing, I just need this part clearer.",Gesture Drawing,Gesture Drawing | Passive Voice | Reinforcement Learning,Can you help me understand Gesture Drawing? | The first explanation helped a little.,,active_topic_reference,0.93,True,v3_3_boundary_slice:active_deictic_followup
topic_label_v3_3_discourse_00666,Why does it work that way?,Renewable Energy Grid,Renewable Energy Grid | Transit Planning | Supply and Demand,,,active_topic_reference,0.89,True,v3_3_boundary_slice:active_deictic_followup
topic_label_v3_3_discourse_00667,The topic is still Free Body Diagrams. Okay but what is that actually doing?,Free Body Diagrams,Free Body Diagrams,I asked about Free Body Diagrams before. | I do not need more facts yet; I need the shape of it.,,active_topic_reference,0.93,True,v3_3_boundary_slice:active_deictic_followup
topic_label_v3_3_discourse_00668,What is the intuition for that?,Photosynthesis,Photosynthesis | Ocean Currents,I think Photosynthesis is the topic I am on. | The example made sense while I was reading it.,,active_topic_reference,0.90,True,v3_3_boundary_slice:active_deictic_followup
topic_label_v3_3_discourse_00669,"Hold on, same topic. I think I get the first part, but the next part is blurry.",Quadratic Functions,Quadratic Functions,Can you help me understand Quadratic Functions? | The first explanation helped a little.,,active_topic_reference,0.94,True,v3_3_boundary_slice:active_deictic_followup
topic_label_v3_3_discourse_00670,That part still feels weird to me.,Confirmation Bias,Confirmation Bias | Groundwater,We were talking about Confirmation Bias. | I got the basic idea but not the deeper part.,,active_topic_reference,0.88,True,v3_3_boundary_slice:active_deictic_followup
topic_label_v3_3_discourse_00671,"Hold on, same topic. I get the words, but not what it is doing.",Tire Pressure,Tire Pressure | Contract Law Basics | Confirmation Bias,Can you help me understand Tire Pressure? | The first explanation helped a little.,,active_topic_reference,0.91,True,v3_3_boundary_slice:active_deictic_followup
topic_label_v3_3_discourse_00672,"Hold on, same topic. I do not need a new topic yet; I need that part again.",Caching,Caching | Regression Lines | Plate Tectonics | Renewable Energy Grid | Electric Fields | Systems of Equations | Close Reading | Supply and Demand | Action Potentials | Insurance Deductible | Wave-Particle Duality | Photosynthesis | Logarithms | Circuit Breakers | Quadratic Functions | Derivatives | Blind Spot Checks,,,active_topic_reference,0.94,True,v3_3_boundary_slice:active_deictic_followup
topic_label_v3_3_discourse_00673,The second part is still confusing.,Photosynthesis,Photosynthesis | Measuring Ingredients | Gesture Drawing,Can you help me understand Photosynthesis? | The first explanation helped a little.,,active_topic_reference,0.88,True,v3_3_boundary_slice:active_deictic_followup
topic_label_v3_3_discourse_00674,Can you unpack that sentence?,Blood Pressure Regulation,Blood Pressure Regulation,We were talking about Blood Pressure Regulation. | I got the basic idea but not the deeper part.,,active_topic_reference,0.90,True,v3_3_boundary_slice:active_deictic_followup
topic_label_v3_3_discourse_00675,"I am still on Insurance Deductible, but can you slow down on this part?",Insurance Deductible,Insurance Deductible,,,active_topic_reference,0.89,True,v3_3_boundary_slice:active_deictic_followup
topic_label_v3_3_discourse_00676,"I am still on Sodium-Potassium Pump, but can you unpack that sentence?",Sodium-Potassium Pump,Sodium-Potassium Pump | Civil Liberties vs Civil Rights | Trigonometry,We were talking about Sodium-Potassium Pump. | I got the basic idea but not the deeper part.,,active_topic_reference,0.92,True,v3_3_boundary_slice:active_deictic_followup
topic_label_v3_3_discourse_00677,"I am still on Wave-Particle Duality, but how does that connect to the example?",Wave-Particle Duality,Wave-Particle Duality | Photosynthesis | Reading Comprehension,I do not understand light being both a wave and a particle. | The wave example helped a little.,,active_topic_reference,0.97,True,v3_3_boundary_slice:active_deictic_followup
topic_label_v3_3_discourse_00678,Can you show it visually somehow?,Correlation vs Causation,Correlation vs Causation | Kinetic Energy,We were talking about Correlation vs Causation. | I got the basic idea but not the deeper part.,,active_topic_reference,0.98,True,v3_3_boundary_slice:active_deictic_followup
topic_label_v3_3_discourse_00679,Can you show it visually somehow?,Entropy,Entropy | Osmosis,Can you help me understand Entropy? | The first explanation helped a little.,,active_topic_reference,0.91,True,v3_3_boundary_slice:active_deictic_followup
topic_label_v3_3_discourse_00680,Could you make the same point with a tiny example?,Correlation vs Causation,Correlation vs Causation | Confirmation Bias | Pragmatics | Emotional Regulation | Gas Laws | Electricity | Logical Fallacies | Ocean Currents | Kidney Filtration | Passive Voice | Reinforcement Learning | Preterite vs Imperfect | Renewable Energy Grid | Electric Fields | Integrals | Sodium-Potassium Pump | Plate Tectonics,I think Correlation vs Causation is the topic I am on. | The example made sense while I was reading it.,,active_topic_reference,0.96,True,v3_3_boundary_slice:active_deictic_followup
topic_label_v3_3_discourse_00681,"Hold on, same topic. I am close, but this part is not clicking.",Regression Lines,Regression Lines | Emotional Regulation | Cold War Proxy Wars | Preterite vs Imperfect,Can you help me understand Regression Lines? | The first explanation helped a little.,,active_topic_reference,0.93,True,v3_3_boundary_slice:active_deictic_followup
topic_label_v3_3_discourse_00682,Can you unpack that sentence?,Typography,Typography | Civil Liberties vs Civil Rights,Can you help me understand Typography? | The first explanation helped a little.,,active_topic_reference,0.95,True,v3_3_boundary_slice:active_deictic_followup
topic_label_v3_3_discourse_00683,What is the intuition for that?,Caching,Caching | Treaty of Versailles | Integrals | Inflation,We were talking about Caching. | I got the basic idea but not the deeper part.,,active_topic_reference,0.89,True,v3_3_boundary_slice:active_deictic_followup
topic_label_v3_3_discourse_00684,"I get the words, but not what it is doing.",French Pronunciation,French Pronunciation | Action Potentials | Photosynthesis | Tire Pressure | Blind Spot Checks | Cold War Proxy Wars | Electric Fields | Cloud Formation | Osmosis | Kidney Filtration | Plate Tectonics | Color Contrast | Wave-Particle Duality | Bayes Theorem | Budgeting | Plea Bargains | Lifetime Value,,,active_topic_reference,0.95,True,v3_3_boundary_slice:active_deictic_followup
topic_label_v3_3_discourse_00685,Why would that be true?,Torque,Torque | Caching | Systems of Equations | Inflation | Event Loop | Passive Voice | Electric Fields | OAuth Flow | Normal Distribution,We were talking about Torque. | I got the basic idea but not the deeper part.,,active_topic_reference,0.97,True,v3_3_boundary_slice:active_deictic_followup
topic_label_v3_3_discourse_00686,Could you do one more pass on this?,Trigonometry,Trigonometry | Fractions,I think Trigonometry is the topic I am on. | The example made sense while I was reading it.,,active_topic_reference,0.98,True,v3_3_boundary_slice:active_deictic_followup
topic_label_v3_3_discourse_00687,Where exactly am I supposed to look in that example?,Osmosis,Osmosis | Normal Distribution,What is osmosis? | The membrane part is still fuzzy.,,active_topic_reference,0.93,True,v3_3_boundary_slice:active_deictic_followup
topic_label_v3_3_discourse_00688,Why would that be true?,Plea Bargains,Plea Bargains,I think Plea Bargains is the topic I am on. | The example made sense while I was reading it.,,active_topic_reference,0.93,True,v3_3_boundary_slice:active_deictic_followup
topic_label_v3_3_discourse_00689,"Before moving on, could you show me another example of this?",Blind Spot Checks,Blind Spot Checks,I asked about Blind Spot Checks before. | I do not need more facts yet; I need the shape of it.,,active_topic_reference,0.91,True,v3_3_boundary_slice:active_deictic_followup
topic_label_v3_3_discourse_00690,Can you slow down on this part?,Kinetic Energy,Kinetic Energy | Passive Voice | Cloud Formation | Logarithms,,,active_topic_reference,0.89,True,v3_3_boundary_slice:active_deictic_followup
topic_label_v3_3_discourse_00691,"Before moving on, i think the issue is the middle step.",Dopamine,Dopamine | Cellular Respiration,We were talking about Dopamine. | I got the basic idea but not the deeper part.,,active_topic_reference,0.91,True,v3_3_boundary_slice:active_deictic_followup
topic_label_v3_3_discourse_00692,I do not want to switch topics; could you do one more pass on this?,Osmosis,Osmosis,What is osmosis? | The membrane part is still fuzzy.,,active_topic_reference,0.90,True,v3_3_boundary_slice:active_deictic_followup
topic_label_v3_3_discourse_00693,"Wait, why does that happen?",Pragmatics,Pragmatics | Environment Variables | Derivatives | API Authentication | Gas Laws | Regression Lines | Logical Fallacies | Event Loop | Plate Tectonics | Sodium-Potassium Pump | Systems of Equations | Color Contrast | Osmosis | Caching | Entropy | Preterite vs Imperfect | Correlation vs Causation,We were talking about Pragmatics. | I got the basic idea but not the deeper part.,,active_topic_reference,0.97,True,v3_3_boundary_slice:active_deictic_followup
topic_label_v3_3_discourse_00694,"The topic is still Color Contrast. I know we are still on this, but can you make it more concrete?",Color Contrast,Color Contrast | Close Reading | Electric Fields | Food Webs | Ocean Currents | Bayes Theorem | Derivatives,I asked about Color Contrast before. | I do not need more facts yet; I need the shape of it.,,active_topic_reference,0.96,True,v3_3_boundary_slice:active_deictic_followup
topic_label_v3_3_discourse_00695,Why does it work that way?,Dopamine,Dopamine | Resonance | Close Reading | Entropy | Treaty of Versailles | Carbon Cycle | Logarithms,I want to understand dopamine. | The reward example helped but not fully.,,active_topic_reference,0.97,True,v3_3_boundary_slice:active_deictic_followup
topic_label_v3_3_discourse_00696,Can you give me the baby version of that?,Reinforcement Learning,Reinforcement Learning,We were talking about Reinforcement Learning. | I got the basic idea but not the deeper part.,,active_topic_reference,0.92,True,v3_3_boundary_slice:active_deictic_followup
topic_label_v3_3_discourse_00697,I think the issue is the middle step.,Confirmation Bias,Confirmation Bias | Electric Fields | Wave-Particle Duality,We were talking about Confirmation Bias. | I got the basic idea but not the deeper part.,,active_topic_reference,0.93,True,v3_3_boundary_slice:active_deictic_followup
topic_label_v3_3_discourse_00698,Can you slow down on this part?,Circuit Breakers,Circuit Breakers,I asked about Circuit Breakers before. | I do not need more facts yet; I need the shape of it.,,active_topic_reference,0.91,True,v3_3_boundary_slice:active_deictic_followup
topic_label_v3_3_discourse_00699,I lost the thread right there.,Kidney Filtration,Kidney Filtration | Tokenization,We were talking about Kidney Filtration. | I got the basic idea but not the deeper part.,,active_topic_reference,0.97,True,v3_3_boundary_slice:active_deictic_followup
topic_label_v3_3_discourse_00700,Can you unpack that sentence?,Systems of Equations,Systems of Equations | Cellular Respiration | Dopamine | Correlation vs Causation,,,active_topic_reference,0.89,True,v3_3_boundary_slice:active_deictic_followup
topic_label_v3_3_discourse_00701,I lost the thread right there.,Measuring Ingredients,Measuring Ingredients,Can you help me understand Measuring Ingredients? | The first explanation helped a little.,,active_topic_reference,0.90,True,v3_3_boundary_slice:active_deictic_followup
topic_label_v3_3_discourse_00702,Could you show me another example of this?,Close Reading,Close Reading | Lifetime Value | Sodium-Potassium Pump | Tokenization | Inflation | Systems of Equations | Logical Fallacies | Derivatives | Normal Distribution | Defamation | Blind Spot Checks | Quadratic Functions | Osmosis,I think Close Reading is the topic I am on. | The example made sense while I was reading it.,,active_topic_reference,0.94,True,v3_3_boundary_slice:active_deictic_followup
topic_label_v3_3_discourse_00703,Why does it work that way?,Pragmatics,Pragmatics,I think Pragmatics is the topic I am on. | The example made sense while I was reading it.,,active_topic_reference,0.98,True,v3_3_boundary_slice:active_deictic_followup
topic_label_v3_3_discourse_00704,I do not think this is about Entropy anymore. I think it is about Event Loop.,Entropy,Entropy | Event Loop,Can you help me understand Entropy? | The first explanation helped a little.,Event Loop,explicit_topic_reference,0.93,True,v3_3_boundary_slice:followup_opener_explicit_shift
topic_label_v3_3_discourse_00705,"That makes sense, but can we switch to Free Body Diagrams?",Measuring Ingredients,Gesture Drawing | Measuring Ingredients | Passive Voice | Lifetime Value | Potential Energy | OAuth Flow | Budgeting | Executive Function | Cold War Proxy Wars | Regression Lines | Electric Fields | French Pronunciation | Kinetic Energy,,Free Body Diagrams,explicit_topic_reference,0.94,True,v3_3_boundary_slice:followup_opener_explicit_shift
topic_label_v3_3_discourse_00706,Could we park Logarithms and do Insurance Deductible instead?,Logarithms,Logarithms,,Insurance Deductible,explicit_topic_reference,0.97,True,v3_3_boundary_slice:followup_opener_explicit_shift
topic_label_v3_3_discourse_00707,"Okay, I get that part — now I want to learn about Confirmation Bias.",Action Potentials,Event Loop | Correlation vs Causation | Preterite vs Imperfect | Groundwater | Defamation | Vector Search | Trigonometry | Color Contrast | Action Potentials,I asked about Action Potentials before. | I do not need more facts yet; I need the shape of it.,Confirmation Bias,explicit_topic_reference,0.91,True,v3_3_boundary_slice:followup_opener_explicit_shift
topic_label_v3_3_discourse_00708,"actually actually, not to derail things, but I think my real question is Food Webs.",API Authentication,Fractions | API Authentication,We were talking about API Authentication. | I got the basic idea but not the deeper part.,Food Webs,explicit_topic_reference,0.94,True,v3_3_boundary_slice:followup_opener_explicit_shift
topic_label_v3_3_discourse_00709,"Okay, I get that part — now I want to learn about Plea Bargains.",Entropy,Entropy | Derivatives | Plea Bargains | Typography | Measuring Ingredients | Dopamine | OAuth Flow | Wave-Particle Duality,I think Entropy is the topic I am on. | The example made sense while I was reading it.,Plea Bargains,explicit_topic_reference,0.91,True,v3_3_boundary_slice:followup_opener_explicit_shift
topic_label_v3_3_discourse_00710,"Cool, but the thing I actually need next is Color Contrast.",Blind Spot Checks,Passive Voice | Kidney Filtration | Entropy | Blind Spot Checks | Inflation | Insurance Deductible | Color Contrast | Treaty of Versailles,Can you help me understand Blind Spot Checks? | The first explanation helped a little.,Color Contrast,explicit_topic_reference,0.89,True,v3_3_boundary_slice:followup_opener_explicit_shift
topic_label_v3_3_discourse_00711,That example helped. What about Electricity?,Fractions,Fractions | Electricity | Topic Sentences,We were talking about Fractions. | I got the basic idea but not the deeper part.,Electricity,explicit_topic_reference,0.92,True,v3_3_boundary_slice:followup_opener_explicit_shift
topic_label_v3_3_discourse_00712,"not gonna lie, now that I sort of get Executive Function, I want to understand Gesture Drawing.",Executive Function,Executive Function,,Gesture Drawing,explicit_topic_reference,0.94,True,v3_3_boundary_slice:followup_opener_explicit_shift
topic_label_v3_3_discourse_00713,"Actually, different direction: I need help with Tokenization.",Regression Lines,Regression Lines,I think Regression Lines is the topic I am on. | The example made sense while I was reading it.,Tokenization,explicit_topic_reference,0.93,True,v3_3_boundary_slice:followup_opener_explicit_shift
topic_label_v3_3_discourse_00714,"ok wait, i think I am done with this example. Next I want Budgeting.",Electricity,Resonance | Blind Spot Checks | Circuit Breakers | OAuth Flow | Pragmatics | French Pronunciation | Gas Laws | Food Webs | Potential Energy | Budgeting | Supply and Demand | Defamation | Normal Distribution | Gesture Drawing | Preterite vs Imperfect | Regression Lines | Bayes Theorem | Measuring Ingredients | Correlation vs Causation | Ocean Currents | Tokenization | Close Reading | Cold War Proxy Wars | Cellular Respiration | Electricity,Can you explain electricity? | The charge-flow part is confusing.,Budgeting,explicit_topic_reference,0.90,True,v3_3_boundary_slice:followup_opener_explicit_shift
topic_label_v3_3_discourse_00715,"This may be a switch, but can you explain Plate Tectonics?",Logical Fallacies,Derivatives | Plate Tectonics | Logical Fallacies,I asked about Logical Fallacies before. | I do not need more facts yet; I need the shape of it.,Plate Tectonics,explicit_topic_reference,0.96,True,v3_3_boundary_slice:followup_opener_explicit_shift
topic_label_v3_3_discourse_00716,The current thing is less confusing now; the next topic I need is Electricity.,Mitosis vs Meiosis,Integrals | Photosynthesis | Gesture Drawing | Blood Pressure Regulation | Pragmatics | Cold War Proxy Wars | Dopamine | Treaty of Versailles | Confirmation Bias | Typography | Sodium-Potassium Pump | Mitosis vs Meiosis | Quadratic Functions,I asked about Mitosis vs Meiosis before. | I do not need more facts yet; I need the shape of it.,Electricity,explicit_topic_reference,0.98,True,v3_3_boundary_slice:followup_opener_explicit_shift
topic_label_v3_3_discourse_00717,"Actually, different direction: I need help with Systems of Equations.",Topic Sentences,Topic Sentences,Can you help me understand Topic Sentences? | The first explanation helped a little.,Systems of Equations,explicit_topic_reference,0.92,True,v3_3_boundary_slice:followup_opener_explicit_shift
topic_label_v3_3_discourse_00718,"Cool, but the thing I actually need next is Executive Function.",Free Body Diagrams,Executive Function | Free Body Diagrams | Air Pressure Systems,I asked about Free Body Diagrams before. | I do not need more facts yet; I need the shape of it.,Executive Function,explicit_topic_reference,0.93,True,v3_3_boundary_slice:followup_opener_explicit_shift
topic_label_v3_3_discourse_00719,"Before we keep going, can we pivot to Entropy?",Air Pressure Systems,Resonance | Dopamine | Osmosis | Normal Distribution | Bayes Theorem | Kidney Filtration | Blind Spot Checks | Carbon Cycle | Renewable Energy Grid | Air Pressure Systems | Reading Comprehension | Reinforcement Learning | Entropy | Tire Pressure | Quadratic Functions | Electricity | Photosynthesis | Defamation,I think Air Pressure Systems is the topic I am on. | The example made sense while I was reading it.,Entropy,explicit_topic_reference,0.89,True,v3_3_boundary_slice:followup_opener_explicit_shift
topic_label_v3_3_discourse_00720,That cleared up enough. I want to start Emotional Regulation now.,Event Loop,Food Webs | Kinetic Energy | Supply and Demand | Entropy | Circuit Breakers | Cloud Formation | Action Potentials | Event Loop | Vector Search,We were talking about Event Loop. | I got the basic idea but not the deeper part.,Emotional Regulation,explicit_topic_reference,0.93,True,v3_3_boundary_slice:followup_opener_explicit_shift
topic_label_v3_3_discourse_00721,I am good on Air Pressure Systems for now. Can we do Action Potentials?,Air Pressure Systems,Air Pressure Systems | Sodium-Potassium Pump | Blind Spot Checks,Can you help me understand Air Pressure Systems? | The first explanation helped a little.,Action Potentials,explicit_topic_reference,0.89,True,v3_3_boundary_slice:followup_opener_explicit_shift
topic_label_v3_3_discourse_00722,Could we park Reading Comprehension and do Torque instead?,Reading Comprehension,OAuth Flow | Lifetime Value | Transit Planning | Torque | Reading Comprehension,Can you help me understand Reading Comprehension? | The first explanation helped a little.,Torque,explicit_topic_reference,0.93,True,v3_3_boundary_slice:followup_opener_explicit_shift
topic_label_v3_3_discourse_00723,"ok wait, i do not think this is about Quadratic Functions anymore. I think it is about Reinforcement Learning.",Quadratic Functions,Quadratic Functions | Reinforcement Learning,Can you help me understand Quadratic Functions? | The first explanation helped a little.,Reinforcement Learning,explicit_topic_reference,0.95,True,v3_3_boundary_slice:followup_opener_explicit_shift
topic_label_v3_3_discourse_00724,"ok wait, ok, new question: how does Treaty of Versailles work?",Bayes Theorem,Bayes Theorem | Treaty of Versailles,We were talking about Bayes Theorem. | I got the basic idea but not the deeper part.,Treaty of Versailles,explicit_topic_reference,0.97,True,v3_3_boundary_slice:followup_opener_explicit_shift
topic_label_v3_3_discourse_00725,"Ok, new question: how does Normal Distribution work?",Resonance,Systems of Equations | Resonance,I think Resonance is the topic I am on. | The example made sense while I was reading it.,Normal Distribution,explicit_topic_reference,0.90,True,v3_3_boundary_slice:followup_opener_explicit_shift
topic_label_v3_3_discourse_00726,That example helped. What about Entropy?,Tire Pressure,Tire Pressure | Entropy,I think Tire Pressure is the topic I am on. | The example made sense while I was reading it.,Entropy,explicit_topic_reference,0.94,True,v3_3_boundary_slice:followup_opener_explicit_shift
topic_label_v3_3_discourse_00727,That part is fine now; Event Loop is the part I do not understand.,Derivatives,Event Loop | Derivatives | Ocean Currents,I think Derivatives is the topic I am on. | The example made sense while I was reading it.,Event Loop,explicit_topic_reference,0.92,True,v3_3_boundary_slice:followup_opener_explicit_shift
topic_label_v3_3_discourse_00728,"Cool, but the thing I actually need next is Blind Spot Checks.",Preterite vs Imperfect,Preterite vs Imperfect | Quadratic Functions | Reinforcement Learning | Defamation | Correlation vs Causation | Emotional Regulation | Torque | Gas Laws | Civil Liberties vs Civil Rights | Electricity | Integrals | Air Pressure Systems | Tire Pressure,,Blind Spot Checks,explicit_topic_reference,0.96,True,v3_3_boundary_slice:followup_opener_explicit_shift
topic_label_v3_3_discourse_00729,That part is fine now; API Authentication is the part I do not understand.,Trigonometry,Trigonometry | Torque,I want to learn about trigonometry. | The unit circle explanation was a bit much.,API Authentication,explicit_topic_reference,0.97,True,v3_3_boundary_slice:followup_opener_explicit_shift
topic_label_v3_3_discourse_00730,I think I am done with this example. Next I want Tire Pressure.,Regression Lines,Contract Law Basics | Typography | Air Pressure Systems | Regression Lines | Civil Liberties vs Civil Rights | Renewable Energy Grid | Osmosis | Food Webs | Cellular Respiration | Electricity | Executive Function | Tire Pressure | API Authentication | Electric Fields,I think Regression Lines is the topic I am on. | The example made sense while I was reading it.,Tire Pressure,explicit_topic_reference,0.95,True,v3_3_boundary_slice:followup_opener_explicit_shift
topic_label_v3_3_discourse_00731,"maybe this is a new topic, but that example helped. What about Tire Pressure?",Color Contrast,Tire Pressure | Color Contrast,I think Color Contrast is the topic I am on. | The example made sense while I was reading it.,Tire Pressure,explicit_topic_reference,0.90,True,v3_3_boundary_slice:followup_opener_explicit_shift
topic_label_v3_3_discourse_00732,"Not to derail things, but I think my real question is Event Loop.",Vector Search,Vector Search,We were talking about Vector Search. | I got the basic idea but not the deeper part.,Event Loop,explicit_topic_reference,0.97,True,v3_3_boundary_slice:followup_opener_explicit_shift
topic_label_v3_3_discourse_00733,"This may be a switch, but can you explain Cellular Respiration?",Gas Laws,Integrals | Gas Laws | Logarithms | Kinetic Energy,I think Gas Laws is the topic I am on. | The example made sense while I was reading it.,Cellular Respiration,explicit_topic_reference,0.94,True,v3_3_boundary_slice:followup_opener_explicit_shift
topic_label_v3_3_discourse_00734,Could we park Food Webs and do Treaty of Versailles instead?,Food Webs,Food Webs | Close Reading | Vector Search | Cold War Proxy Wars,I think Food Webs is the topic I am on. | The example made sense while I was reading it.,Treaty of Versailles,explicit_topic_reference,0.93,True,v3_3_boundary_slice:followup_opener_explicit_shift
topic_label_v3_3_discourse_00735,That cleared up enough. I want to start Photosynthesis now.,Correlation vs Causation,Correlation vs Causation | Environment Variables,We were talking about Correlation vs Causation. | I got the basic idea but not the deeper part.,Photosynthesis,explicit_topic_reference,0.94,True,v3_3_boundary_slice:followup_opener_explicit_shift
topic_label_v3_3_discourse_00736,Could we park Circuit Breakers and do Integrals instead?,Circuit Breakers,Groundwater | Insurance Deductible | Logical Fallacies | Defamation | Blind Spot Checks | Bayes Theorem | Torque | Gas Laws | Ocean Currents | Circuit Breakers | Color Contrast | Carbon Cycle | Electric Fields | Plea Bargains | Gesture Drawing | Food Webs | Photosynthesis,I asked about Circuit Breakers before. | I do not need more facts yet; I need the shape of it.,Integrals,explicit_topic_reference,0.91,True,v3_3_boundary_slice:followup_opener_explicit_shift
topic_label_v3_3_discourse_00737,"hmm, i do not think this is about Close Reading anymore. I think it is about Cellular Respiration.",Close Reading,Color Contrast | Action Potentials | Ocean Currents | Gas Laws | Lifetime Value | Insurance Deductible | Measuring Ingredients | Treaty of Versailles | Budgeting | Bayes Theorem | Reading Comprehension | Blind Spot Checks | Vector Search | Cold War Proxy Wars | Carbon Cycle | Close Reading | Topic Sentences | Blood Pressure Regulation | Caching | Sodium-Potassium Pump | Torque | Pragmatics | Food Webs | Electric Fields | API Authentication,Can you help me understand Close Reading? | The first explanation helped a little.,Cellular Respiration,explicit_topic_reference,0.94,True,v3_3_boundary_slice:followup_opener_explicit_shift
topic_label_v3_3_discourse_00738,Can we change topics to Contract Law Basics? The current one can wait.,Cellular Respiration,Cellular Respiration,I asked about Cellular Respiration before. | I do not need more facts yet; I need the shape of it.,Contract Law Basics,explicit_topic_reference,0.94,True,v3_3_boundary_slice:followup_opener_explicit_shift
topic_label_v3_3_discourse_00739,"That makes sense, but can we switch to Insurance Deductible?",Electric Fields,Insurance Deductible | Electric Fields,Can you help me understand Electric Fields? | The first explanation helped a little.,Insurance Deductible,explicit_topic_reference,0.90,True,v3_3_boundary_slice:followup_opener_explicit_shift
topic_label_v3_3_discourse_00740,I think I am done with this example. Next I want Civil Liberties vs Civil Rights.,Gas Laws,Plea Bargains | Dopamine | Pragmatics | Photosynthesis | Gas Laws | Logarithms | Quadratic Functions | Typography | Systems of Equations,I asked about Gas Laws before. | I do not need more facts yet; I need the shape of it.,Civil Liberties vs Civil Rights,explicit_topic_reference,0.91,True,v3_3_boundary_slice:followup_opener_explicit_shift
topic_label_v3_3_discourse_00741,I want to stop here and learn Torque from the beginning.,Ocean Currents,Plea Bargains | Resonance | Systems of Equations | Ocean Currents | Logarithms | Vector Search | Blind Spot Checks | Air Pressure Systems | Torque,,Torque,explicit_topic_reference,0.91,True,v3_3_boundary_slice:followup_opener_explicit_shift
topic_label_v3_3_discourse_00742,"Actually, different direction: I need help with Cold War Proxy Wars.",Correlation vs Causation,Correlation vs Causation,We were talking about Correlation vs Causation. | I got the basic idea but not the deeper part.,Cold War Proxy Wars,explicit_topic_reference,0.92,True,v3_3_boundary_slice:followup_opener_explicit_shift
topic_label_v3_3_discourse_00743,"Before we keep going, can we pivot to Gas Laws?",Preterite vs Imperfect,Preterite vs Imperfect | Sodium-Potassium Pump | Free Body Diagrams | Kidney Filtration,Can you help me understand Preterite vs Imperfect? | The first explanation helped a little.,Gas Laws,explicit_topic_reference,0.98,True,v3_3_boundary_slice:followup_opener_explicit_shift
topic_label_v3_3_discourse_00744,"This helped a lot, but I just realized I need OAuth Flow, not Groundwater.",Groundwater,Logical Fallacies | Derivatives | Plea Bargains | Blood Pressure Regulation | Sodium-Potassium Pump | Insurance Deductible | Groundwater,We were talking about Groundwater. | I got the basic idea but not the deeper part.,OAuth Flow,explicit_topic_reference,0.91,True,v3_3_boundary_slice:followup_opener_explicit_shift
topic_label_v3_3_discourse_00745,I want to stop here and learn Gesture Drawing from the beginning.,Close Reading,Reading Comprehension | Close Reading | Logarithms,We were talking about Close Reading. | I got the basic idea but not the deeper part.,Gesture Drawing,explicit_topic_reference,0.90,True,v3_3_boundary_slice:followup_opener_explicit_shift
topic_label_v3_3_discourse_00746,I do not think this is about Potential Energy anymore. I think it is about Supply and Demand.,Potential Energy,Potential Energy,Can you help me understand Potential Energy? | The first explanation helped a little.,Supply and Demand,explicit_topic_reference,0.93,True,v3_3_boundary_slice:followup_opener_explicit_shift
topic_label_v3_3_discourse_00747,I want to stop here and learn Reading Comprehension from the beginning.,Event Loop,Integrals | Reading Comprehension | Event Loop,Can you help me understand Event Loop? | The first explanation helped a little.,Reading Comprehension,explicit_topic_reference,0.97,True,v3_3_boundary_slice:followup_opener_explicit_shift
topic_label_v3_3_discourse_00748,That part is fine now; Potential Energy is the part I do not understand.,Systems of Equations,Electric Fields | Systems of Equations,I think Systems of Equations is the topic I am on. | The example made sense while I was reading it.,Potential Energy,explicit_topic_reference,0.94,True,v3_3_boundary_slice:followup_opener_explicit_shift
topic_label_v3_3_discourse_00749,small pivot: i want to stop here and learn Transit Planning from the beginning.,Cellular Respiration,Cellular Respiration,I asked about Cellular Respiration before. | I do not need more facts yet; I need the shape of it.,Transit Planning,explicit_topic_reference,0.90,True,v3_3_boundary_slice:followup_opener_explicit_shift
topic_label_v3_3_discourse_00750,"Actually, different direction: I need help with Ocean Currents.",Blood Pressure Regulation,Blood Pressure Regulation,Can you help me understand Blood Pressure Regulation? | The first explanation helped a little.,Ocean Currents,explicit_topic_reference,0.96,True,v3_3_boundary_slice:followup_opener_explicit_shift
topic_label_v3_3_discourse_00751,Could we park Dopamine and do Civil Liberties vs Civil Rights instead?,Dopamine,Dopamine,I want to understand dopamine. | The reward example helped but not fully.,Civil Liberties vs Civil Rights,explicit_topic_reference,0.97,True,v3_3_boundary_slice:followup_opener_explicit_shift
topic_label_v3_3_discourse_00752,"Actually, different direction: I need help with Cellular Respiration.",Pragmatics,Pragmatics | Potential Energy | Civil Liberties vs Civil Rights,We were talking about Pragmatics. | I got the basic idea but not the deeper part.,Cellular Respiration,explicit_topic_reference,0.91,True,v3_3_boundary_slice:followup_opener_explicit_shift
topic_label_v3_3_discourse_00753,Can we change topics to French Pronunciation? The current one can wait.,Potential Energy,Air Pressure Systems | Correlation vs Causation | Potential Energy,,French Pronunciation,explicit_topic_reference,0.98,True,v3_3_boundary_slice:followup_opener_explicit_shift
topic_label_v3_3_discourse_00754,"Actually, different direction: I need help with Blood Pressure Regulation.",Free Body Diagrams,Systems of Equations | Quadratic Functions | Free Body Diagrams,We were talking about Free Body Diagrams. | I got the basic idea but not the deeper part.,Blood Pressure Regulation,explicit_topic_reference,0.94,True,v3_3_boundary_slice:followup_opener_explicit_shift
topic_label_v3_3_discourse_00755,That cleared up enough. I want to start Blind Spot Checks now.,Photosynthesis,Photosynthesis | Quadratic Functions | Typography | Reinforcement Learning | Electricity | Defamation | Measuring Ingredients,,Blind Spot Checks,explicit_topic_reference,0.98,True,v3_3_boundary_slice:followup_opener_explicit_shift
topic_label_v3_3_discourse_00756,Can we change topics to Trigonometry? The current one can wait.,Photosynthesis,Fractions | Trigonometry | Photosynthesis,I think Photosynthesis is the topic I am on. | The example made sense while I was reading it.,Trigonometry,explicit_topic_reference,0.89,True,v3_3_boundary_slice:followup_opener_explicit_shift
topic_label_v3_3_discourse_00757,"maybe this is a new topic, but that example helped. What about Topic Sentences?",Quadratic Functions,Normal Distribution | Quadratic Functions,,Topic Sentences,explicit_topic_reference,0.98,True,v3_3_boundary_slice:followup_opener_explicit_shift
topic_label_v3_3_discourse_00758,Let’s leave Lifetime Value for a bit and talk about Logarithms.,Lifetime Value,Photosynthesis | Lifetime Value,We were talking about Lifetime Value. | I got the basic idea but not the deeper part.,Logarithms,explicit_topic_reference,0.97,True,v3_3_boundary_slice:followup_opener_explicit_shift
topic_label_v3_3_discourse_00759,That example helped. What about Contract Law Basics?,Executive Function,Bayes Theorem | Renewable Energy Grid | Measuring Ingredients | Fractions | Groundwater | Logical Fallacies | Entropy | Air Pressure Systems | API Authentication | Topic Sentences | Normal Distribution | Electric Fields | Cloud Formation | Plate Tectonics | Circuit Breakers | Dopamine | Executive Function,,Contract Law Basics,explicit_topic_reference,0.96,True,v3_3_boundary_slice:followup_opener_explicit_shift
topic_label_v3_3_discourse_00760,That part is fine now; Contract Law Basics is the part I do not understand.,Logarithms,Insurance Deductible | Contract Law Basics | Logarithms | Systems of Equations | Sodium-Potassium Pump,I think Logarithms is the topic I am on. | The example made sense while I was reading it.,Contract Law Basics,explicit_topic_reference,0.92,True,v3_3_boundary_slice:followup_opener_explicit_shift
topic_label_v3_3_discourse_00761,Can we change topics to Close Reading? The current one can wait.,Emotional Regulation,Ocean Currents | Air Pressure Systems | Reinforcement Learning | Contract Law Basics | Plate Tectonics | Cloud Formation | Entropy | Bayes Theorem | Emotional Regulation | Carbon Cycle | Cellular Respiration | Gas Laws | Insurance Deductible | Environment Variables | Logarithms | Photosynthesis | Close Reading | Reading Comprehension | Preterite vs Imperfect | Lifetime Value | Resonance | Caching | Regression Lines | Executive Function | Kinetic Energy,,Close Reading,explicit_topic_reference,0.94,True,v3_3_boundary_slice:followup_opener_explicit_shift
topic_label_v3_3_discourse_00762,small pivot: that example helped. What about Preterite vs Imperfect?,Logarithms,OAuth Flow | Executive Function | Treaty of Versailles | Confirmation Bias | Groundwater | Lifetime Value | Blind Spot Checks | Dopamine | Sodium-Potassium Pump | Cellular Respiration | Bayes Theorem | Food Webs | French Pronunciation | Plate Tectonics | Environment Variables | Renewable Energy Grid | Logarithms,Can you help me understand Logarithms? | The first explanation helped a little.,Preterite vs Imperfect,explicit_topic_reference,0.94,True,v3_3_boundary_slice:followup_opener_explicit_shift
topic_label_v3_3_discourse_00763,"Actually, different direction: I need help with Renewable Energy Grid.",Treaty of Versailles,Entropy | Budgeting | Renewable Energy Grid | Ocean Currents | Correlation vs Causation | Mitosis vs Meiosis | Measuring Ingredients | Vector Search | Preterite vs Imperfect | Inflation | Insurance Deductible | Groundwater | Supply and Demand | Action Potentials | Circuit Breakers | Derivatives | Gas Laws | Confirmation Bias | Air Pressure Systems | Event Loop | Reading Comprehension | Blood Pressure Regulation | Normal Distribution | Systems of Equations | Treaty of Versailles,I asked about Treaty of Versailles before. | I do not need more facts yet; I need the shape of it.,Renewable Energy Grid,explicit_topic_reference,0.94,True,v3_3_boundary_slice:followup_opener_explicit_shift
topic_label_v3_3_discourse_00764,Can we change topics to Color Contrast? The current one can wait.,Topic Sentences,Mitosis vs Meiosis | Topic Sentences | Torque,I think Topic Sentences is the topic I am on. | The example made sense while I was reading it.,Color Contrast,explicit_topic_reference,0.98,True,v3_3_boundary_slice:followup_opener_explicit_shift
topic_label_v3_3_discourse_00765,"I was asking about Renewable Energy Grid, but now the blocker is Executive Function.",Renewable Energy Grid,Renewable Energy Grid,Can you help me understand Renewable Energy Grid? | The first explanation helped a little.,Executive Function,explicit_topic_reference,0.89,True,v3_3_boundary_slice:followup_opener_explicit_shift
topic_label_v3_3_discourse_00766,"Ok, new question: how does Kidney Filtration work?",French Pronunciation,French Pronunciation | Kinetic Energy | Civil Liberties vs Civil Rights,I think French Pronunciation is the topic I am on. | The example made sense while I was reading it.,Kidney Filtration,explicit_topic_reference,0.92,True,v3_3_boundary_slice:followup_opener_explicit_shift
topic_label_v3_3_discourse_00767,"actually actually, i know we were on Executive Function, but Quadratic Functions is what I actually need for homework.",Executive Function,Executive Function,I asked about Executive Function before. | I do not need more facts yet; I need the shape of it.,Quadratic Functions,explicit_topic_reference,0.93,True,v3_3_boundary_slice:followup_opener_explicit_shift
topic_label_v3_3_discourse_00768,I am good on Osmosis for now. Can we do Topic Sentences?,Osmosis,Electricity | Color Contrast | Logical Fallacies | Sodium-Potassium Pump | Photosynthesis | Ocean Currents | Dopamine | Renewable Energy Grid | Osmosis | Kidney Filtration | Mitosis vs Meiosis | Carbon Cycle | Torque | Inflation | Event Loop | Action Potentials | Bayes Theorem,What is osmosis? | The membrane part is still fuzzy.,Topic Sentences,explicit_topic_reference,0.93,True,v3_3_boundary_slice:followup_opener_explicit_shift
topic_label_v3_3_discourse_00769,I do not think this is about OAuth Flow anymore. I think it is about Civil Liberties vs Civil Rights.,OAuth Flow,OAuth Flow,I think OAuth Flow is the topic I am on. | The example made sense while I was reading it.,Civil Liberties vs Civil Rights,explicit_topic_reference,0.95,True,v3_3_boundary_slice:followup_opener_explicit_shift
topic_label_v3_3_discourse_00770,"I was asking about Gesture Drawing, but now the blocker is Groundwater.",Gesture Drawing,Confirmation Bias | Resonance | Tire Pressure | Mitosis vs Meiosis | Wave-Particle Duality | Close Reading | Caching | Potential Energy | French Pronunciation | Defamation | Supply and Demand | Photosynthesis | Event Loop | Plea Bargains | Entropy | Measuring Ingredients | Environment Variables | Systems of Equations | Reinforcement Learning | Blind Spot Checks | Air Pressure Systems | Cold War Proxy Wars | Logarithms | Integrals | Gesture Drawing,I think Gesture Drawing is the topic I am on. | The example made sense while I was reading it.,Groundwater,explicit_topic_reference,0.89,True,v3_3_boundary_slice:followup_opener_explicit_shift
topic_label_v3_3_discourse_00771,"That makes sense, but can we switch to Cold War Proxy Wars?",Budgeting,Environment Variables | Logical Fallacies | Budgeting | Gas Laws,We were talking about Budgeting. | I got the basic idea but not the deeper part.,Cold War Proxy Wars,explicit_topic_reference,0.92,True,v3_3_boundary_slice:followup_opener_explicit_shift
topic_label_v3_3_discourse_00772,"Ok, new question: how does Sodium-Potassium Pump work?",Air Pressure Systems,Blood Pressure Regulation | Supply and Demand | Air Pressure Systems | Sodium-Potassium Pump,I think Air Pressure Systems is the topic I am on. | The example made sense while I was reading it.,Sodium-Potassium Pump,explicit_topic_reference,0.95,True,v3_3_boundary_slice:followup_opener_explicit_shift
topic_label_v3_3_discourse_00773,"Cool, but the thing I actually need next is Systems of Equations.",Topic Sentences,Carbon Cycle | Systems of Equations | Topic Sentences | Plate Tectonics,,Systems of Equations,explicit_topic_reference,0.91,True,v3_3_boundary_slice:followup_opener_explicit_shift
topic_label_v3_3_discourse_00774,"maybe this is a new topic, but i do not think this is about Resonance anymore. I think it is about Logical Fallacies.",Resonance,Resonance | Gesture Drawing | Passive Voice | Reinforcement Learning | Quadratic Functions | Contract Law Basics | OAuth Flow | Integrals | Potential Energy | Ocean Currents | Vector Search | Inflation | Action Potentials,We were talking about Resonance. | I got the basic idea but not the deeper part.,Logical Fallacies,explicit_topic_reference,0.92,True,v3_3_boundary_slice:followup_opener_explicit_shift
topic_label_v3_3_discourse_00775,Let’s leave Executive Function for a bit and talk about Regression Lines.,Executive Function,Regression Lines | Executive Function | Kinetic Energy,,Regression Lines,explicit_topic_reference,0.90,True,v3_3_boundary_slice:followup_opener_explicit_shift
topic_label_v3_3_discourse_00776,That example helped. What about Mitosis vs Meiosis?,Torque,Resonance | Systems of Equations | Bayes Theorem | Torque | Reinforcement Learning | Plea Bargains | Mitosis vs Meiosis | Logarithms | Caching | Wave-Particle Duality,We were talking about Torque. | I got the basic idea but not the deeper part.,Mitosis vs Meiosis,explicit_topic_reference,0.95,True,v3_3_boundary_slice:followup_opener_explicit_shift
topic_label_v3_3_discourse_00777,That example helped. What about Integrals?,Photosynthesis,Normal Distribution | Electric Fields | Preterite vs Imperfect | Integrals | Pragmatics | Treaty of Versailles | Supply and Demand | Potential Energy | Torque | Correlation vs Causation | Blood Pressure Regulation | Budgeting | Kidney Filtration | Topic Sentences | Contract Law Basics | Bayes Theorem | Derivatives | Wave-Particle Duality | Carbon Cycle | Osmosis | Dopamine | Kinetic Energy | Mitosis vs Meiosis | Cloud Formation | Photosynthesis,,Integrals,explicit_topic_reference,0.91,True,v3_3_boundary_slice:followup_opener_explicit_shift
topic_label_v3_3_discourse_00778,Let’s leave Tokenization for a bit and talk about Dopamine.,Tokenization,Tokenization,I asked about Tokenization before. | I do not need more facts yet; I need the shape of it.,Dopamine,explicit_topic_reference,0.91,True,v3_3_boundary_slice:followup_opener_explicit_shift
topic_label_v3_3_discourse_00779,"I know we were on Carbon Cycle, but Cold War Proxy Wars is what I actually need for homework.",Carbon Cycle,Preterite vs Imperfect | Topic Sentences | Plea Bargains | Osmosis | Photosynthesis | Wave-Particle Duality | Derivatives | Budgeting | Systems of Equations | Carbon Cycle | Logarithms | Gas Laws | Gesture Drawing | Potential Energy | Ocean Currents | Correlation vs Causation | Civil Liberties vs Civil Rights | Mitosis vs Meiosis | Cellular Respiration | Cold War Proxy Wars | Emotional Regulation | Action Potentials | Electricity | Transit Planning | Environment Variables,,Cold War Proxy Wars,explicit_topic_reference,0.89,True,v3_3_boundary_slice:followup_opener_explicit_shift
topic_label_v3_3_discourse_00780,I want to stop here and learn Food Webs from the beginning.,Integrals,Integrals,I asked about Integrals before. | I do not need more facts yet; I need the shape of it.,Food Webs,explicit_topic_reference,0.93,True,v3_3_boundary_slice:followup_opener_explicit_shift
topic_label_v3_3_discourse_00781,Could we park Trigonometry and do Systems of Equations instead?,Trigonometry,Trigonometry,I asked about Trigonometry before. | I do not need more facts yet; I need the shape of it.,Systems of Equations,explicit_topic_reference,0.92,True,v3_3_boundary_slice:followup_opener_explicit_shift
topic_label_v3_3_discourse_00782,The current thing is less confusing now; the next topic I need is Insurance Deductible.,Color Contrast,Color Contrast | Insurance Deductible,Can you help me understand Color Contrast? | The first explanation helped a little.,Insurance Deductible,explicit_topic_reference,0.89,True,v3_3_boundary_slice:followup_opener_explicit_shift
topic_label_v3_3_discourse_00783,Can we change topics to Tire Pressure? The current one can wait.,OAuth Flow,OAuth Flow,,Tire Pressure,explicit_topic_reference,0.89,True,v3_3_boundary_slice:followup_opener_explicit_shift
topic_label_v3_3_discourse_00784,"hmm, okay, I get that part — now I want to learn about Correlation vs Causation.",Wave-Particle Duality,Wave-Particle Duality | Logical Fallacies | Bayes Theorem | Trigonometry | Ocean Currents | Transit Planning | Electricity | Close Reading | Correlation vs Causation | Insurance Deductible,I do not understand light being both a wave and a particle. | The wave example helped a little.,Correlation vs Causation,explicit_topic_reference,0.91,True,v3_3_boundary_slice:followup_opener_explicit_shift
topic_label_v3_3_discourse_00785,"I was asking about Color Contrast, but now the blocker is Event Loop.",Color Contrast,Passive Voice | Preterite vs Imperfect | Lifetime Value | Caching | Cloud Formation | French Pronunciation | Contract Law Basics | Vector Search | Electricity | Reinforcement Learning | Color Contrast | Executive Function | Action Potentials,I think Color Contrast is the topic I am on. | The example made sense while I was reading it.,Event Loop,explicit_topic_reference,0.96,True,v3_3_boundary_slice:followup_opener_explicit_shift
topic_label_v3_3_discourse_00786,"Cool, but the thing I actually need next is Logarithms.",Carbon Cycle,Carbon Cycle,I think Carbon Cycle is the topic I am on. | The example made sense while I was reading it.,Logarithms,explicit_topic_reference,0.90,True,v3_3_boundary_slice:followup_opener_explicit_shift
topic_label_v3_3_discourse_00787,I am good on Normal Distribution for now. Can we do Integrals?,Normal Distribution,Normal Distribution | Inflation | Environment Variables,Can you help me understand Normal Distribution? | The first explanation helped a little.,Integrals,explicit_topic_reference,0.89,True,v3_3_boundary_slice:followup_opener_explicit_shift
topic_label_v3_3_discourse_00788,"Before we keep going, can we pivot to Budgeting?",Inflation,Inflation,I think Inflation is the topic I am on. | The example made sense while I was reading it.,Budgeting,explicit_topic_reference,0.92,True,v3_3_boundary_slice:followup_opener_explicit_shift
topic_label_v3_3_discourse_00789,"Before we keep going, can we pivot to Groundwater?",Cloud Formation,Cloud Formation,Can you help me understand Cloud Formation? | The first explanation helped a little.,Groundwater,explicit_topic_reference,0.92,True,v3_3_boundary_slice:followup_opener_explicit_shift
topic_label_v3_3_discourse_00790,I want to stop here and learn OAuth Flow from the beginning.,Circuit Breakers,Environment Variables | Mitosis vs Meiosis | Reinforcement Learning | Sodium-Potassium Pump | Photosynthesis | Color Contrast | Circuit Breakers | Bayes Theorem | Groundwater | Electricity | Insurance Deductible | Kinetic Energy | Tire Pressure | Regression Lines | Entropy | Ocean Currents | Inflation | Confirmation Bias | Executive Function | Blind Spot Checks | Event Loop | Contract Law Basics | Budgeting | Cloud Formation | Transit Planning,I think Circuit Breakers is the topic I am on. | The example made sense while I was reading it.,OAuth Flow,explicit_topic_reference,0.90,True,v3_3_boundary_slice:followup_opener_explicit_shift
topic_label_v3_3_discourse_00791,"not gonna lie, i do not think this is about Derivatives anymore. I think it is about Carbon Cycle.",Derivatives,Resonance | Osmosis | Reinforcement Learning | Logarithms | Close Reading | Dopamine | Passive Voice | Preterite vs Imperfect | Quadratic Functions | Emotional Regulation | Kinetic Energy | Derivatives | Civil Liberties vs Civil Rights | Budgeting | Reading Comprehension | Photosynthesis | Tokenization,We were talking about Derivatives. | I got the basic idea but not the deeper part.,Carbon Cycle,explicit_topic_reference,0.93,True,v3_3_boundary_slice:followup_opener_explicit_shift
topic_label_v3_3_discourse_00792,"not gonna lie, could we park Inflation and do Kinetic Energy instead?",Inflation,Close Reading | Regression Lines | Contract Law Basics | Executive Function | Resonance | Torque | Reading Comprehension | Integrals | Cold War Proxy Wars | Pragmatics | Circuit Breakers | Groundwater | Renewable Energy Grid | Free Body Diagrams | Carbon Cycle | Inflation | Correlation vs Causation | Kinetic Energy | Logarithms | Cloud Formation | Color Contrast | Air Pressure Systems | Dopamine | Mitosis vs Meiosis | Systems of Equations,I asked about Inflation before. | I do not need more facts yet; I need the shape of it.,Kinetic Energy,explicit_topic_reference,0.92,True,v3_3_boundary_slice:followup_opener_explicit_shift
topic_label_v3_3_discourse_00793,"This helped a lot, but I just realized I need Plea Bargains, not Confirmation Bias.",Confirmation Bias,Electricity | Systems of Equations | Confirmation Bias,I asked about Confirmation Bias before. | I do not need more facts yet; I need the shape of it.,Plea Bargains,explicit_topic_reference,0.96,True,v3_3_boundary_slice:followup_opener_explicit_shift
topic_label_v3_3_discourse_00794,"Now that I sort of get Systems of Equations, I want to understand Kinetic Energy.",Systems of Equations,Color Contrast | Budgeting | Supply and Demand | Systems of Equations | Caching | Contract Law Basics | Air Pressure Systems,Can you help me understand Systems of Equations? | The first explanation helped a little.,Kinetic Energy,explicit_topic_reference,0.95,True,v3_3_boundary_slice:followup_opener_explicit_shift
topic_label_v3_3_discourse_00795,"I know we were on Color Contrast, but Transit Planning is what I actually need for homework.",Color Contrast,Transit Planning | Color Contrast,,Transit Planning,explicit_topic_reference,0.97,True,v3_3_boundary_slice:followup_opener_explicit_shift
topic_label_v3_3_discourse_00796,"Before we keep going, can we pivot to Tokenization?",Ocean Currents,Tokenization | Civil Liberties vs Civil Rights | Close Reading | Ocean Currents,,Tokenization,explicit_topic_reference,0.95,True,v3_3_boundary_slice:followup_opener_explicit_shift
topic_label_v3_3_discourse_00797,I think I am done with this example. Next I want Plate Tectonics.,Transit Planning,Supply and Demand | Logical Fallacies | Dopamine | Trigonometry | Quadratic Functions | Treaty of Versailles | Color Contrast | Transit Planning | Close Reading,We were talking about Transit Planning. | I got the basic idea but not the deeper part.,Plate Tectonics,explicit_topic_reference,0.96,True,v3_3_boundary_slice:followup_opener_explicit_shift
topic_label_v3_3_discourse_00798,"Actually, different direction: I need help with Plate Tectonics.",Topic Sentences,Topic Sentences,,Plate Tectonics,explicit_topic_reference,0.97,True,v3_3_boundary_slice:followup_opener_explicit_shift
topic_label_v3_3_discourse_00799,I do not think this is about Bayes Theorem anymore. I think it is about Cellular Respiration.,Bayes Theorem,Reading Comprehension | Preterite vs Imperfect | Vector Search | Defamation | Dopamine | Ocean Currents | Budgeting | Entropy | Systems of Equations | Plate Tectonics | Insurance Deductible | Electricity | Event Loop | Free Body Diagrams | Bayes Theorem | Passive Voice | Tire Pressure,I asked about Bayes Theorem before. | I do not need more facts yet; I need the shape of it.,Cellular Respiration,explicit_topic_reference,0.91,True,v3_3_boundary_slice:followup_opener_explicit_shift
topic_label_v3_3_discourse_00800,"maybe this is a new topic, but i know we were on Free Body Diagrams, but Contract Law Basics is what I actually need for homework.",Free Body Diagrams,Measuring Ingredients | Color Contrast | Torque | Regression Lines | Dopamine | Vector Search | Event Loop | Free Body Diagrams | Inflation | Quadratic Functions | Supply and Demand | Ocean Currents | Carbon Cycle | Circuit Breakers | Topic Sentences | Electric Fields | Integrals,I asked about Free Body Diagrams before. | I do not need more facts yet; I need the shape of it.,Contract Law Basics,explicit_topic_reference,0.98,True,v3_3_boundary_slice:followup_opener_explicit_shift
topic_label_v3_3_discourse_00801,"This helped, but now I want to understand Groundwater.",Lifetime Value,Lifetime Value,,Groundwater,explicit_topic_reference,0.91,True,v3_3_boundary_slice:followup_opener_explicit_shift
topic_label_v3_3_discourse_00802,"not gonna lie, i know we were on Vector Search, but Bayes Theorem is what I actually need for homework.",Vector Search,Electricity | Vector Search | Insurance Deductible,I think Vector Search is the topic I am on. | The example made sense while I was reading it.,Bayes Theorem,explicit_topic_reference,0.94,True,v3_3_boundary_slice:followup_opener_explicit_shift
topic_label_v3_3_discourse_00803,The current thing is less confusing now; the next topic I need is Blind Spot Checks.,Wave-Particle Duality,Caching | Wave-Particle Duality | Emotional Regulation | Entropy | Integrals | Inflation | Typography | Pragmatics | Regression Lines | Blood Pressure Regulation | Logarithms | OAuth Flow | Renewable Energy Grid | Confirmation Bias | Topic Sentences | Kinetic Energy | Transit Planning,I asked about Wave-Particle Duality before. | I do not need more facts yet; I need the shape of it.,Blind Spot Checks,explicit_topic_reference,0.89,True,v3_3_boundary_slice:followup_opener_explicit_shift
topic_label_v3_3_discourse_00804,"ok wait, this may be a switch, but can you explain OAuth Flow?",Tire Pressure,Tire Pressure,I asked about Tire Pressure before. | I do not need more facts yet; I need the shape of it.,OAuth Flow,explicit_topic_reference,0.90,True,v3_3_boundary_slice:followup_opener_explicit_shift
topic_label_v3_3_discourse_00805,"Okay, I get that part — now I want to learn about Electricity.",Photosynthesis,Vector Search | Resonance | Photosynthesis,Can you help me understand Photosynthesis? | The first explanation helped a little.,Electricity,explicit_topic_reference,0.93,True,v3_3_boundary_slice:followup_opener_explicit_shift
topic_label_v3_3_discourse_00806,"This helped a lot, but I just realized I need Quadratic Functions, not Sodium-Potassium Pump.",Sodium-Potassium Pump,Sodium-Potassium Pump,I asked about Sodium-Potassium Pump before. | I do not need more facts yet; I need the shape of it.,Quadratic Functions,explicit_topic_reference,0.97,True,v3_3_boundary_slice:followup_opener_explicit_shift
topic_label_v3_3_discourse_00807,That example helped. What about Quadratic Functions?,Tire Pressure,Tire Pressure | Quadratic Functions,I asked about Tire Pressure before. | I do not need more facts yet; I need the shape of it.,Quadratic Functions,explicit_topic_reference,0.94,True,v3_3_boundary_slice:followup_opener_explicit_shift
topic_label_v3_3_discourse_00808,Could we park Food Webs and do Resonance instead?,Food Webs,Food Webs,We were talking about Food Webs. | I got the basic idea but not the deeper part.,Resonance,explicit_topic_reference,0.97,True,v3_3_boundary_slice:followup_opener_explicit_shift
topic_label_v3_3_discourse_00809,Could we park Inflation and do Environment Variables instead?,Inflation,Quadratic Functions | Inflation | Electricity | Action Potentials,We were talking about Inflation. | I got the basic idea but not the deeper part.,Environment Variables,explicit_topic_reference,0.95,True,v3_3_boundary_slice:followup_opener_explicit_shift
topic_label_v3_3_discourse_00810,The current thing is less confusing now; the next topic I need is Food Webs.,Color Contrast,Electricity | Tire Pressure | Electric Fields | Confirmation Bias | Kinetic Energy | Osmosis | Action Potentials | Logical Fallacies | Kidney Filtration | API Authentication | Blood Pressure Regulation | Reinforcement Learning | Carbon Cycle | Photosynthesis | Trigonometry | Gesture Drawing | Caching | Treaty of Versailles | Preterite vs Imperfect | Vector Search | Typography | Topic Sentences | Renewable Energy Grid | Defamation | Color Contrast,,Food Webs,explicit_topic_reference,0.91,True,v3_3_boundary_slice:followup_opener_explicit_shift
topic_label_v3_3_discourse_00811,Let’s leave Blood Pressure Regulation for a bit and talk about Caching.,Blood Pressure Regulation,Blood Pressure Regulation | Dopamine | Tire Pressure,I asked about Blood Pressure Regulation before. | I do not need more facts yet; I need the shape of it.,Caching,explicit_topic_reference,0.94,True,v3_3_boundary_slice:followup_opener_explicit_shift
topic_label_v3_3_discourse_00812,That cleared up enough. I want to start Insurance Deductible now.,Kinetic Energy,Kinetic Energy | Derivatives | Renewable Energy Grid,Can you help me understand Kinetic Energy? | The first explanation helped a little.,Insurance Deductible,explicit_topic_reference,0.94,True,v3_3_boundary_slice:followup_opener_explicit_shift
topic_label_v3_3_discourse_00813,"This may be a switch, but can you explain Budgeting?",Trigonometry,Groundwater | Osmosis | Plate Tectonics | Free Body Diagrams | Trigonometry | Carbon Cycle | Environment Variables | Kinetic Energy | Photosynthesis | Kidney Filtration | Cold War Proxy Wars | Derivatives | Gesture Drawing | Transit Planning | Ocean Currents | Insurance Deductible | Entropy,I want to learn about trigonometry. | The unit circle explanation was a bit much.,Budgeting,explicit_topic_reference,0.91,True,v3_3_boundary_slice:followup_opener_explicit_shift
topic_label_v3_3_discourse_00814,"This helped a lot, but I just realized I need Contract Law Basics, not Supply and Demand.",Supply and Demand,Supply and Demand | Dopamine | API Authentication | Defamation | Color Contrast | Measuring Ingredients | Resonance | Vector Search | Potential Energy | Wave-Particle Duality | Air Pressure Systems | Contract Law Basics | Bayes Theorem,I asked about Supply and Demand before. | I do not need more facts yet; I need the shape of it.,Contract Law Basics,explicit_topic_reference,0.92,True,v3_3_boundary_slice:followup_opener_explicit_shift
topic_label_v3_3_discourse_00815,"This helped a lot, but I just realized I need Plate Tectonics, not Circuit Breakers.",Circuit Breakers,Vector Search | Circuit Breakers,I asked about Circuit Breakers before. | I do not need more facts yet; I need the shape of it.,Plate Tectonics,explicit_topic_reference,0.93,True,v3_3_boundary_slice:followup_opener_explicit_shift
topic_label_v3_3_discourse_00816,"Actually, different direction: I need help with Action Potentials.",Measuring Ingredients,Action Potentials | Cellular Respiration | Plea Bargains | Entropy | Measuring Ingredients | Groundwater | Correlation vs Causation | Gas Laws | Caching | Free Body Diagrams | Dopamine | French Pronunciation | Vector Search,Can you help me understand Measuring Ingredients? | The first explanation helped a little.,Action Potentials,explicit_topic_reference,0.92,True,v3_3_boundary_slice:followup_opener_explicit_shift
topic_label_v3_3_discourse_00817,"hmm, that cleared up enough. I want to start Reading Comprehension now.",Ocean Currents,Kinetic Energy | Ocean Currents | Treaty of Versailles | Sodium-Potassium Pump | Carbon Cycle | Event Loop | Reading Comprehension | Integrals | Supply and Demand | Bayes Theorem,I think Ocean Currents is the topic I am on. | The example made sense while I was reading it.,Reading Comprehension,explicit_topic_reference,0.90,True,v3_3_boundary_slice:followup_opener_explicit_shift
topic_label_v3_3_discourse_00818,"This helped, but now I want to understand Close Reading.",Electricity,Groundwater | Electricity | Reinforcement Learning,Can you help me understand Electricity? | The first explanation helped a little.,Close Reading,explicit_topic_reference,0.96,True,v3_3_boundary_slice:followup_opener_explicit_shift
topic_label_v3_3_discourse_00819,"Ok, new question: how does Tire Pressure work?",Blood Pressure Regulation,Blood Pressure Regulation,I think Blood Pressure Regulation is the topic I am on. | The example made sense while I was reading it.,Tire Pressure,explicit_topic_reference,0.95,True,v3_3_boundary_slice:followup_opener_explicit_shift
topic_label_v3_3_discourse_00820,"Actually, different direction: I need help with Vector Search.",Regression Lines,Transit Planning | Vector Search | Electric Fields | Integrals | Typography | Regression Lines | Measuring Ingredients | Environment Variables,,Vector Search,explicit_topic_reference,0.93,True,v3_3_boundary_slice:followup_opener_explicit_shift
topic_label_v3_3_discourse_00821,I think I am done with this example. Next I want Quadratic Functions.,Dopamine,Dopamine,I want to understand dopamine. | The reward example helped but not fully.,Quadratic Functions,explicit_topic_reference,0.90,True,v3_3_boundary_slice:followup_opener_explicit_shift
topic_label_v3_3_discourse_00822,That part is fine now; Kinetic Energy is the part I do not understand.,Wave-Particle Duality,Wave-Particle Duality,Can you help me understand Wave-Particle Duality? | The first explanation helped a little.,Kinetic Energy,explicit_topic_reference,0.91,True,v3_3_boundary_slice:followup_opener_explicit_shift
topic_label_v3_3_discourse_00823,"Actually, different direction: I need help with Action Potentials.",API Authentication,Emotional Regulation | API Authentication | Supply and Demand,I asked about API Authentication before. | I do not need more facts yet; I need the shape of it.,Action Potentials,explicit_topic_reference,0.94,True,v3_3_boundary_slice:followup_opener_explicit_shift
topic_label_v3_3_discourse_00824,"Before we keep going, can we pivot to Topic Sentences?",Cloud Formation,Ocean Currents | Correlation vs Causation | Blood Pressure Regulation | Systems of Equations | Potential Energy | Trigonometry | Cloud Formation | Air Pressure Systems | Resonance | Sodium-Potassium Pump | Circuit Breakers | Close Reading | API Authentication | Derivatives | Torque | Bayes Theorem | Wave-Particle Duality,Can you help me understand Cloud Formation? | The first explanation helped a little.,Topic Sentences,explicit_topic_reference,0.90,True,v3_3_boundary_slice:followup_opener_explicit_shift
topic_label_v3_3_discourse_00825,That example helped. What about Plea Bargains?,Action Potentials,Emotional Regulation | Osmosis | Inflation | Correlation vs Causation | Resonance | Groundwater | Air Pressure Systems | Regression Lines | Reading Comprehension | Action Potentials | Caching | Cloud Formation | Integrals | Pragmatics | Bayes Theorem | Close Reading | Renewable Energy Grid,I think Action Potentials is the topic I am on. | The example made sense while I was reading it.,Plea Bargains,explicit_topic_reference,0.96,True,v3_3_boundary_slice:followup_opener_explicit_shift
topic_label_v3_3_discourse_00826,"That makes sense, but can we switch to Measuring Ingredients?",Sodium-Potassium Pump,Sodium-Potassium Pump,Can you help me understand Sodium-Potassium Pump? | The first explanation helped a little.,Measuring Ingredients,explicit_topic_reference,0.92,True,v3_3_boundary_slice:followup_opener_explicit_shift
topic_label_v3_3_discourse_00827,"Now that I sort of get Regression Lines, I want to understand Carbon Cycle.",Regression Lines,Contract Law Basics | Typography | Free Body Diagrams | Regression Lines | Gesture Drawing | Blood Pressure Regulation | Pragmatics,Can you help me understand Regression Lines? | The first explanation helped a little.,Carbon Cycle,explicit_topic_reference,0.93,True,v3_3_boundary_slice:followup_opener_explicit_shift
topic_label_v3_3_discourse_00828,Could we park Cloud Formation and do Pragmatics instead?,Cloud Formation,Cloud Formation | Supply and Demand | Inflation | Plate Tectonics | OAuth Flow | Preterite vs Imperfect | Photosynthesis | Pragmatics | Logical Fallacies | Dopamine | Lifetime Value | Regression Lines | Tire Pressure,,Pragmatics,explicit_topic_reference,0.96,True,v3_3_boundary_slice:followup_opener_explicit_shift
topic_label_v3_3_discourse_00829,"This helped a lot, but I just realized I need Event Loop, not Cold War Proxy Wars.",Cold War Proxy Wars,Cold War Proxy Wars,I think Cold War Proxy Wars is the topic I am on. | The example made sense while I was reading it.,Event Loop,explicit_topic_reference,0.89,True,v3_3_boundary_slice:followup_opener_explicit_shift
topic_label_v3_3_discourse_00830,"Ok, new question: how does Transit Planning work?",Entropy,Entropy,I think Entropy is the topic I am on. | The example made sense while I was reading it.,Transit Planning,explicit_topic_reference,0.90,True,v3_3_boundary_slice:followup_opener_explicit_shift
topic_label_v3_3_discourse_00831,Could we park Budgeting and do Circuit Breakers instead?,Budgeting,Circuit Breakers | Budgeting,I think Budgeting is the topic I am on. | The example made sense while I was reading it.,Circuit Breakers,explicit_topic_reference,0.93,True,v3_3_boundary_slice:followup_opener_explicit_shift
topic_label_v3_3_discourse_00832,"I was asking about Torque, but now the blocker is Reading Comprehension.",Torque,OAuth Flow | Torque | Color Contrast,We were talking about Torque. | I got the basic idea but not the deeper part.,Reading Comprehension,explicit_topic_reference,0.92,True,v3_3_boundary_slice:followup_opener_explicit_shift
topic_label_v3_3_discourse_00833,That cleared up enough. I want to start Tokenization now.,Ocean Currents,Ocean Currents | Regression Lines,,Tokenization,explicit_topic_reference,0.91,True,v3_3_boundary_slice:followup_opener_explicit_shift
topic_label_v3_3_discourse_00834,"This helped, but now I want to understand Entropy.",Gas Laws,Vector Search | Insurance Deductible | Kinetic Energy | Blood Pressure Regulation | Derivatives | Gas Laws | Reading Comprehension,I asked about Gas Laws before. | I do not need more facts yet; I need the shape of it.,Entropy,explicit_topic_reference,0.95,True,v3_3_boundary_slice:followup_opener_explicit_shift
topic_label_v3_3_discourse_00835,That part is fine now; Emotional Regulation is the part I do not understand.,Gesture Drawing,Torque | Event Loop | Gesture Drawing | Kinetic Energy | Renewable Energy Grid | Resonance | Emotional Regulation | Contract Law Basics | Lifetime Value | Passive Voice | Pragmatics | Systems of Equations | Tire Pressure | Wave-Particle Duality | Sodium-Potassium Pump | Tokenization | Potential Energy | Measuring Ingredients | Kidney Filtration | Blind Spot Checks | OAuth Flow | Circuit Breakers | Budgeting | Food Webs | Supply and Demand,Can you help me understand Gesture Drawing? | The first explanation helped a little.,Emotional Regulation,explicit_topic_reference,0.91,True,v3_3_boundary_slice:followup_opener_explicit_shift
topic_label_v3_3_discourse_00836,I am good on Topic Sentences for now. Can we do Integrals?,Topic Sentences,Topic Sentences,I think Topic Sentences is the topic I am on. | The example made sense while I was reading it.,Integrals,explicit_topic_reference,0.91,True,v3_3_boundary_slice:followup_opener_explicit_shift
topic_label_v3_3_discourse_00837,That cleared up enough. I want to start Correlation vs Causation now.,Osmosis,Trigonometry | Osmosis | Action Potentials | Cellular Respiration,What is osmosis? | The membrane part is still fuzzy.,Correlation vs Causation,explicit_topic_reference,0.98,True,v3_3_boundary_slice:followup_opener_explicit_shift
topic_label_v3_3_discourse_00838,"Cool, but the thing I actually need next is Electricity.",Budgeting,Blind Spot Checks | Measuring Ingredients | Photosynthesis | Electricity | Budgeting,Can you help me understand Budgeting? | The first explanation helped a little.,Electricity,explicit_topic_reference,0.91,True,v3_3_boundary_slice:followup_opener_explicit_shift
topic_label_v3_3_discourse_00839,"maybe this is a new topic, but that cleared up enough. I want to start Torque now.",Air Pressure Systems,Torque | Air Pressure Systems | Free Body Diagrams | Derivatives,We were talking about Air Pressure Systems. | I got the basic idea but not the deeper part.,Torque,explicit_topic_reference,0.95,True,v3_3_boundary_slice:followup_opener_explicit_shift
topic_label_v3_3_discourse_00840,"Before we keep going, can we pivot to Electric Fields?",Circuit Breakers,Circuit Breakers | Measuring Ingredients | Electric Fields,,Electric Fields,explicit_topic_reference,0.92,True,v3_3_boundary_slice:followup_opener_explicit_shift
topic_label_v3_3_discourse_00841,I think I understand this one. Could we move to Potential Energy?,Passive Voice,Vector Search | Carbon Cycle | Transit Planning | Torque | Dopamine | Plate Tectonics | Circuit Breakers | Systems of Equations | Groundwater | Free Body Diagrams | Potential Energy | Passive Voice | OAuth Flow,We were talking about Passive Voice. | I got the basic idea but not the deeper part.,Potential Energy,explicit_topic_reference,0.94,True,v3_3_boundary_slice:followup_opener_explicit_shift
topic_label_v3_3_discourse_00842,small pivot: i do not think this is about Cloud Formation anymore. I think it is about Vector Search.,Cloud Formation,Cloud Formation | Food Webs | Bayes Theorem | Kinetic Energy | Executive Function | Electricity | Osmosis | Measuring Ingredients | Wave-Particle Duality | Preterite vs Imperfect | Lifetime Value | Vector Search | Sodium-Potassium Pump | Tire Pressure | Torque | Potential Energy | Free Body Diagrams,I asked about Cloud Formation before. | I do not need more facts yet; I need the shape of it.,Vector Search,explicit_topic_reference,0.96,True,v3_3_boundary_slice:followup_opener_explicit_shift
topic_label_v3_3_discourse_00843,I am good on Free Body Diagrams for now. Can we do Topic Sentences?,Free Body Diagrams,Free Body Diagrams | Integrals | Vector Search,We were talking about Free Body Diagrams. | I got the basic idea but not the deeper part.,Topic Sentences,explicit_topic_reference,0.91,True,v3_3_boundary_slice:followup_opener_explicit_shift
topic_label_v3_3_discourse_00844,I do not think this is about Tokenization anymore. I think it is about Environment Variables.,Tokenization,Tokenization,Can you help me understand Tokenization? | The first explanation helped a little.,Environment Variables,explicit_topic_reference,0.91,True,v3_3_boundary_slice:followup_opener_explicit_shift
topic_label_v3_3_discourse_00845,"This helped, but now I want to understand Cellular Respiration.",Integrals,Integrals | French Pronunciation | Reading Comprehension,We were talking about Integrals. | I got the basic idea but not the deeper part.,Cellular Respiration,explicit_topic_reference,0.91,True,v3_3_boundary_slice:followup_opener_explicit_shift
topic_label_v3_3_discourse_00846,That cleared up enough. I want to start Kidney Filtration now.,Correlation vs Causation,Contract Law Basics | Photosynthesis | Blood Pressure Regulation | Cloud Formation | Event Loop | Correlation vs Causation | Preterite vs Imperfect,We were talking about Correlation vs Causation. | I got the basic idea but not the deeper part.,Kidney Filtration,explicit_topic_reference,0.95,True,v3_3_boundary_slice:followup_opener_explicit_shift
topic_label_v3_3_discourse_00847,"This helped, but now I want to understand Event Loop.",Emotional Regulation,Emotional Regulation,I asked about Emotional Regulation before. | I do not need more facts yet; I need the shape of it.,Event Loop,explicit_topic_reference,0.92,True,v3_3_boundary_slice:followup_opener_explicit_shift
topic_label_v3_3_discourse_00848,small pivot: the current thing is less confusing now; the next topic I need is Electricity.,Action Potentials,Action Potentials,I think Action Potentials is the topic I am on. | The example made sense while I was reading it.,Electricity,explicit_topic_reference,0.90,True,v3_3_boundary_slice:followup_opener_explicit_shift
topic_label_v3_3_discourse_00849,"Cool, but the thing I actually need next is Kinetic Energy.",Correlation vs Causation,Pragmatics | Kidney Filtration | Inflation | Correlation vs Causation | Topic Sentences | Logarithms | Action Potentials | Blood Pressure Regulation | Cold War Proxy Wars,I asked about Correlation vs Causation before. | I do not need more facts yet; I need the shape of it.,Kinetic Energy,explicit_topic_reference,0.94,True,v3_3_boundary_slice:followup_opener_explicit_shift
topic_label_v3_3_discourse_00850,"Actually, different direction: I need help with Confirmation Bias.",Cellular Respiration,Measuring Ingredients | Entropy | Cellular Respiration | Fractions | Budgeting | OAuth Flow | Treaty of Versailles | Cloud Formation | Inflation | Ocean Currents | Osmosis | Blood Pressure Regulation | Carbon Cycle | API Authentication | Topic Sentences | Executive Function | Civil Liberties vs Civil Rights | Gesture Drawing | Systems of Equations | Action Potentials | Supply and Demand | Caching | Photosynthesis | Cold War Proxy Wars | Logical Fallacies,Can you help me understand Cellular Respiration? | The first explanation helped a little.,Confirmation Bias,explicit_topic_reference,0.97,True,v3_3_boundary_slice:followup_opener_explicit_shift
topic_label_v3_3_discourse_00851,"Before we keep going, can we pivot to Typography?",Action Potentials,Reinforcement Learning | Food Webs | Plate Tectonics | Sodium-Potassium Pump | Emotional Regulation | Photosynthesis | Tire Pressure | Environment Variables | Kinetic Energy | Supply and Demand | Derivatives | Cloud Formation | Bayes Theorem | Typography | Reading Comprehension | Kidney Filtration | API Authentication | Free Body Diagrams | Action Potentials | Air Pressure Systems | Close Reading | Groundwater | Budgeting | Defamation | Blind Spot Checks | Treaty of Versailles,I think Action Potentials is the topic I am on. | The example made sense while I was reading it.,Typography,explicit_topic_reference,0.89,True,v3_3_boundary_slice:followup_opener_explicit_shift
topic_label_v3_3_discourse_00852,"I was asking about Integrals, but now the blocker is Reading Comprehension.",Integrals,Reading Comprehension | Quadratic Functions | Integrals | Civil Liberties vs Civil Rights,I asked about Integrals before. | I do not need more facts yet; I need the shape of it.,Reading Comprehension,explicit_topic_reference,0.98,True,v3_3_boundary_slice:followup_opener_explicit_shift
topic_label_v3_3_discourse_00853,"maybe this is a new topic, but i am good on Cellular Respiration for now. Can we do Caching?",Cellular Respiration,Executive Function | Normal Distribution | Gesture Drawing | Cellular Respiration,,Caching,explicit_topic_reference,0.98,True,v3_3_boundary_slice:followup_opener_explicit_shift
topic_label_v3_3_discourse_00854,small pivot: i want to stop here and learn Vector Search from the beginning.,Osmosis,Osmosis,What is osmosis? | The membrane part is still fuzzy.,Vector Search,explicit_topic_reference,0.94,True,v3_3_boundary_slice:followup_opener_explicit_shift
topic_label_v3_3_discourse_00855,I think I understand this one. Could we move to Carbon Cycle?,Defamation,Defamation,I think Defamation is the topic I am on. | The example made sense while I was reading it.,Carbon Cycle,explicit_topic_reference,0.94,True,v3_3_boundary_slice:followup_opener_explicit_shift
topic_label_v3_3_discourse_00856,"hmm, now that I sort of get Normal Distribution, I want to understand Torque.",Normal Distribution,Logical Fallacies | Defamation | Supply and Demand | Normal Distribution,I asked about Normal Distribution before. | I do not need more facts yet; I need the shape of it.,Torque,explicit_topic_reference,0.92,True,v3_3_boundary_slice:followup_opener_explicit_shift
topic_label_v3_3_discourse_00857,"Cool, but the thing I actually need next is Plate Tectonics.",Contract Law Basics,Reading Comprehension | Action Potentials | Groundwater | Gesture Drawing | Mitosis vs Meiosis | Contract Law Basics | Emotional Regulation,I think Contract Law Basics is the topic I am on. | The example made sense while I was reading it.,Plate Tectonics,explicit_topic_reference,0.92,True,v3_3_boundary_slice:followup_opener_explicit_shift
topic_label_v3_3_discourse_00858,"ok wait, that part is fine now; Measuring Ingredients is the part I do not understand.",Lifetime Value,Budgeting | Trigonometry | Measuring Ingredients | Lifetime Value | Regression Lines | Reading Comprehension | Electric Fields | Cold War Proxy Wars,I think Lifetime Value is the topic I am on. | The example made sense while I was reading it.,Measuring Ingredients,explicit_topic_reference,0.90,True,v3_3_boundary_slice:followup_opener_explicit_shift
topic_label_v3_3_discourse_00859,"maybe this is a new topic, but could we park Vector Search and do API Authentication instead?",Vector Search,Vector Search,I asked about Vector Search before. | I do not need more facts yet; I need the shape of it.,API Authentication,explicit_topic_reference,0.95,True,v3_3_boundary_slice:followup_opener_explicit_shift
topic_label_v3_3_discourse_00860,I think I understand this one. Could we move to Transit Planning?,Torque,Torque | Transit Planning,Can you help me understand Torque? | The first explanation helped a little.,Transit Planning,explicit_topic_reference,0.91,True,v3_3_boundary_slice:followup_opener_explicit_shift
topic_label_v3_3_discourse_00861,"Cool, but the thing I actually need next is Circuit Breakers.",Pragmatics,Entropy | Photosynthesis | Pragmatics | Derivatives | Circuit Breakers | API Authentication | Regression Lines | Kidney Filtration,Can you help me understand Pragmatics? | The first explanation helped a little.,Circuit Breakers,explicit_topic_reference,0.95,True,v3_3_boundary_slice:followup_opener_explicit_shift
topic_label_v3_3_discourse_00862,"This helped a lot, but I just realized I need Budgeting, not Plate Tectonics.",Plate Tectonics,Plate Tectonics,,Budgeting,explicit_topic_reference,0.92,True,v3_3_boundary_slice:followup_opener_explicit_shift
topic_label_v3_3_discourse_00863,"Not to derail things, but I think my real question is Supply and Demand.",Electricity,Electricity,Can you explain electricity? | The charge-flow part is confusing.,Supply and Demand,explicit_topic_reference,0.92,True,v3_3_boundary_slice:followup_opener_explicit_shift
topic_label_v3_3_discourse_00864,"Not to derail things, but I think my real question is Integrals.",Photosynthesis,Defamation | Dopamine | Insurance Deductible | Gas Laws | Photosynthesis | OAuth Flow | Civil Liberties vs Civil Rights | Environment Variables | Event Loop | Contract Law Basics | Executive Function | Integrals | Mitosis vs Meiosis | Free Body Diagrams,I think Photosynthesis is the topic I am on. | The example made sense while I was reading it.,Integrals,explicit_topic_reference,0.89,True,v3_3_boundary_slice:followup_opener_explicit_shift
topic_label_v3_3_discourse_00865,I think I understand this one. Could we move to Environment Variables?,Plate Tectonics,Plate Tectonics,I asked about Plate Tectonics before. | I do not need more facts yet; I need the shape of it.,Environment Variables,explicit_topic_reference,0.94,True,v3_3_boundary_slice:followup_opener_explicit_shift
topic_label_v3_3_discourse_00866,"Not to derail things, but I think my real question is Logical Fallacies.",Supply and Demand,Supply and Demand | Logical Fallacies | Kinetic Energy,Can you help me understand Supply and Demand? | The first explanation helped a little.,Logical Fallacies,explicit_topic_reference,0.96,True,v3_3_boundary_slice:followup_opener_explicit_shift
topic_label_v3_3_discourse_00867,"Ok, new question: how does Blood Pressure Regulation work?",Lifetime Value,Preterite vs Imperfect | French Pronunciation | Civil Liberties vs Civil Rights | Cloud Formation | Kinetic Energy | Wave-Particle Duality | Typography | Derivatives | Lifetime Value | Insurance Deductible | Supply and Demand | Mitosis vs Meiosis | Fractions,We were talking about Lifetime Value. | I got the basic idea but not the deeper part.,Blood Pressure Regulation,explicit_topic_reference,0.92,True,v3_3_boundary_slice:followup_opener_explicit_shift
topic_label_v3_3_discourse_00868,"I know we were on Logarithms, but Groundwater is what I actually need for homework.",Logarithms,Circuit Breakers | Confirmation Bias | Cellular Respiration | Cloud Formation | Correlation vs Causation | Blind Spot Checks | Typography | Insurance Deductible | Close Reading | Logarithms | Blood Pressure Regulation | Gesture Drawing | Fractions | Derivatives | Color Contrast | Wave-Particle Duality | Electricity,We were talking about Logarithms. | I got the basic idea but not the deeper part.,Groundwater,explicit_topic_reference,0.95,True,v3_3_boundary_slice:followup_opener_explicit_shift
topic_label_v3_3_discourse_00869,"Now that I sort of get Typography, I want to understand Renewable Energy Grid.",Typography,Plate Tectonics | Typography | Quadratic Functions,I asked about Typography before. | I do not need more facts yet; I need the shape of it.,Renewable Energy Grid,explicit_topic_reference,0.92,True,v3_3_boundary_slice:followup_opener_explicit_shift
topic_label_v3_3_discourse_00870,"That makes sense, but can we switch to Caching?",Integrals,Integrals,I asked about Integrals before. | I do not need more facts yet; I need the shape of it.,Caching,explicit_topic_reference,0.94,True,v3_3_boundary_slice:followup_opener_explicit_shift
topic_label_v3_3_discourse_00871,"hmm, can we change topics to Electricity? The current one can wait.",API Authentication,Regression Lines | Entropy | Plate Tectonics | API Authentication | Normal Distribution | OAuth Flow | Tire Pressure,We were talking about API Authentication. | I got the basic idea but not the deeper part.,Electricity,explicit_topic_reference,0.92,True,v3_3_boundary_slice:followup_opener_explicit_shift
topic_label_v3_3_discourse_00872,"This helped, but now I want to understand Food Webs.",Logarithms,Transit Planning | Free Body Diagrams | Defamation | Photosynthesis | Budgeting | Gas Laws | Renewable Energy Grid | Plea Bargains | Circuit Breakers | Typography | Civil Liberties vs Civil Rights | Electricity | Logarithms | Systems of Equations | Reinforcement Learning | Vector Search | Contract Law Basics | Logical Fallacies | Treaty of Versailles | Topic Sentences | Quadratic Functions | Supply and Demand | Sodium-Potassium Pump | Wave-Particle Duality | Integrals,,Food Webs,explicit_topic_reference,0.89,True,v3_3_boundary_slice:followup_opener_explicit_shift
topic_label_v3_3_discourse_00873,Can we change topics to Defamation? The current one can wait.,Regression Lines,Regression Lines,We were talking about Regression Lines. | I got the basic idea but not the deeper part.,Defamation,explicit_topic_reference,0.94,True,v3_3_boundary_slice:followup_opener_explicit_shift
topic_label_v3_3_discourse_00874,"maybe this is a new topic, but this helped, but now I want to understand Systems of Equations.",Normal Distribution,Kinetic Energy | Normal Distribution,I asked about Normal Distribution before. | I do not need more facts yet; I need the shape of it.,Systems of Equations,explicit_topic_reference,0.97,True,v3_3_boundary_slice:followup_opener_explicit_shift
topic_label_v3_3_discourse_00875,"This helped, but now I want to understand Trigonometry.",Pragmatics,Pragmatics | Trigonometry,I asked about Pragmatics before. | I do not need more facts yet; I need the shape of it.,Trigonometry,explicit_topic_reference,0.90,True,v3_3_boundary_slice:followup_opener_explicit_shift
topic_label_v3_3_discourse_00876,"Before we keep going, can we pivot to Regression Lines?",OAuth Flow,Logical Fallacies | Renewable Energy Grid | Executive Function | Defamation | Entropy | Confirmation Bias | Civil Liberties vs Civil Rights | Groundwater | Photosynthesis | Event Loop | Electricity | Pragmatics | Air Pressure Systems | Close Reading | Systems of Equations | Inflation | Wave-Particle Duality | Electric Fields | Plate Tectonics | Tire Pressure | Logarithms | Insurance Deductible | Food Webs | Correlation vs Causation | OAuth Flow,Can you help me understand OAuth Flow? | The first explanation helped a little.,Regression Lines,explicit_topic_reference,0.94,True,v3_3_boundary_slice:followup_opener_explicit_shift
topic_label_v3_3_discourse_00877,"hmm, before we keep going, can we pivot to Quadratic Functions?",Fractions,Passive Voice | Fractions | Mitosis vs Meiosis,,Quadratic Functions,explicit_topic_reference,0.90,True,v3_3_boundary_slice:followup_opener_explicit_shift
topic_label_v3_3_discourse_00878,I do not think this is about Action Potentials anymore. I think it is about Logical Fallacies.,Action Potentials,Electricity | Systems of Equations | Blind Spot Checks | Action Potentials | Torque | Civil Liberties vs Civil Rights | Close Reading | Bayes Theorem | Color Contrast | Plate Tectonics | Carbon Cycle | Kidney Filtration | French Pronunciation | Pragmatics | Plea Bargains | Wave-Particle Duality | Air Pressure Systems,,Logical Fallacies,explicit_topic_reference,0.92,True,v3_3_boundary_slice:followup_opener_explicit_shift
topic_label_v3_3_discourse_00879,I am good on Wave-Particle Duality for now. Can we do Circuit Breakers?,Wave-Particle Duality,Treaty of Versailles | Wave-Particle Duality,I do not understand light being both a wave and a particle. | The wave example helped a little.,Circuit Breakers,explicit_topic_reference,0.97,True,v3_3_boundary_slice:followup_opener_explicit_shift
topic_label_v3_3_discourse_00880,"ok wait, cool, but the thing I actually need next is Resonance.",Passive Voice,Passive Voice,I think Passive Voice is the topic I am on. | The example made sense while I was reading it.,Resonance,explicit_topic_reference,0.93,True,v3_3_boundary_slice:followup_opener_explicit_shift
topic_label_v3_3_discourse_00881,I think I understand this one. Could we move to Kidney Filtration?,Tokenization,Tokenization,I asked about Tokenization before. | I do not need more facts yet; I need the shape of it.,Kidney Filtration,explicit_topic_reference,0.97,True,v3_3_boundary_slice:followup_opener_explicit_shift
topic_label_v3_3_discourse_00882,"This helped a lot, but I just realized I need Insurance Deductible, not Carbon Cycle.",Carbon Cycle,Vector Search | Carbon Cycle | Action Potentials,We were talking about Carbon Cycle. | I got the basic idea but not the deeper part.,Insurance Deductible,explicit_topic_reference,0.92,True,v3_3_boundary_slice:followup_opener_explicit_shift
topic_label_v3_3_discourse_00883,I think I am done with this example. Next I want Insurance Deductible.,Gesture Drawing,Gesture Drawing | Passive Voice | Insurance Deductible | Supply and Demand,Can you help me understand Gesture Drawing? | The first explanation helped a little.,Insurance Deductible,explicit_topic_reference,0.97,True,v3_3_boundary_slice:followup_opener_explicit_shift
topic_label_v3_3_discourse_00884,"Okay, I get that part — now I want to learn about Close Reading.",Normal Distribution,Normal Distribution,I asked about Normal Distribution before. | I do not need more facts yet; I need the shape of it.,Close Reading,explicit_topic_reference,0.89,True,v3_3_boundary_slice:followup_opener_explicit_shift
topic_label_v3_3_discourse_00885,"actually actually, i think I am done with this example. Next I want Kidney Filtration.",Photosynthesis,Photosynthesis,We were talking about Photosynthesis. | I got the basic idea but not the deeper part.,Kidney Filtration,explicit_topic_reference,0.96,True,v3_3_boundary_slice:followup_opener_explicit_shift
topic_label_v3_3_discourse_00886,The current thing is less confusing now; the next topic I need is Cold War Proxy Wars.,Sodium-Potassium Pump,Food Webs | Supply and Demand | Blood Pressure Regulation | Wave-Particle Duality | Sodium-Potassium Pump | Ocean Currents | API Authentication,I think Sodium-Potassium Pump is the topic I am on. | The example made sense while I was reading it.,Cold War Proxy Wars,explicit_topic_reference,0.94,True,v3_3_boundary_slice:followup_opener_explicit_shift
topic_label_v3_3_discourse_00887,"Actually, different direction: I need help with Event Loop.",Electric Fields,Electric Fields,I think Electric Fields is the topic I am on. | The example made sense while I was reading it.,Event Loop,explicit_topic_reference,0.89,True,v3_3_boundary_slice:followup_opener_explicit_shift
topic_label_v3_3_discourse_00888,"ok wait, that example helped. What about Wave-Particle Duality?",Fractions,Fractions,We were talking about Fractions. | I got the basic idea but not the deeper part.,Wave-Particle Duality,explicit_topic_reference,0.91,True,v3_3_boundary_slice:followup_opener_explicit_shift
topic_label_v3_3_discourse_00889,"Before we keep going, can we pivot to Renewable Energy Grid?",Reinforcement Learning,Renewable Energy Grid | Reinforcement Learning,Can you help me understand Reinforcement Learning? | The first explanation helped a little.,Renewable Energy Grid,explicit_topic_reference,0.94,True,v3_3_boundary_slice:followup_opener_explicit_shift
topic_label_v3_3_discourse_00890,"I was asking about Civil Liberties vs Civil Rights, but now the blocker is Mitosis vs Meiosis.",Civil Liberties vs Civil Rights,Emotional Regulation | Civil Liberties vs Civil Rights,Can you help me understand Civil Liberties vs Civil Rights? | The first explanation helped a little.,Mitosis vs Meiosis,explicit_topic_reference,0.94,True,v3_3_boundary_slice:followup_opener_explicit_shift
topic_label_v3_3_discourse_00891,"not gonna lie, this helped a lot, but I just realized I need Potential Energy, not Passive Voice.",Passive Voice,Passive Voice,I asked about Passive Voice before. | I do not need more facts yet; I need the shape of it.,Potential Energy,explicit_topic_reference,0.94,True,v3_3_boundary_slice:followup_opener_explicit_shift
topic_label_v3_3_discourse_00892,"Now that I sort of get Budgeting, I want to understand Renewable Energy Grid.",Budgeting,Confirmation Bias | Budgeting | Supply and Demand | French Pronunciation | Derivatives | Environment Variables | Transit Planning | Pragmatics | Air Pressure Systems,,Renewable Energy Grid,explicit_topic_reference,0.92,True,v3_3_boundary_slice:followup_opener_explicit_shift
topic_label_v3_3_discourse_00893,That example helped. What about Action Potentials?,Reading Comprehension,Blood Pressure Regulation | Reading Comprehension | Pragmatics | Cold War Proxy Wars | Action Potentials,We were talking about Reading Comprehension. | I got the basic idea but not the deeper part.,Action Potentials,explicit_topic_reference,0.91,True,v3_3_boundary_slice:followup_opener_explicit_shift
topic_label_v3_3_discourse_00894,"This may be a switch, but can you explain Resonance?",Executive Function,Normal Distribution | Cloud Formation | Executive Function,Can you help me understand Executive Function? | The first explanation helped a little.,Resonance,explicit_topic_reference,0.91,True,v3_3_boundary_slice:followup_opener_explicit_shift
topic_label_v3_3_discourse_00895,"Now that I sort of get Photosynthesis, I want to understand Confirmation Bias.",Photosynthesis,Treaty of Versailles | Insurance Deductible | Tokenization | Preterite vs Imperfect | Event Loop | Lifetime Value | OAuth Flow | Confirmation Bias | Color Contrast | Derivatives | Reading Comprehension | API Authentication | Cloud Formation | Photosynthesis,I think Photosynthesis is the topic I am on. | The example made sense while I was reading it.,Confirmation Bias,explicit_topic_reference,0.94,True,v3_3_boundary_slice:followup_opener_explicit_shift
topic_label_v3_3_discourse_00896,"Cool, but the thing I actually need next is Derivatives.",Treaty of Versailles,Treaty of Versailles,I think Treaty of Versailles is the topic I am on. | The example made sense while I was reading it.,Derivatives,explicit_topic_reference,0.94,True,v3_3_boundary_slice:followup_opener_explicit_shift
topic_label_v3_3_discourse_00897,I am good on Passive Voice for now. Can we do Resonance?,Passive Voice,Cold War Proxy Wars | Passive Voice | Lifetime Value | Pragmatics | Transit Planning | Derivatives | Carbon Cycle | Typography | API Authentication,I think Passive Voice is the topic I am on. | The example made sense while I was reading it.,Resonance,explicit_topic_reference,0.97,True,v3_3_boundary_slice:followup_opener_explicit_shift
topic_label_v3_3_discourse_00898,I think I understand this one. Could we move to Tokenization?,Cloud Formation,Integrals | Logical Fallacies | Cloud Formation | Correlation vs Causation | Air Pressure Systems | Budgeting | Inflation,We were talking about Cloud Formation. | I got the basic idea but not the deeper part.,Tokenization,explicit_topic_reference,0.92,True,v3_3_boundary_slice:followup_opener_explicit_shift
topic_label_v3_3_discourse_00899,I think I understand this one. Could we move to Trigonometry?,API Authentication,API Authentication | Bayes Theorem | Trigonometry | Entropy | Color Contrast | Torque | Ocean Currents | Logarithms | Normal Distribution | Kinetic Energy | Potential Energy | Treaty of Versailles | French Pronunciation | Tokenization | Logical Fallacies | Budgeting | Free Body Diagrams | Emotional Regulation | Gesture Drawing | Topic Sentences | Confirmation Bias | Lifetime Value | Typography | Air Pressure Systems | Transit Planning,I asked about API Authentication before. | I do not need more facts yet; I need the shape of it.,Trigonometry,explicit_topic_reference,0.94,True,v3_3_boundary_slice:followup_opener_explicit_shift
topic_label_v3_3_discourse_00900,"That makes sense, but can we switch to Carbon Cycle?",Photosynthesis,Photosynthesis,We were talking about Photosynthesis. | I got the basic idea but not the deeper part.,Carbon Cycle,explicit_topic_reference,0.91,True,v3_3_boundary_slice:followup_opener_explicit_shift
topic_label_v3_3_discourse_00901,"This may be a switch, but can you explain Inflation?",Civil Liberties vs Civil Rights,Budgeting | Potential Energy | Kidney Filtration | Fractions | Ocean Currents | Groundwater | Kinetic Energy | Cellular Respiration | Air Pressure Systems | Blind Spot Checks | Renewable Energy Grid | Plea Bargains | Typography | Trigonometry | Civil Liberties vs Civil Rights | Close Reading | Wave-Particle Duality,We were talking about Civil Liberties vs Civil Rights. | I got the basic idea but not the deeper part.,Inflation,explicit_topic_reference,0.93,True,v3_3_boundary_slice:followup_opener_explicit_shift
topic_label_v3_3_discourse_00902,"actually actually, i think I understand this one. Could we move to Electric Fields?",Logical Fallacies,Trigonometry | Blood Pressure Regulation | API Authentication | Dopamine | Normal Distribution | Treaty of Versailles | Kidney Filtration | Pragmatics | Resonance | Derivatives | Budgeting | Lifetime Value | Bayes Theorem | Executive Function | Electric Fields | Carbon Cycle | Logical Fallacies,I asked about Logical Fallacies before. | I do not need more facts yet; I need the shape of it.,Electric Fields,explicit_topic_reference,0.97,True,v3_3_boundary_slice:followup_opener_explicit_shift
topic_label_v3_3_discourse_00903,I do not think this is about Groundwater anymore. I think it is about Food Webs.,Groundwater,Defamation | Color Contrast | Groundwater | Kinetic Energy | Electric Fields | Fractions | Plate Tectonics | Normal Distribution | Blood Pressure Regulation | Plea Bargains | Cloud Formation | Budgeting | Food Webs | Ocean Currents | Civil Liberties vs Civil Rights | French Pronunciation | Blind Spot Checks,Can you help me understand Groundwater? | The first explanation helped a little.,Food Webs,explicit_topic_reference,0.92,True,v3_3_boundary_slice:followup_opener_explicit_shift
topic_label_v3_3_discourse_00904,"I was asking about Fractions, but now the blocker is Kinetic Energy.",Fractions,Mitosis vs Meiosis | Food Webs | Fractions | Resonance,Can you help me understand Fractions? | The first explanation helped a little.,Kinetic Energy,explicit_topic_reference,0.94,True,v3_3_boundary_slice:followup_opener_explicit_shift
topic_label_v3_3_discourse_00905,"Ok, new question: how does Blood Pressure Regulation work?",Environment Variables,Sodium-Potassium Pump | Environment Variables | Transit Planning | Groundwater | Blood Pressure Regulation | Renewable Energy Grid | Gesture Drawing | Quadratic Functions,We were talking about Environment Variables. | I got the basic idea but not the deeper part.,Blood Pressure Regulation,explicit_topic_reference,0.93,True,v3_3_boundary_slice:followup_opener_explicit_shift
topic_label_v3_3_discourse_00906,Let’s leave Civil Liberties vs Civil Rights for a bit and talk about Color Contrast.,Civil Liberties vs Civil Rights,OAuth Flow | Civil Liberties vs Civil Rights,We were talking about Civil Liberties vs Civil Rights. | I got the basic idea but not the deeper part.,Color Contrast,explicit_topic_reference,0.90,True,v3_3_boundary_slice:followup_opener_explicit_shift
topic_label_v3_3_discourse_00907,"Okay, I get that part — now I want to learn about Tokenization.",Cold War Proxy Wars,Plea Bargains | Pragmatics | Budgeting | Cold War Proxy Wars | Logical Fallacies | Tokenization | Tire Pressure | Close Reading | OAuth Flow | Ocean Currents | Logarithms | Quadratic Functions | Topic Sentences,Can you help me understand Cold War Proxy Wars? | The first explanation helped a little.,Tokenization,explicit_topic_reference,0.94,True,v3_3_boundary_slice:followup_opener_explicit_shift
topic_label_v3_3_discourse_00908,That cleared up enough. I want to start Transit Planning now.,Passive Voice,Passive Voice,I think Passive Voice is the topic I am on. | The example made sense while I was reading it.,Transit Planning,explicit_topic_reference,0.90,True,v3_3_boundary_slice:followup_opener_explicit_shift
topic_label_v3_3_discourse_00909,"Ok, new question: how does Inflation work?",Blind Spot Checks,Inflation | Regression Lines | Torque | Groundwater | Blind Spot Checks,I asked about Blind Spot Checks before. | I do not need more facts yet; I need the shape of it.,Inflation,explicit_topic_reference,0.94,True,v3_3_boundary_slice:followup_opener_explicit_shift
topic_label_v3_3_discourse_00910,"I was asking about Plea Bargains, but now the blocker is Budgeting.",Plea Bargains,Logical Fallacies | Budgeting | Electricity | Plea Bargains,,Budgeting,explicit_topic_reference,0.92,True,v3_3_boundary_slice:followup_opener_explicit_shift
topic_label_v3_3_discourse_00911,I am good on Integrals for now. Can we do Derivatives?,Integrals,French Pronunciation | Integrals,I think Integrals is the topic I am on. | The example made sense while I was reading it.,Derivatives,explicit_topic_reference,0.96,True,v3_3_boundary_slice:followup_opener_explicit_shift
topic_label_v3_3_discourse_00912,"Ok, new question: how does Transit Planning work?",Free Body Diagrams,Inflation | Free Body Diagrams | Lifetime Value | OAuth Flow,I asked about Free Body Diagrams before. | I do not need more facts yet; I need the shape of it.,Transit Planning,explicit_topic_reference,0.95,True,v3_3_boundary_slice:followup_opener_explicit_shift
topic_label_v3_3_discourse_00913,"Okay, I get that part — now I want to learn about Topic Sentences.",Groundwater,Cold War Proxy Wars | Measuring Ingredients | Kinetic Energy | Logarithms | Tokenization | Photosynthesis | Groundwater | Potential Energy | Passive Voice | Fractions | Plate Tectonics | Typography | Entropy | Cloud Formation | Normal Distribution | Topic Sentences | Sodium-Potassium Pump | Vector Search,I asked about Groundwater before. | I do not need more facts yet; I need the shape of it.,Topic Sentences,explicit_topic_reference,0.94,True,v3_3_boundary_slice:followup_opener_explicit_shift
topic_label_v3_3_discourse_00914,"Actually, different direction: I need help with Passive Voice.",Caching,Caching,I asked about Caching before. | I do not need more facts yet; I need the shape of it.,Passive Voice,explicit_topic_reference,0.98,True,v3_3_boundary_slice:followup_opener_explicit_shift
topic_label_v3_3_discourse_00915,That cleared up enough. I want to start Circuit Breakers now.,Trigonometry,Trigonometry | Cellular Respiration | Supply and Demand | Tokenization,Can you help me understand Trigonometry? | The first explanation helped a little.,Circuit Breakers,explicit_topic_reference,0.97,True,v3_3_boundary_slice:followup_opener_explicit_shift
topic_label_v3_3_discourse_00916,"Before we keep going, can we pivot to Renewable Energy Grid?",Quadratic Functions,Quadratic Functions | Inflation,We were talking about Quadratic Functions. | I got the basic idea but not the deeper part.,Renewable Energy Grid,explicit_topic_reference,0.90,True,v3_3_boundary_slice:followup_opener_explicit_shift
topic_label_v3_3_discourse_00917,"ok wait, could we park Treaty of Versailles and do Event Loop instead?",Treaty of Versailles,Treaty of Versailles | Circuit Breakers | Correlation vs Causation,I asked about Treaty of Versailles before. | I do not need more facts yet; I need the shape of it.,Event Loop,explicit_topic_reference,0.93,True,v3_3_boundary_slice:followup_opener_explicit_shift
topic_label_v3_3_discourse_00918,Could we park Integrals and do OAuth Flow instead?,Integrals,Contract Law Basics | OAuth Flow | Integrals | Wave-Particle Duality | Cloud Formation,Can you help me understand Integrals? | The first explanation helped a little.,OAuth Flow,explicit_topic_reference,0.96,True,v3_3_boundary_slice:followup_opener_explicit_shift
topic_label_v3_3_discourse_00919,"Okay, I get that part — now I want to learn about Preterite vs Imperfect.",Passive Voice,Derivatives | Food Webs | Treaty of Versailles | Tire Pressure | Electric Fields | Air Pressure Systems | Passive Voice | Lifetime Value | Ocean Currents | Preterite vs Imperfect | Cold War Proxy Wars | Budgeting | Cloud Formation | Renewable Energy Grid | Confirmation Bias | Free Body Diagrams | OAuth Flow,Can you help me understand Passive Voice? | The first explanation helped a little.,Preterite vs Imperfect,explicit_topic_reference,0.90,True,v3_3_boundary_slice:followup_opener_explicit_shift
topic_label_v3_3_discourse_00920,"I was asking about Wave-Particle Duality, but now the blocker is Budgeting.",Wave-Particle Duality,Civil Liberties vs Civil Rights | Kinetic Energy | Defamation | Renewable Energy Grid | Wave-Particle Duality | Food Webs | Preterite vs Imperfect | Osmosis | Inflation,Can you help me understand Wave-Particle Duality? | The first explanation helped a little.,Budgeting,explicit_topic_reference,0.93,True,v3_3_boundary_slice:followup_opener_explicit_shift
topic_label_v3_3_discourse_00921,That example helped. What about Pragmatics?,Kidney Filtration,Kidney Filtration | Pragmatics,We were talking about Kidney Filtration. | I got the basic idea but not the deeper part.,Pragmatics,explicit_topic_reference,0.93,True,v3_3_boundary_slice:followup_opener_explicit_shift
topic_label_v3_3_discourse_00922,"Ok, new question: how does Reading Comprehension work?",Cloud Formation,Cloud Formation | Torque,I asked about Cloud Formation before. | I do not need more facts yet; I need the shape of it.,Reading Comprehension,explicit_topic_reference,0.91,True,v3_3_boundary_slice:followup_opener_explicit_shift
topic_label_v3_3_discourse_00923,That example helped. What about Executive Function?,Preterite vs Imperfect,Preterite vs Imperfect | Executive Function,,Executive Function,explicit_topic_reference,0.91,True,v3_3_boundary_slice:followup_opener_explicit_shift
topic_label_v3_3_discourse_00924,"Not to derail things, but I think my real question is Groundwater.",Osmosis,Osmosis | API Authentication | Ocean Currents | Event Loop,What is osmosis? | The membrane part is still fuzzy.,Groundwater,explicit_topic_reference,0.90,True,v3_3_boundary_slice:followup_opener_explicit_shift
topic_label_v3_3_discourse_00925,"actually actually, that part is fine now; Passive Voice is the part I do not understand.",Sodium-Potassium Pump,Sodium-Potassium Pump,,Passive Voice,explicit_topic_reference,0.90,True,v3_3_boundary_slice:followup_opener_explicit_shift
topic_label_v3_3_discourse_00926,"Now that I sort of get Gas Laws, I want to understand Transit Planning.",Gas Laws,Transit Planning | Gas Laws,Can you help me understand Gas Laws? | The first explanation helped a little.,Transit Planning,explicit_topic_reference,0.97,True,v3_3_boundary_slice:followup_opener_explicit_shift
topic_label_v3_3_discourse_00927,I want to stop here and learn OAuth Flow from the beginning.,Color Contrast,Insurance Deductible | Torque | Regression Lines | Fractions | OAuth Flow | Plea Bargains | Air Pressure Systems | Action Potentials | Measuring Ingredients | Preterite vs Imperfect | Entropy | Mitosis vs Meiosis | Circuit Breakers | Color Contrast | Normal Distribution | Typography | Food Webs | Blood Pressure Regulation,I think Color Contrast is the topic I am on. | The example made sense while I was reading it.,OAuth Flow,explicit_topic_reference,0.90,True,v3_3_boundary_slice:followup_opener_explicit_shift
topic_label_v3_3_discourse_00928,"ok wait, i do not think this is about Topic Sentences anymore. I think it is about Plea Bargains.",Topic Sentences,Topic Sentences,I think Topic Sentences is the topic I am on. | The example made sense while I was reading it.,Plea Bargains,explicit_topic_reference,0.96,True,v3_3_boundary_slice:followup_opener_explicit_shift
topic_label_v3_3_discourse_00929,"Not to derail things, but I think my real question is Measuring Ingredients.",Caching,Measuring Ingredients | Caching | Correlation vs Causation | Defamation,I asked about Caching before. | I do not need more facts yet; I need the shape of it.,Measuring Ingredients,explicit_topic_reference,0.91,True,v3_3_boundary_slice:followup_opener_explicit_shift
topic_label_v3_3_discourse_00930,Could we park Cloud Formation and do Torque instead?,Cloud Formation,Free Body Diagrams | Budgeting | Contract Law Basics | Action Potentials | Gas Laws | Supply and Demand | Normal Distribution | French Pronunciation | Tire Pressure | Trigonometry | Vector Search | Cloud Formation | Bayes Theorem | Passive Voice | Potential Energy | Carbon Cycle | Cold War Proxy Wars | Topic Sentences | Kidney Filtration | Logical Fallacies | Plate Tectonics | Cellular Respiration | Entropy | Mitosis vs Meiosis | Reading Comprehension,I think Cloud Formation is the topic I am on. | The example made sense while I was reading it.,Torque,explicit_topic_reference,0.95,True,v3_3_boundary_slice:followup_opener_explicit_shift
topic_label_v3_3_discourse_00931,"not gonna lie, before we keep going, can we pivot to Action Potentials?",OAuth Flow,Dopamine | OAuth Flow | Bayes Theorem,We were talking about OAuth Flow. | I got the basic idea but not the deeper part.,Action Potentials,explicit_topic_reference,0.95,True,v3_3_boundary_slice:followup_opener_explicit_shift
topic_label_v3_3_discourse_00932,Let’s leave Environment Variables for a bit and talk about Budgeting.,Environment Variables,Color Contrast | Environment Variables,We were talking about Environment Variables. | I got the basic idea but not the deeper part.,Budgeting,explicit_topic_reference,0.95,True,v3_3_boundary_slice:followup_opener_explicit_shift
topic_label_v3_3_discourse_00933,"I know we were on Vector Search, but Supply and Demand is what I actually need for homework.",Vector Search,Supply and Demand | Vector Search | Budgeting | Civil Liberties vs Civil Rights | Quadratic Functions,Can you help me understand Vector Search? | The first explanation helped a little.,Supply and Demand,explicit_topic_reference,0.93,True,v3_3_boundary_slice:followup_opener_explicit_shift
topic_label_v3_3_discourse_00934,I think I am done with this example. Next I want Logarithms.,Executive Function,Action Potentials | Executive Function | Logarithms | Photosynthesis | Normal Distribution,I asked about Executive Function before. | I do not need more facts yet; I need the shape of it.,Logarithms,explicit_topic_reference,0.91,True,v3_3_boundary_slice:followup_opener_explicit_shift
topic_label_v3_3_discourse_00935,"Ok, new question: how does Passive Voice work?",Reading Comprehension,Derivatives | Tokenization | Measuring Ingredients | Passive Voice | Reading Comprehension | Cloud Formation | Fractions | Pragmatics,Can you help me understand Reading Comprehension? | The first explanation helped a little.,Passive Voice,explicit_topic_reference,0.94,True,v3_3_boundary_slice:followup_opener_explicit_shift
topic_label_v3_3_discourse_00936,I am good on Kinetic Energy for now. Can we do Electric Fields?,Kinetic Energy,Kinetic Energy,We were talking about Kinetic Energy. | I got the basic idea but not the deeper part.,Electric Fields,explicit_topic_reference,0.95,True,v3_3_boundary_slice:followup_opener_explicit_shift
topic_label_v3_3_discourse_00937,"Before we keep going, can we pivot to Typography?",Civil Liberties vs Civil Rights,Defamation | Confirmation Bias | Osmosis | Kidney Filtration | Environment Variables | API Authentication | Quadratic Functions | Treaty of Versailles | Civil Liberties vs Civil Rights | Typography,Can you help me understand Civil Liberties vs Civil Rights? | The first explanation helped a little.,Typography,explicit_topic_reference,0.95,True,v3_3_boundary_slice:followup_opener_explicit_shift
topic_label_v3_3_discourse_00938,"I know we were on Carbon Cycle, but Potential Energy is what I actually need for homework.",Carbon Cycle,Contract Law Basics | Plea Bargains | Carbon Cycle,I asked about Carbon Cycle before. | I do not need more facts yet; I need the shape of it.,Potential Energy,explicit_topic_reference,0.94,True,v3_3_boundary_slice:followup_opener_explicit_shift
topic_label_v3_3_discourse_00939,I am good on Free Body Diagrams for now. Can we do Lifetime Value?,Free Body Diagrams,Lifetime Value | Normal Distribution | Carbon Cycle | Free Body Diagrams,I asked about Free Body Diagrams before. | I do not need more facts yet; I need the shape of it.,Lifetime Value,explicit_topic_reference,0.92,True,v3_3_boundary_slice:followup_opener_explicit_shift
topic_label_v3_3_discourse_00940,The current thing is less confusing now; the next topic I need is Free Body Diagrams.,Food Webs,Topic Sentences | Torque | Dopamine | Food Webs | Kidney Filtration | Cellular Respiration | Derivatives,We were talking about Food Webs. | I got the basic idea but not the deeper part.,Free Body Diagrams,explicit_topic_reference,0.90,True,v3_3_boundary_slice:followup_opener_explicit_shift
topic_label_v3_3_discourse_00941,"This helped, but now I want to understand Caching.",Budgeting,Budgeting | Transit Planning,,Caching,explicit_topic_reference,0.93,True,v3_3_boundary_slice:followup_opener_explicit_shift
topic_label_v3_3_discourse_00942,"This may be a switch, but can you explain Torque?",Photosynthesis,Reading Comprehension | Photosynthesis,I think Photosynthesis is the topic I am on. | The example made sense while I was reading it.,Torque,explicit_topic_reference,0.97,True,v3_3_boundary_slice:followup_opener_explicit_shift
topic_label_v3_3_discourse_00943,"This may be a switch, but can you explain Systems of Equations?",Quadratic Functions,Contract Law Basics | Gesture Drawing | Quadratic Functions | Color Contrast | Transit Planning | Budgeting | Cellular Respiration | Air Pressure Systems | Reinforcement Learning,We were talking about Quadratic Functions. | I got the basic idea but not the deeper part.,Systems of Equations,explicit_topic_reference,0.91,True,v3_3_boundary_slice:followup_opener_explicit_shift
topic_label_v3_3_discourse_00944,"Now that I sort of get Supply and Demand, I want to understand Quadratic Functions.",Supply and Demand,Supply and Demand | Logical Fallacies,We were talking about Supply and Demand. | I got the basic idea but not the deeper part.,Quadratic Functions,explicit_topic_reference,0.96,True,v3_3_boundary_slice:followup_opener_explicit_shift
topic_label_v3_3_discourse_00945,"hmm, i want to stop here and learn Reinforcement Learning from the beginning.",Derivatives,Correlation vs Causation | Derivatives | Electricity | Budgeting,,Reinforcement Learning,explicit_topic_reference,0.95,True,v3_3_boundary_slice:followup_opener_explicit_shift
topic_label_v3_3_discourse_00946,small pivot: the current thing is less confusing now; the next topic I need is Treaty of Versailles.,Electric Fields,Executive Function | Color Contrast | Environment Variables | Food Webs | Mitosis vs Meiosis | Confirmation Bias | Systems of Equations | Treaty of Versailles | Electric Fields | Kidney Filtration,Can you help me understand Electric Fields? | The first explanation helped a little.,Treaty of Versailles,explicit_topic_reference,0.92,True,v3_3_boundary_slice:followup_opener_explicit_shift
topic_label_v3_3_discourse_00947,Could we park Action Potentials and do Typography instead?,Action Potentials,Electricity | Action Potentials,We were talking about Action Potentials. | I got the basic idea but not the deeper part.,Typography,explicit_topic_reference,0.90,True,v3_3_boundary_slice:followup_opener_explicit_shift
topic_label_v3_3_discourse_00948,Could we park Civil Liberties vs Civil Rights and do Wave-Particle Duality instead?,Civil Liberties vs Civil Rights,Civil Liberties vs Civil Rights | Tire Pressure | Supply and Demand | API Authentication | Groundwater | Action Potentials | Osmosis | Wave-Particle Duality | Gesture Drawing | Confirmation Bias | Bayes Theorem | Mitosis vs Meiosis | Integrals | Kidney Filtration | Transit Planning | Circuit Breakers | Dopamine,I think Civil Liberties vs Civil Rights is the topic I am on. | The example made sense while I was reading it.,Wave-Particle Duality,explicit_topic_reference,0.98,True,v3_3_boundary_slice:followup_opener_explicit_shift
topic_label_v3_3_discourse_00949,"Okay, I get that part — now I want to learn about Correlation vs Causation.",Normal Distribution,Normal Distribution | Correlation vs Causation,,Correlation vs Causation,explicit_topic_reference,0.95,True,v3_3_boundary_slice:followup_opener_explicit_shift
topic_label_v3_3_discourse_00950,That cleared up enough. I want to start Correlation vs Causation now.,Regression Lines,Regression Lines | Photosynthesis | Insurance Deductible | Groundwater | Normal Distribution | Tire Pressure | Confirmation Bias,Can you help me understand Regression Lines? | The first explanation helped a little.,Correlation vs Causation,explicit_topic_reference,0.97,True,v3_3_boundary_slice:followup_opener_explicit_shift
topic_label_v3_3_discourse_00951,"ok wait, cool, but the thing I actually need next is OAuth Flow.",Logarithms,Circuit Breakers | Logarithms | Blood Pressure Regulation | Bayes Theorem,Can you help me understand Logarithms? | The first explanation helped a little.,OAuth Flow,explicit_topic_reference,0.95,True,v3_3_boundary_slice:followup_opener_explicit_shift
topic_label_v3_3_discourse_00952,"That makes sense, but can we switch to Reading Comprehension?",Executive Function,Osmosis | Logarithms | Executive Function | Passive Voice | Plate Tectonics | Derivatives | Typography | Regression Lines | Sodium-Potassium Pump | Mitosis vs Meiosis | Pragmatics | Civil Liberties vs Civil Rights | Action Potentials,Can you help me understand Executive Function? | The first explanation helped a little.,Reading Comprehension,explicit_topic_reference,0.96,True,v3_3_boundary_slice:followup_opener_explicit_shift
topic_label_v3_3_discourse_00953,"Okay, I get that part — now I want to learn about Emotional Regulation.",Executive Function,Confirmation Bias | Executive Function | Free Body Diagrams | OAuth Flow,We were talking about Executive Function. | I got the basic idea but not the deeper part.,Emotional Regulation,explicit_topic_reference,0.98,True,v3_3_boundary_slice:followup_opener_explicit_shift
topic_label_v3_3_discourse_00954,The current thing is less confusing now; the next topic I need is Normal Distribution.,Gas Laws,Wave-Particle Duality | Kidney Filtration | Systems of Equations | Inflation | Civil Liberties vs Civil Rights | Blood Pressure Regulation | Electricity | Emotional Regulation | Gas Laws | Air Pressure Systems | Free Body Diagrams | Environment Variables | Contract Law Basics | Photosynthesis | Quadratic Functions | Cloud Formation | Confirmation Bias,I asked about Gas Laws before. | I do not need more facts yet; I need the shape of it.,Normal Distribution,explicit_topic_reference,0.97,True,v3_3_boundary_slice:followup_opener_explicit_shift
topic_label_v3_3_discourse_00955,I do not think this is about Measuring Ingredients anymore. I think it is about OAuth Flow.,Measuring Ingredients,Measuring Ingredients,I asked about Measuring Ingredients before. | I do not need more facts yet; I need the shape of it.,OAuth Flow,explicit_topic_reference,0.97,True,v3_3_boundary_slice:followup_opener_explicit_shift
topic_label_v3_3_discourse_00956,"I know we were on Cold War Proxy Wars, but Confirmation Bias is what I actually need for homework.",Cold War Proxy Wars,Groundwater | Contract Law Basics | Passive Voice | Systems of Equations | Preterite vs Imperfect | Cold War Proxy Wars | Ocean Currents,,Confirmation Bias,explicit_topic_reference,0.97,True,v3_3_boundary_slice:followup_opener_explicit_shift
topic_label_v3_3_discourse_00957,"maybe this is a new topic, but let’s leave Defamation for a bit and talk about Treaty of Versailles.",Defamation,Defamation,We were talking about Defamation. | I got the basic idea but not the deeper part.,Treaty of Versailles,explicit_topic_reference,0.92,True,v3_3_boundary_slice:followup_opener_explicit_shift
topic_label_v3_3_discourse_00958,"Cool, but the thing I actually need next is Plate Tectonics.",Reading Comprehension,Groundwater | Reading Comprehension,Can you help me understand Reading Comprehension? | The first explanation helped a little.,Plate Tectonics,explicit_topic_reference,0.94,True,v3_3_boundary_slice:followup_opener_explicit_shift
topic_label_v3_3_discourse_00959,"ok wait, this helped, but now I want to understand Systems of Equations.",Confirmation Bias,Confirmation Bias,,Systems of Equations,explicit_topic_reference,0.96,True,v3_3_boundary_slice:followup_opener_explicit_shift
topic_label_v3_3_discourse_00960,"Now that I sort of get Emotional Regulation, I want to understand Contract Law Basics.",Emotional Regulation,Environment Variables | Emotional Regulation | Passive Voice | Groundwater,Can you help me understand Emotional Regulation? | The first explanation helped a little.,Contract Law Basics,explicit_topic_reference,0.98,True,v3_3_boundary_slice:followup_opener_explicit_shift
topic_label_v3_3_discourse_00961,"I was asking about Tokenization, but now the blocker is Dopamine.",Tokenization,Fractions | Close Reading | Tokenization | Food Webs,I think Tokenization is the topic I am on. | The example made sense while I was reading it.,Dopamine,explicit_topic_reference,0.91,True,v3_3_boundary_slice:followup_opener_explicit_shift
topic_label_v3_3_discourse_00962,Let’s leave Contract Law Basics for a bit and talk about Kinetic Energy.,Contract Law Basics,Photosynthesis | Contract Law Basics | Resonance | Kinetic Energy | Insurance Deductible,I think Contract Law Basics is the topic I am on. | The example made sense while I was reading it.,Kinetic Energy,explicit_topic_reference,0.97,True,v3_3_boundary_slice:followup_opener_explicit_shift
topic_label_v3_3_discourse_00963,"Okay, I get that part — now I want to learn about Torque.",Topic Sentences,Osmosis | Circuit Breakers | Torque | Free Body Diagrams | Topic Sentences,Can you help me understand Topic Sentences? | The first explanation helped a little.,Torque,explicit_topic_reference,0.93,True,v3_3_boundary_slice:followup_opener_explicit_shift
topic_label_v3_3_discourse_00964,"hmm, now that I sort of get Budgeting, I want to understand Systems of Equations.",Budgeting,Plate Tectonics | Reading Comprehension | Vector Search | Budgeting,I think Budgeting is the topic I am on. | The example made sense while I was reading it.,Systems of Equations,explicit_topic_reference,0.94,True,v3_3_boundary_slice:followup_opener_explicit_shift
topic_label_v3_3_discourse_00965,The current thing is less confusing now; the next topic I need is Confirmation Bias.,Wave-Particle Duality,Reinforcement Learning | Wave-Particle Duality | Normal Distribution | Cellular Respiration,I asked about Wave-Particle Duality before. | I do not need more facts yet; I need the shape of it.,Confirmation Bias,explicit_topic_reference,0.97,True,v3_3_boundary_slice:followup_opener_explicit_shift
topic_label_v3_3_discourse_00966,"Now that I sort of get Potential Energy, I want to understand Systems of Equations.",Potential Energy,Groundwater | Measuring Ingredients | Tokenization | Potential Energy,Can you help me understand Potential Energy? | The first explanation helped a little.,Systems of Equations,explicit_topic_reference,0.95,True,v3_3_boundary_slice:followup_opener_explicit_shift
topic_label_v3_3_discourse_00967,small pivot: can we change topics to Close Reading? The current one can wait.,Supply and Demand,Supply and Demand | OAuth Flow | Transit Planning | Preterite vs Imperfect,I asked about Supply and Demand before. | I do not need more facts yet; I need the shape of it.,Close Reading,explicit_topic_reference,0.96,True,v3_3_boundary_slice:followup_opener_explicit_shift
topic_label_v3_3_discourse_00968,"not gonna lie, that cleared up enough. I want to start Pragmatics now.",Passive Voice,Carbon Cycle | Passive Voice | Vector Search,Can you help me understand Passive Voice? | The first explanation helped a little.,Pragmatics,explicit_topic_reference,0.96,True,v3_3_boundary_slice:followup_opener_explicit_shift
topic_label_v3_3_discourse_00969,small pivot: that example helped. What about Civil Liberties vs Civil Rights?,Regression Lines,Ocean Currents | Action Potentials | Regression Lines,,Civil Liberties vs Civil Rights,explicit_topic_reference,0.92,True,v3_3_boundary_slice:followup_opener_explicit_shift
topic_label_v3_3_discourse_00970,"hmm, i know we were on Electricity, but Quadratic Functions is what I actually need for homework.",Electricity,Quadratic Functions | Electricity | Reading Comprehension | API Authentication,We were talking about Electricity. | I got the basic idea but not the deeper part.,Quadratic Functions,explicit_topic_reference,0.92,True,v3_3_boundary_slice:followup_opener_explicit_shift
topic_label_v3_3_discourse_00971,I think I understand this one. Could we move to Typography?,Circuit Breakers,Sodium-Potassium Pump | Typography | Circuit Breakers | Bayes Theorem,I asked about Circuit Breakers before. | I do not need more facts yet; I need the shape of it.,Typography,explicit_topic_reference,0.92,True,v3_3_boundary_slice:followup_opener_explicit_shift
topic_label_v3_3_discourse_00972,That part is fine now; Tire Pressure is the part I do not understand.,Event Loop,Transit Planning | Event Loop | Action Potentials,,Tire Pressure,explicit_topic_reference,0.94,True,v3_3_boundary_slice:followup_opener_explicit_shift
topic_label_v3_3_discourse_00973,"Ok, new question: how does Kidney Filtration work?",API Authentication,API Authentication | Normal Distribution,I think API Authentication is the topic I am on. | The example made sense while I was reading it.,Kidney Filtration,explicit_topic_reference,0.96,True,v3_3_boundary_slice:followup_opener_explicit_shift
topic_label_v3_3_discourse_00974,"This helped, but now I want to understand Normal Distribution.",Confirmation Bias,Renewable Energy Grid | Typography | Civil Liberties vs Civil Rights | Budgeting | French Pronunciation | Close Reading | Integrals | Environment Variables | Treaty of Versailles | Confirmation Bias | Plea Bargains | Supply and Demand | Trigonometry | Pragmatics | Free Body Diagrams | Reinforcement Learning | Ocean Currents,I think Confirmation Bias is the topic I am on. | The example made sense while I was reading it.,Normal Distribution,explicit_topic_reference,0.91,True,v3_3_boundary_slice:followup_opener_explicit_shift
topic_label_v3_3_discourse_00975,"Okay, I get that part — now I want to learn about OAuth Flow.",Vector Search,Entropy | Treaty of Versailles | Resonance | Budgeting | Tokenization | Kidney Filtration | Vector Search | Typography | Food Webs | Plate Tectonics | Free Body Diagrams | Logical Fallacies | Potential Energy | Supply and Demand | Confirmation Bias | Torque | Normal Distribution,I asked about Vector Search before. | I do not need more facts yet; I need the shape of it.,OAuth Flow,explicit_topic_reference,0.90,True,v3_3_boundary_slice:followup_opener_explicit_shift
topic_label_v3_3_discourse_00976,Let’s leave Quadratic Functions for a bit and talk about Gas Laws.,Quadratic Functions,Bayes Theorem | Passive Voice | Gas Laws | Executive Function | Electric Fields | Tire Pressure | API Authentication | Treaty of Versailles | Quadratic Functions | Photosynthesis,I asked about Quadratic Functions before. | I do not need more facts yet; I need the shape of it.,Gas Laws,explicit_topic_reference,0.92,True,v3_3_boundary_slice:followup_opener_explicit_shift
topic_label_v3_3_discourse_00977,That example helped. What about Passive Voice?,Groundwater,Regression Lines | Caching | Renewable Energy Grid | Food Webs | Sodium-Potassium Pump | Color Contrast | Lifetime Value | Free Body Diagrams | Cloud Formation | Groundwater | Event Loop | Supply and Demand | Ocean Currents,I think Groundwater is the topic I am on. | The example made sense while I was reading it.,Passive Voice,explicit_topic_reference,0.92,True,v3_3_boundary_slice:followup_opener_explicit_shift
topic_label_v3_3_discourse_00978,"small pivot: this helped, but now I want to understand Resonance.",Trigonometry,Normal Distribution | Logarithms | French Pronunciation | Plea Bargains | Cellular Respiration | Trigonometry | Sodium-Potassium Pump,,Resonance,explicit_topic_reference,0.93,True,v3_3_boundary_slice:followup_opener_explicit_shift
topic_label_v3_3_discourse_00979,"This helped a lot, but I just realized I need Kidney Filtration, not Renewable Energy Grid.",Renewable Energy Grid,Kidney Filtration | Renewable Energy Grid,,Kidney Filtration,explicit_topic_reference,0.90,True,v3_3_boundary_slice:followup_opener_explicit_shift
topic_label_v3_3_discourse_00980,"That makes sense, but can we switch to Quadratic Functions?",Entropy,Carbon Cycle | Wave-Particle Duality | Resonance | Budgeting | Emotional Regulation | Cellular Respiration | Topic Sentences | Cold War Proxy Wars | Entropy | Confirmation Bias | Reading Comprehension | French Pronunciation | Vector Search,I asked about Entropy before. | I do not need more facts yet; I need the shape of it.,Quadratic Functions,explicit_topic_reference,0.90,True,v3_3_boundary_slice:followup_opener_explicit_shift
topic_label_v3_3_discourse_00981,I am good on Passive Voice for now. Can we do Reading Comprehension?,Passive Voice,Passive Voice,I asked about Passive Voice before. | I do not need more facts yet; I need the shape of it.,Reading Comprehension,explicit_topic_reference,0.93,True,v3_3_boundary_slice:followup_opener_explicit_shift
topic_label_v3_3_discourse_00982,Could we park Passive Voice and do Logical Fallacies instead?,Passive Voice,Event Loop | Potential Energy | Passive Voice | Topic Sentences,I think Passive Voice is the topic I am on. | The example made sense while I was reading it.,Logical Fallacies,explicit_topic_reference,0.89,True,v3_3_boundary_slice:followup_opener_explicit_shift
topic_label_v3_3_discourse_00983,"This helped, but now I want to understand Color Contrast.",Free Body Diagrams,Free Body Diagrams | Torque | Carbon Cycle | Supply and Demand | Emotional Regulation | Plea Bargains | Entropy | Plate Tectonics | Logical Fallacies,We were talking about Free Body Diagrams. | I got the basic idea but not the deeper part.,Color Contrast,explicit_topic_reference,0.92,True,v3_3_boundary_slice:followup_opener_explicit_shift
topic_label_v3_3_discourse_00984,That cleared up enough. I want to start Supply and Demand now.,Resonance,Supply and Demand | Resonance,,Supply and Demand,explicit_topic_reference,0.94,True,v3_3_boundary_slice:followup_opener_explicit_shift
topic_label_v3_3_discourse_00985,"Not to derail things, but I think my real question is Contract Law Basics.",Insurance Deductible,Vector Search | Insurance Deductible,Can you help me understand Insurance Deductible? | The first explanation helped a little.,Contract Law Basics,explicit_topic_reference,0.97,True,v3_3_boundary_slice:followup_opener_explicit_shift
topic_label_v3_3_discourse_00986,"Before we keep going, can we pivot to Confirmation Bias?",Kidney Filtration,Carbon Cycle | Confirmation Bias | Kidney Filtration,We were talking about Kidney Filtration. | I got the basic idea but not the deeper part.,Confirmation Bias,explicit_topic_reference,0.93,True,v3_3_boundary_slice:followup_opener_explicit_shift
topic_label_v3_3_discourse_00987,I want to stop here and learn Kinetic Energy from the beginning.,Reinforcement Learning,Reinforcement Learning,I think Reinforcement Learning is the topic I am on. | The example made sense while I was reading it.,Kinetic Energy,explicit_topic_reference,0.95,True,v3_3_boundary_slice:followup_opener_explicit_shift
topic_label_v3_3_discourse_00988,"Okay, I get that part — now I want to learn about OAuth Flow.",Food Webs,Air Pressure Systems | Color Contrast | Food Webs,Can you help me understand Food Webs? | The first explanation helped a little.,OAuth Flow,explicit_topic_reference,0.90,True,v3_3_boundary_slice:followup_opener_explicit_shift
topic_label_v3_3_discourse_00989,That part is fine now; Electric Fields is the part I do not understand.,Trigonometry,Event Loop | Trigonometry | Preterite vs Imperfect | Cold War Proxy Wars | Electric Fields,I want to learn about trigonometry. | The unit circle explanation was a bit much.,Electric Fields,explicit_topic_reference,0.89,True,v3_3_boundary_slice:followup_opener_explicit_shift
topic_label_v3_3_discourse_00990,"actually actually, ok, new question: how does Passive Voice work?",Carbon Cycle,Trigonometry | Preterite vs Imperfect | Treaty of Versailles | Logarithms | Carbon Cycle | Photosynthesis | Plea Bargains | Passive Voice | Food Webs,I think Carbon Cycle is the topic I am on. | The example made sense while I was reading it.,Passive Voice,explicit_topic_reference,0.90,True,v3_3_boundary_slice:followup_opener_explicit_shift
topic_label_v3_3_discourse_00991,Could we park Regression Lines and do Photosynthesis instead?,Regression Lines,Confirmation Bias | Insurance Deductible | Reinforcement Learning | Treaty of Versailles | Inflation | Emotional Regulation | Regression Lines | Close Reading | Sodium-Potassium Pump,I asked about Regression Lines before. | I do not need more facts yet; I need the shape of it.,Photosynthesis,explicit_topic_reference,0.96,True,v3_3_boundary_slice:followup_opener_explicit_shift
topic_label_v3_3_discourse_00992,Could we park Cold War Proxy Wars and do Typography instead?,Cold War Proxy Wars,Food Webs | Cold War Proxy Wars,I asked about Cold War Proxy Wars before. | I do not need more facts yet; I need the shape of it.,Typography,explicit_topic_reference,0.91,True,v3_3_boundary_slice:followup_opener_explicit_shift
topic_label_v3_3_discourse_00993,I think I understand this one. Could we move to Pragmatics?,Quadratic Functions,Quadratic Functions | Kidney Filtration,We were talking about Quadratic Functions. | I got the basic idea but not the deeper part.,Pragmatics,explicit_topic_reference,0.92,True,v3_3_boundary_slice:followup_opener_explicit_shift
topic_label_v3_3_discourse_00994,"Now that I sort of get Regression Lines, I want to understand Quadratic Functions.",Regression Lines,Air Pressure Systems | Insurance Deductible | Regression Lines | Dopamine | Kidney Filtration | Renewable Energy Grid | Executive Function | Plea Bargains | Groundwater | API Authentication | Derivatives | Pragmatics | Inflation,Can you help me understand Regression Lines? | The first explanation helped a little.,Quadratic Functions,explicit_topic_reference,0.98,True,v3_3_boundary_slice:followup_opener_explicit_shift
topic_label_v3_3_discourse_00995,"Before we keep going, can we pivot to Correlation vs Causation?",Caching,Logarithms | Caching | Pragmatics | Contract Law Basics,Can you help me understand Caching? | The first explanation helped a little.,Correlation vs Causation,explicit_topic_reference,0.97,True,v3_3_boundary_slice:followup_opener_explicit_shift
topic_label_v3_3_discourse_00996,I want to stop here and learn Pragmatics from the beginning.,Executive Function,Pragmatics | Fractions | Dopamine | Executive Function | Resonance,I asked about Executive Function before. | I do not need more facts yet; I need the shape of it.,Pragmatics,explicit_topic_reference,0.95,True,v3_3_boundary_slice:followup_opener_explicit_shift
topic_label_v3_3_discourse_00997,That example helped. What about Emotional Regulation?,Dopamine,Dopamine | Fractions | Emotional Regulation,I want to understand dopamine. | The reward example helped but not fully.,Emotional Regulation,explicit_topic_reference,0.94,True,v3_3_boundary_slice:followup_opener_explicit_shift
topic_label_v3_3_discourse_00998,"This helped, but now I want to understand Executive Function.",Gesture Drawing,Gesture Drawing | Executive Function,,Executive Function,explicit_topic_reference,0.90,True,v3_3_boundary_slice:followup_opener_explicit_shift
topic_label_v3_3_discourse_00999,"That makes sense, but can we switch to Blind Spot Checks?",Blood Pressure Regulation,Inflation | Plea Bargains | Torque | Blind Spot Checks | Blood Pressure Regulation,I think Blood Pressure Regulation is the topic I am on. | The example made sense while I was reading it.,Blind Spot Checks,explicit_topic_reference,0.97,True,v3_3_boundary_slice:followup_opener_explicit_shift
topic_label_v3_3_discourse_01000,I think I am done with this example. Next I want Pragmatics.,Inflation,Potential Energy | Vector Search | Blind Spot Checks | Lifetime Value | Circuit Breakers | Inflation | Pragmatics | Groundwater,I think Inflation is the topic I am on. | The example made sense while I was reading it.,Pragmatics,explicit_topic_reference,0.95,True,v3_3_boundary_slice:followup_opener_explicit_shift
topic_label_v3_3_discourse_01001,"hmm, the current thing is less confusing now; the next topic I need is Color Contrast.",Budgeting,Cellular Respiration | Systems of Equations | Budgeting | Blind Spot Checks,I asked about Budgeting before. | I do not need more facts yet; I need the shape of it.,Color Contrast,explicit_topic_reference,0.96,True,v3_3_boundary_slice:followup_opener_explicit_shift
topic_label_v3_3_discourse_01002,I do not think this is about Derivatives anymore. I think it is about Pragmatics.,Derivatives,Derivatives,Can you help me understand Derivatives? | The first explanation helped a little.,Pragmatics,explicit_topic_reference,0.91,True,v3_3_boundary_slice:followup_opener_explicit_shift
topic_label_v3_3_discourse_01003,"Cool, but the thing I actually need next is Integrals.",Logarithms,Logarithms | Integrals,We were talking about Logarithms. | I got the basic idea but not the deeper part.,Integrals,explicit_topic_reference,0.96,True,v3_3_boundary_slice:followup_opener_explicit_shift
topic_label_v3_3_discourse_01004,"Before we keep going, can we pivot to Blood Pressure Regulation?",Wave-Particle Duality,Quadratic Functions | Caching | Color Contrast | Confirmation Bias | Electricity | Executive Function | Free Body Diagrams | Trigonometry | Event Loop | Insurance Deductible | Wave-Particle Duality | Cloud Formation | Topic Sentences | Plate Tectonics | Contract Law Basics | Lifetime Value | Transit Planning | API Authentication | Close Reading | Dopamine | Regression Lines | Plea Bargains | French Pronunciation | Typography | Pragmatics,I do not understand light being both a wave and a particle. | The wave example helped a little.,Blood Pressure Regulation,explicit_topic_reference,0.92,True,v3_3_boundary_slice:followup_opener_explicit_shift
topic_label_v3_3_discourse_01005,"Actually, different direction: I need help with Measuring Ingredients.",Blood Pressure Regulation,Blood Pressure Regulation,We were talking about Blood Pressure Regulation. | I got the basic idea but not the deeper part.,Measuring Ingredients,explicit_topic_reference,0.90,True,v3_3_boundary_slice:followup_opener_explicit_shift
topic_label_v3_3_discourse_01006,That part is fine now; Resonance is the part I do not understand.,Pragmatics,Pragmatics,We were talking about Pragmatics. | I got the basic idea but not the deeper part.,Resonance,explicit_topic_reference,0.97,True,v3_3_boundary_slice:followup_opener_explicit_shift
topic_label_v3_3_discourse_01007,"not gonna lie, the current thing is less confusing now; the next topic I need is Topic Sentences.",Renewable Energy Grid,Resonance | Sodium-Potassium Pump | Topic Sentences | Derivatives | OAuth Flow | Budgeting | Treaty of Versailles | Contract Law Basics | Renewable Energy Grid | Logical Fallacies | Dopamine | Normal Distribution | Event Loop | Kinetic Energy,We were talking about Renewable Energy Grid. | I got the basic idea but not the deeper part.,Topic Sentences,explicit_topic_reference,0.93,True,v3_3_boundary_slice:followup_opener_explicit_shift
topic_label_v3_3_discourse_01008,I think I understand this one. Could we move to Systems of Equations?,Executive Function,Normal Distribution | Executive Function,We were talking about Executive Function. | I got the basic idea but not the deeper part.,Systems of Equations,explicit_topic_reference,0.92,True,v3_3_boundary_slice:followup_opener_explicit_shift
topic_label_v3_3_discourse_01009,I want to stop here and learn Quadratic Functions from the beginning.,Insurance Deductible,Preterite vs Imperfect | Insurance Deductible | Quadratic Functions,I asked about Insurance Deductible before. | I do not need more facts yet; I need the shape of it.,Quadratic Functions,explicit_topic_reference,0.97,True,v3_3_boundary_slice:followup_opener_explicit_shift
topic_label_v3_3_discourse_01010,"I was asking about Plea Bargains, but now the blocker is Cellular Respiration.",Plea Bargains,Blood Pressure Regulation | Insurance Deductible | Mitosis vs Meiosis | Plea Bargains | Cellular Respiration | Caching | Cold War Proxy Wars | Entropy,I think Plea Bargains is the topic I am on. | The example made sense while I was reading it.,Cellular Respiration,explicit_topic_reference,0.95,True,v3_3_boundary_slice:followup_opener_explicit_shift
topic_label_v3_3_discourse_01011,"This helped, but now I want to understand Blind Spot Checks.",Bayes Theorem,Bayes Theorem | Wave-Particle Duality | Blind Spot Checks,Can you help me understand Bayes Theorem? | The first explanation helped a little.,Blind Spot Checks,explicit_topic_reference,0.98,True,v3_3_boundary_slice:followup_opener_explicit_shift
topic_label_v3_3_discourse_01012,Could we park Passive Voice and do Mitosis vs Meiosis instead?,Passive Voice,Gesture Drawing | Fractions | Passive Voice | Osmosis | Logarithms | Kinetic Energy | API Authentication | Derivatives | Ocean Currents | Cold War Proxy Wars | Plate Tectonics | Bayes Theorem | Air Pressure Systems,We were talking about Passive Voice. | I got the basic idea but not the deeper part.,Mitosis vs Meiosis,explicit_topic_reference,0.95,True,v3_3_boundary_slice:followup_opener_explicit_shift
topic_label_v3_3_discourse_01013,"maybe this is a new topic, but this helped a lot, but I just realized I need Color Contrast, not Ocean Currents.",Ocean Currents,Ocean Currents,I asked about Ocean Currents before. | I do not need more facts yet; I need the shape of it.,Color Contrast,explicit_topic_reference,0.90,True,v3_3_boundary_slice:followup_opener_explicit_shift
topic_label_v3_3_discourse_01014,"Not to derail things, but I think my real question is Typography.",Environment Variables,Transit Planning | Action Potentials | Typography | Environment Variables,We were talking about Environment Variables. | I got the basic idea but not the deeper part.,Typography,explicit_topic_reference,0.97,True,v3_3_boundary_slice:followup_opener_explicit_shift
topic_label_v3_3_discourse_01015,Let’s leave Cold War Proxy Wars for a bit and talk about Osmosis.,Cold War Proxy Wars,Carbon Cycle | Entropy | Sodium-Potassium Pump | Wave-Particle Duality | Logical Fallacies | Typography | Cloud Formation | Tire Pressure | Pragmatics | French Pronunciation | Osmosis | Action Potentials | Reinforcement Learning | Cold War Proxy Wars | Fractions | Event Loop | Normal Distribution,We were talking about Cold War Proxy Wars. | I got the basic idea but not the deeper part.,Osmosis,explicit_topic_reference,0.93,True,v3_3_boundary_slice:followup_opener_explicit_shift
topic_label_v3_3_discourse_01016,That example helped. What about Mitosis vs Meiosis?,Dopamine,Emotional Regulation | Air Pressure Systems | Action Potentials | Reading Comprehension | Inflation | Dopamine | Carbon Cycle,I want to understand dopamine. | The reward example helped but not fully.,Mitosis vs Meiosis,explicit_topic_reference,0.91,True,v3_3_boundary_slice:followup_opener_explicit_shift
topic_label_v3_3_discourse_01017,"small pivot: not to derail things, but I think my real question is Kinetic Energy.",Food Webs,Executive Function | Food Webs | Systems of Equations,Can you help me understand Food Webs? | The first explanation helped a little.,Kinetic Energy,explicit_topic_reference,0.93,True,v3_3_boundary_slice:followup_opener_explicit_shift
topic_label_v3_3_discourse_01018,"This helped a lot, but I just realized I need Civil Liberties vs Civil Rights, not Ocean Currents.",Ocean Currents,Correlation vs Causation | Topic Sentences | Photosynthesis | Ocean Currents | Integrals | Osmosis | Kidney Filtration | Food Webs | Budgeting,I think Ocean Currents is the topic I am on. | The example made sense while I was reading it.,Civil Liberties vs Civil Rights,explicit_topic_reference,0.94,True,v3_3_boundary_slice:followup_opener_explicit_shift
topic_label_v3_3_discourse_01019,"This helped a lot, but I just realized I need Cloud Formation, not Preterite vs Imperfect.",Preterite vs Imperfect,Air Pressure Systems | Budgeting | Quadratic Functions | Preterite vs Imperfect | Environment Variables | API Authentication | Kinetic Energy | Plea Bargains | Civil Liberties vs Civil Rights,,Cloud Formation,explicit_topic_reference,0.94,True,v3_3_boundary_slice:followup_opener_explicit_shift
topic_label_v3_3_discourse_01020,"Okay, I get that part — now I want to learn about Insurance Deductible.",Sodium-Potassium Pump,Sodium-Potassium Pump,We were talking about Sodium-Potassium Pump. | I got the basic idea but not the deeper part.,Insurance Deductible,explicit_topic_reference,0.98,True,v3_3_boundary_slice:followup_opener_explicit_shift
topic_label_v3_3_discourse_01021,I am good on Cellular Respiration for now. Can we do Groundwater?,Cellular Respiration,Cellular Respiration | Groundwater,I think Cellular Respiration is the topic I am on. | The example made sense while I was reading it.,Groundwater,explicit_topic_reference,0.98,True,v3_3_boundary_slice:followup_opener_explicit_shift
topic_label_v3_3_discourse_01022,"Not to derail things, but I think my real question is Treaty of Versailles.",Lifetime Value,Derivatives | Entropy | Action Potentials | Bayes Theorem | Contract Law Basics | Lifetime Value | Fractions | Renewable Energy Grid | Trigonometry,I asked about Lifetime Value before. | I do not need more facts yet; I need the shape of it.,Treaty of Versailles,explicit_topic_reference,0.93,True,v3_3_boundary_slice:followup_opener_explicit_shift
topic_label_v3_3_discourse_01023,"Before we keep going, can we pivot to Dopamine?",Renewable Energy Grid,Wave-Particle Duality | Entropy | Lifetime Value | Supply and Demand | Contract Law Basics | Renewable Energy Grid | French Pronunciation | Dopamine | OAuth Flow | Logarithms | Budgeting | Regression Lines | Torque | Logical Fallacies | Topic Sentences | Color Contrast | Environment Variables | Gas Laws | Passive Voice | Air Pressure Systems | Groundwater | Event Loop | Cold War Proxy Wars | Circuit Breakers | Measuring Ingredients | Carbon Cycle,I asked about Renewable Energy Grid before. | I do not need more facts yet; I need the shape of it.,Dopamine,explicit_topic_reference,0.91,True,v3_3_boundary_slice:followup_opener_explicit_shift
topic_label_v3_3_discourse_01024,"Before we keep going, can we pivot to Groundwater?",Electric Fields,Kidney Filtration | Plea Bargains | Reinforcement Learning | OAuth Flow | Integrals | Quadratic Functions | Logarithms | Blind Spot Checks | Electric Fields | Sodium-Potassium Pump | Trigonometry | Cloud Formation | Food Webs,We were talking about Electric Fields. | I got the basic idea but not the deeper part.,Groundwater,explicit_topic_reference,0.89,True,v3_3_boundary_slice:followup_opener_explicit_shift
topic_label_v3_3_discourse_01025,"That makes sense, but can we switch to Trigonometry?",Supply and Demand,Supply and Demand,I asked about Supply and Demand before. | I do not need more facts yet; I need the shape of it.,Trigonometry,explicit_topic_reference,0.95,True,v3_3_boundary_slice:followup_opener_explicit_shift
topic_label_v3_3_discourse_01026,That example helped. What about Derivatives?,Caching,Photosynthesis | Caching,I think Caching is the topic I am on. | The example made sense while I was reading it.,Derivatives,explicit_topic_reference,0.94,True,v3_3_boundary_slice:followup_opener_explicit_shift
topic_label_v3_3_discourse_01027,I want to stop here and learn Torque from the beginning.,Free Body Diagrams,Torque | Free Body Diagrams,We were talking about Free Body Diagrams. | I got the basic idea but not the deeper part.,Torque,explicit_topic_reference,0.90,True,v3_3_boundary_slice:followup_opener_explicit_shift
topic_label_v3_3_discourse_01028,"Actually, different direction: I need help with Typography.",Normal Distribution,Tokenization | Measuring Ingredients | Trigonometry | Osmosis | Transit Planning | Ocean Currents | Pragmatics | Kidney Filtration | Mitosis vs Meiosis | Renewable Energy Grid | Free Body Diagrams | Normal Distribution | Civil Liberties vs Civil Rights | Tire Pressure | Passive Voice | Insurance Deductible | Confirmation Bias | Reading Comprehension | Photosynthesis | Typography | Gas Laws | Regression Lines | Action Potentials | Defamation | Preterite vs Imperfect,I asked about Normal Distribution before. | I do not need more facts yet; I need the shape of it.,Typography,explicit_topic_reference,0.92,True,v3_3_boundary_slice:followup_opener_explicit_shift
topic_label_v3_3_discourse_01029,"maybe this is a new topic, but this helped, but now I want to understand Cold War Proxy Wars.",Free Body Diagrams,Groundwater | Wave-Particle Duality | Emotional Regulation | Event Loop | Lifetime Value | Electric Fields | Systems of Equations | Free Body Diagrams | Gas Laws,I asked about Free Body Diagrams before. | I do not need more facts yet; I need the shape of it.,Cold War Proxy Wars,explicit_topic_reference,0.93,True,v3_3_boundary_slice:followup_opener_explicit_shift
topic_label_v3_3_discourse_01030,"Before we keep going, can we pivot to Event Loop?",Insurance Deductible,Event Loop | Insurance Deductible,,Event Loop,explicit_topic_reference,0.92,True,v3_3_boundary_slice:followup_opener_explicit_shift
topic_label_v3_3_discourse_01031,"This may be a switch, but can you explain Blood Pressure Regulation?",Entropy,API Authentication | Entropy | Logical Fallacies | Integrals,Can you help me understand Entropy? | The first explanation helped a little.,Blood Pressure Regulation,explicit_topic_reference,0.90,True,v3_3_boundary_slice:followup_opener_explicit_shift
topic_label_v3_3_discourse_01032,I do not think this is about Reading Comprehension anymore. I think it is about Civil Liberties vs Civil Rights.,Reading Comprehension,Civil Liberties vs Civil Rights | Gesture Drawing | Reading Comprehension,We were talking about Reading Comprehension. | I got the basic idea but not the deeper part.,Civil Liberties vs Civil Rights,explicit_topic_reference,0.91,True,v3_3_boundary_slice:followup_opener_explicit_shift
topic_label_v3_3_discourse_01033,That cleared up enough. I want to start Emotional Regulation now.,Correlation vs Causation,Sodium-Potassium Pump | Correlation vs Causation | French Pronunciation | Trigonometry,Can you help me understand Correlation vs Causation? | The first explanation helped a little.,Emotional Regulation,explicit_topic_reference,0.94,True,v3_3_boundary_slice:followup_opener_explicit_shift
topic_label_v3_3_discourse_01034,I think I am done with this example. Next I want Torque.,Insurance Deductible,OAuth Flow | Confirmation Bias | Insurance Deductible,,Torque,explicit_topic_reference,0.90,True,v3_3_boundary_slice:followup_opener_explicit_shift
topic_label_v3_3_discourse_01035,"actually actually, that makes sense, but can we switch to Kinetic Energy?",Wave-Particle Duality,Wave-Particle Duality | Kinetic Energy,I do not understand light being both a wave and a particle. | The wave example helped a little.,Kinetic Energy,explicit_topic_reference,0.93,True,v3_3_boundary_slice:followup_opener_explicit_shift
topic_label_v3_3_discourse_01036,I think I am done with this example. Next I want Executive Function.,Typography,Typography,I asked about Typography before. | I do not need more facts yet; I need the shape of it.,Executive Function,explicit_topic_reference,0.98,True,v3_3_boundary_slice:followup_opener_explicit_shift
topic_label_v3_3_discourse_01037,"ok wait, i think I understand this one. Could we move to Tokenization?",Gesture Drawing,Gesture Drawing,We were talking about Gesture Drawing. | I got the basic idea but not the deeper part.,Tokenization,explicit_topic_reference,0.97,True,v3_3_boundary_slice:followup_opener_explicit_shift
topic_label_v3_3_discourse_01038,"This may be a switch, but can you explain Vector Search?",Renewable Energy Grid,Renewable Energy Grid | Resonance | Inflation,,Vector Search,explicit_topic_reference,0.98,True,v3_3_boundary_slice:followup_opener_explicit_shift
topic_label_v3_3_discourse_01039,"maybe this is a new topic, but that cleared up enough. I want to start Logarithms now.",Fractions,Topic Sentences | Logical Fallacies | Gas Laws | Photosynthesis | Trigonometry | Quadratic Functions | Electricity | Cold War Proxy Wars | Mitosis vs Meiosis | Blind Spot Checks | Emotional Regulation | Reading Comprehension | Logarithms | Blood Pressure Regulation | Circuit Breakers | Fractions | OAuth Flow,I think Fractions is the topic I am on. | The example made sense while I was reading it.,Logarithms,explicit_topic_reference,0.93,True,v3_3_boundary_slice:followup_opener_explicit_shift
topic_label_v3_3_discourse_01040,small pivot: let’s leave Plea Bargains for a bit and talk about Budgeting.,Plea Bargains,Plea Bargains | Action Potentials | Sodium-Potassium Pump,I asked about Plea Bargains before. | I do not need more facts yet; I need the shape of it.,Budgeting,explicit_topic_reference,0.97,True,v3_3_boundary_slice:followup_opener_explicit_shift
topic_label_v3_3_discourse_01041,"Actually, different direction: I need help with Osmosis.",Preterite vs Imperfect,Preterite vs Imperfect,I asked about Preterite vs Imperfect before. | I do not need more facts yet; I need the shape of it.,Osmosis,explicit_topic_reference,0.91,True,v3_3_boundary_slice:followup_opener_explicit_shift
topic_label_v3_3_discourse_01042,"That makes sense, but can we switch to Typography?",Cold War Proxy Wars,Cold War Proxy Wars | Typography,,Typography,explicit_topic_reference,0.91,True,v3_3_boundary_slice:followup_opener_explicit_shift
topic_label_v3_3_discourse_01043,Let’s leave Sodium-Potassium Pump for a bit and talk about Cloud Formation.,Sodium-Potassium Pump,Cloud Formation | Measuring Ingredients | Sodium-Potassium Pump | Carbon Cycle,We were talking about Sodium-Potassium Pump. | I got the basic idea but not the deeper part.,Cloud Formation,explicit_topic_reference,0.90,True,v3_3_boundary_slice:followup_opener_explicit_shift
topic_label_v3_3_discourse_01044,I want to stop here and learn Potential Energy from the beginning.,Sodium-Potassium Pump,Plea Bargains | Sodium-Potassium Pump | Groundwater,We were talking about Sodium-Potassium Pump. | I got the basic idea but not the deeper part.,Potential Energy,explicit_topic_reference,0.96,True,v3_3_boundary_slice:followup_opener_explicit_shift
topic_label_v3_3_discourse_01045,"Ok, new question: how does Tokenization work?",Tire Pressure,Tire Pressure | Logarithms | Systems of Equations | Measuring Ingredients | Blood Pressure Regulation | Cellular Respiration | Preterite vs Imperfect | Bayes Theorem | Dopamine | Food Webs | Event Loop | Free Body Diagrams | Sodium-Potassium Pump | Treaty of Versailles | Resonance | Entropy | Electricity,Can you help me understand Tire Pressure? | The first explanation helped a little.,Tokenization,explicit_topic_reference,0.97,True,v3_3_boundary_slice:followup_opener_explicit_shift
topic_label_v3_3_discourse_01046,"Cool, but the thing I actually need next is Gesture Drawing.",Defamation,Defamation | Gesture Drawing,Can you help me understand Defamation? | The first explanation helped a little.,Gesture Drawing,explicit_topic_reference,0.90,True,v3_3_boundary_slice:followup_opener_explicit_shift
topic_label_v3_3_discourse_01047,"Okay, I get that part — now I want to learn about Reinforcement Learning.",Budgeting,Budgeting,I think Budgeting is the topic I am on. | The example made sense while I was reading it.,Reinforcement Learning,explicit_topic_reference,0.93,True,v3_3_boundary_slice:followup_opener_explicit_shift
topic_label_v3_3_discourse_01048,The current thing is less confusing now; the next topic I need is Circuit Breakers.,Contract Law Basics,Blood Pressure Regulation | Contract Law Basics | Wave-Particle Duality,I think Contract Law Basics is the topic I am on. | The example made sense while I was reading it.,Circuit Breakers,explicit_topic_reference,0.94,True,v3_3_boundary_slice:followup_opener_explicit_shift
topic_label_v3_3_discourse_01049,small pivot: i am good on Entropy for now. Can we do Action Potentials?,Entropy,Entropy | Torque | Caching | Action Potentials | Reading Comprehension | Contract Law Basics | Resonance | Electric Fields,We were talking about Entropy. | I got the basic idea but not the deeper part.,Action Potentials,explicit_topic_reference,0.94,True,v3_3_boundary_slice:followup_opener_explicit_shift
topic_label_v3_3_discourse_01050,Can we change topics to Torque? The current one can wait.,Environment Variables,Correlation vs Causation | Caching | Quadratic Functions | Environment Variables | Entropy | Ocean Currents | Insurance Deductible | Mitosis vs Meiosis | Torque | Pragmatics | Reinforcement Learning | Fractions | Trigonometry | Sodium-Potassium Pump | Logical Fallacies | Air Pressure Systems | Gesture Drawing | Lifetime Value,Can you help me understand Environment Variables? | The first explanation helped a little.,Torque,explicit_topic_reference,0.92,True,v3_3_boundary_slice:followup_opener_explicit_shift
topic_label_v3_3_discourse_01051,I am good on Circuit Breakers for now. Can we do French Pronunciation?,Circuit Breakers,Typography | Food Webs | Action Potentials | Circuit Breakers | French Pronunciation | Reinforcement Learning | Kidney Filtration | Entropy | Blind Spot Checks | Fractions | Treaty of Versailles | Integrals | Contract Law Basics | Inflation | Insurance Deductible | Resonance | Ocean Currents | Tire Pressure,Can you help me understand Circuit Breakers? | The first explanation helped a little.,French Pronunciation,explicit_topic_reference,0.94,True,v3_3_boundary_slice:followup_opener_explicit_shift
topic_label_v3_3_discourse_01052,I think I understand this one. Could we move to Resonance?,Passive Voice,Passive Voice,I think Passive Voice is the topic I am on. | The example made sense while I was reading it.,Resonance,explicit_topic_reference,0.89,True,v3_3_boundary_slice:followup_opener_explicit_shift
topic_label_v3_3_discourse_01053,"I know we were on Cloud Formation, but Vector Search is what I actually need for homework.",Cloud Formation,Cloud Formation | Vector Search,I think Cloud Formation is the topic I am on. | The example made sense while I was reading it.,Vector Search,explicit_topic_reference,0.96,True,v3_3_boundary_slice:followup_opener_explicit_shift
topic_label_v3_3_discourse_01054,"Not to derail things, but I think my real question is Plea Bargains.",Photosynthesis,Mitosis vs Meiosis | OAuth Flow | Preterite vs Imperfect | Trigonometry | Environment Variables | Normal Distribution | Plea Bargains | Photosynthesis | Blind Spot Checks | French Pronunciation | Lifetime Value | Gas Laws | Food Webs | Systems of Equations | Dopamine | Budgeting | Groundwater,Can you help me understand Photosynthesis? | The first explanation helped a little.,Plea Bargains,explicit_topic_reference,0.97,True,v3_3_boundary_slice:followup_opener_explicit_shift
topic_label_v3_3_discourse_01055,"That makes sense, but can we switch to Vector Search?",Carbon Cycle,Carbon Cycle,Can you help me understand Carbon Cycle? | The first explanation helped a little.,Vector Search,explicit_topic_reference,0.91,True,v3_3_boundary_slice:followup_opener_explicit_shift
topic_label_v3_3_discourse_01056,small pivot: can we change topics to Correlation vs Causation? The current one can wait.,Electric Fields,Lifetime Value | Kidney Filtration | Quadratic Functions | Gas Laws | French Pronunciation | Osmosis | Logarithms | Integrals | API Authentication | Cellular Respiration | Torque | Reading Comprehension | Cold War Proxy Wars | Electric Fields | Correlation vs Causation | Event Loop | Dopamine | Tire Pressure,,Correlation vs Causation,explicit_topic_reference,0.95,True,v3_3_boundary_slice:followup_opener_explicit_shift
topic_label_v3_3_discourse_01057,"This helped a lot, but I just realized I need Derivatives, not Insurance Deductible.",Insurance Deductible,Logarithms | Confirmation Bias | Entropy | Insurance Deductible | Fractions | Ocean Currents | Carbon Cycle | Reading Comprehension | Potential Energy | Caching | Free Body Diagrams | Tokenization | Circuit Breakers,I asked about Insurance Deductible before. | I do not need more facts yet; I need the shape of it.,Derivatives,explicit_topic_reference,0.93,True,v3_3_boundary_slice:followup_opener_explicit_shift
topic_label_v3_3_discourse_01058,"That makes sense, but can we switch to Event Loop?",Plate Tectonics,Plate Tectonics,Can you help me understand Plate Tectonics? | The first explanation helped a little.,Event Loop,explicit_topic_reference,0.91,True,v3_3_boundary_slice:followup_opener_explicit_shift
topic_label_v3_3_discourse_01059,"This helped, but now I want to understand OAuth Flow.",Blind Spot Checks,Electric Fields | Regression Lines | Vector Search | Defamation | Blind Spot Checks | OAuth Flow | French Pronunciation | Caching,I asked about Blind Spot Checks before. | I do not need more facts yet; I need the shape of it.,OAuth Flow,explicit_topic_reference,0.93,True,v3_3_boundary_slice:followup_opener_explicit_shift
topic_label_v3_3_discourse_01060,"Actually, different direction: I need help with Lifetime Value.",Civil Liberties vs Civil Rights,Inflation | Civil Liberties vs Civil Rights,,Lifetime Value,explicit_topic_reference,0.95,True,v3_3_boundary_slice:followup_opener_explicit_shift
topic_label_v3_3_discourse_01061,The current thing is less confusing now; the next topic I need is Kidney Filtration.,Regression Lines,Regression Lines,,Kidney Filtration,explicit_topic_reference,0.94,True,v3_3_boundary_slice:followup_opener_explicit_shift
topic_label_v3_3_discourse_01062,That example helped. What about Air Pressure Systems?,Electricity,Contract Law Basics | Electricity,Can you help me understand Electricity? | The first explanation helped a little.,Air Pressure Systems,explicit_topic_reference,0.92,True,v3_3_boundary_slice:followup_opener_explicit_shift
topic_label_v3_3_discourse_01063,I want to stop here and learn Fractions from the beginning.,Photosynthesis,Fractions | Photosynthesis,Can you help me understand Photosynthesis? | The first explanation helped a little.,Fractions,explicit_topic_reference,0.91,True,v3_3_boundary_slice:followup_opener_explicit_shift
topic_label_v3_3_discourse_01064,Let’s leave Reading Comprehension for a bit and talk about Ocean Currents.,Reading Comprehension,Reading Comprehension,We were talking about Reading Comprehension. | I got the basic idea but not the deeper part.,Ocean Currents,explicit_topic_reference,0.96,True,v3_3_boundary_slice:followup_opener_explicit_shift
topic_label_v3_3_discourse_01065,"hmm, i know we were on Budgeting, but Mitosis vs Meiosis is what I actually need for homework.",Budgeting,Cloud Formation | Budgeting | Reinforcement Learning | API Authentication | Emotional Regulation | Pragmatics | Osmosis | Blind Spot Checks | Free Body Diagrams,We were talking about Budgeting. | I got the basic idea but not the deeper part.,Mitosis vs Meiosis,explicit_topic_reference,0.98,True,v3_3_boundary_slice:followup_opener_explicit_shift
topic_label_v3_3_discourse_01066,I am good on Kinetic Energy for now. Can we do Groundwater?,Kinetic Energy,Kinetic Energy,I asked about Kinetic Energy before. | I do not need more facts yet; I need the shape of it.,Groundwater,explicit_topic_reference,0.94,True,v3_3_boundary_slice:followup_opener_explicit_shift
topic_label_v3_3_discourse_01067,I do not think this is about Passive Voice anymore. I think it is about Budgeting.,Passive Voice,Passive Voice | Normal Distribution | Civil Liberties vs Civil Rights | Contract Law Basics,I asked about Passive Voice before. | I do not need more facts yet; I need the shape of it.,Budgeting,explicit_topic_reference,0.96,True,v3_3_boundary_slice:followup_opener_explicit_shift
topic_label_v3_3_discourse_01068,"Ok, new question: how does Blind Spot Checks work?",Food Webs,Blind Spot Checks | Action Potentials | Torque | Preterite vs Imperfect | Food Webs,I asked about Food Webs before. | I do not need more facts yet; I need the shape of it.,Blind Spot Checks,explicit_topic_reference,0.89,True,v3_3_boundary_slice:followup_opener_explicit_shift
topic_label_v3_3_discourse_01069,"Before we keep going, can we pivot to Supply and Demand?",Air Pressure Systems,Normal Distribution | Air Pressure Systems,,Supply and Demand,explicit_topic_reference,0.95,True,v3_3_boundary_slice:followup_opener_explicit_shift
topic_label_v3_3_discourse_01070,That cleared up enough. I want to start Cellular Respiration now.,Defamation,Defamation | Potential Energy | Cellular Respiration | Reinforcement Learning | Kinetic Energy,,Cellular Respiration,explicit_topic_reference,0.95,True,v3_3_boundary_slice:followup_opener_explicit_shift
topic_label_v3_3_discourse_01071,Could we park Trigonometry and do Correlation vs Causation instead?,Trigonometry,Sodium-Potassium Pump | Potential Energy | Treaty of Versailles | Passive Voice | Resonance | Trigonometry | Food Webs | Correlation vs Causation,I asked about Trigonometry before. | I do not need more facts yet; I need the shape of it.,Correlation vs Causation,explicit_topic_reference,0.90,True,v3_3_boundary_slice:followup_opener_explicit_shift
topic_label_v3_3_discourse_01072,"This may be a switch, but can you explain French Pronunciation?",Derivatives,Derivatives | French Pronunciation,,French Pronunciation,explicit_topic_reference,0.98,True,v3_3_boundary_slice:followup_opener_explicit_shift
topic_label_v3_3_discourse_01073,"small pivot: before we keep going, can we pivot to Passive Voice?",Kidney Filtration,Supply and Demand | Kidney Filtration | API Authentication,Can you help me understand Kidney Filtration? | The first explanation helped a little.,Passive Voice,explicit_topic_reference,0.91,True,v3_3_boundary_slice:followup_opener_explicit_shift
topic_label_v3_3_discourse_01074,I do not think this is about Ocean Currents anymore. I think it is about Kinetic Energy.,Ocean Currents,Tire Pressure | Typography | Ocean Currents,,Kinetic Energy,explicit_topic_reference,0.91,True,v3_3_boundary_slice:followup_opener_explicit_shift
topic_label_v3_3_discourse_01075,"Now that I sort of get Mitosis vs Meiosis, I want to understand Confirmation Bias.",Mitosis vs Meiosis,Measuring Ingredients | Mitosis vs Meiosis | Confirmation Bias | Cloud Formation,I think Mitosis vs Meiosis is the topic I am on. | The example made sense while I was reading it.,Confirmation Bias,explicit_topic_reference,0.90,True,v3_3_boundary_slice:followup_opener_explicit_shift
topic_label_v3_3_discourse_01076,"Now that I sort of get Mitosis vs Meiosis, I want to understand Dopamine.",Mitosis vs Meiosis,Civil Liberties vs Civil Rights | Resonance | Mitosis vs Meiosis | Environment Variables | Dopamine | Reinforcement Learning | Pragmatics | Fractions,,Dopamine,explicit_topic_reference,0.90,True,v3_3_boundary_slice:followup_opener_explicit_shift
topic_label_v3_3_discourse_01077,"small pivot: this helped, but now I want to understand Trigonometry.",Gas Laws,Gas Laws,I think Gas Laws is the topic I am on. | The example made sense while I was reading it.,Trigonometry,explicit_topic_reference,0.92,True,v3_3_boundary_slice:followup_opener_explicit_shift
topic_label_v3_3_discourse_01078,"Actually, different direction: I need help with Typography.",Cellular Respiration,Food Webs | Caching | Blood Pressure Regulation | Tire Pressure | Environment Variables | Inflation | Cellular Respiration | Ocean Currents | Quadratic Functions | Logarithms | Gesture Drawing | Torque | Kidney Filtration | Measuring Ingredients | Circuit Breakers | Defamation | Integrals | Kinetic Energy | Treaty of Versailles | Passive Voice | Gas Laws | Reinforcement Learning | OAuth Flow | Electricity | Electric Fields,,Typography,explicit_topic_reference,0.90,True,v3_3_boundary_slice:followup_opener_explicit_shift
topic_label_v3_3_discourse_01079,I think I am done with this example. Next I want French Pronunciation.,Wave-Particle Duality,Wave-Particle Duality | French Pronunciation,I do not understand light being both a wave and a particle. | The wave example helped a little.,French Pronunciation,explicit_topic_reference,0.96,True,v3_3_boundary_slice:followup_opener_explicit_shift
topic_label_v3_3_discourse_01080,"I was asking about Reinforcement Learning, but now the blocker is Supply and Demand.",Reinforcement Learning,Reinforcement Learning | Topic Sentences | Kidney Filtration | Air Pressure Systems | Cold War Proxy Wars | Torque | Sodium-Potassium Pump,I think Reinforcement Learning is the topic I am on. | The example made sense while I was reading it.,Supply and Demand,explicit_topic_reference,0.90,True,v3_3_boundary_slice:followup_opener_explicit_shift
topic_label_v3_3_discourse_01081,Can we change topics to Potential Energy? The current one can wait.,Tokenization,Topic Sentences | Passive Voice | Correlation vs Causation | Kinetic Energy | Circuit Breakers | Groundwater | Osmosis | Close Reading | Resonance | Reading Comprehension | Tokenization | Typography | Preterite vs Imperfect,We were talking about Tokenization. | I got the basic idea but not the deeper part.,Potential Energy,explicit_topic_reference,0.90,True,v3_3_boundary_slice:followup_opener_explicit_shift
topic_label_v3_3_discourse_01082,"I know we were on Electric Fields, but Osmosis is what I actually need for homework.",Electric Fields,Osmosis | Electric Fields | Groundwater,I asked about Electric Fields before. | I do not need more facts yet; I need the shape of it.,Osmosis,explicit_topic_reference,0.90,True,v3_3_boundary_slice:followup_opener_explicit_shift
topic_label_v3_3_discourse_01083,"maybe this is a new topic, but this helped, but now I want to understand Blood Pressure Regulation.",Cloud Formation,Normal Distribution | Cloud Formation | Defamation | Electric Fields | Gesture Drawing | Gas Laws | Regression Lines | Lifetime Value | Reinforcement Learning | Potential Energy | Sodium-Potassium Pump | Blood Pressure Regulation | Blind Spot Checks,,Blood Pressure Regulation,explicit_topic_reference,0.95,True,v3_3_boundary_slice:followup_opener_explicit_shift
topic_label_v3_3_discourse_01084,"This helped a lot, but I just realized I need Electric Fields, not Defamation.",Defamation,Gas Laws | Defamation | Plate Tectonics | Pragmatics,I asked about Defamation before. | I do not need more facts yet; I need the shape of it.,Electric Fields,explicit_topic_reference,0.89,True,v3_3_boundary_slice:followup_opener_explicit_shift
topic_label_v3_3_discourse_01085,"This may be a switch, but can you explain Color Contrast?",Kinetic Energy,Kinetic Energy,Can you help me understand Kinetic Energy? | The first explanation helped a little.,Color Contrast,explicit_topic_reference,0.90,True,v3_3_boundary_slice:followup_opener_explicit_shift
topic_label_v3_3_discourse_01086,"This helped a lot, but I just realized I need Blood Pressure Regulation, not Plea Bargains.",Plea Bargains,Executive Function | Trigonometry | Inflation | Pragmatics | Color Contrast | Quadratic Functions | Gesture Drawing | Transit Planning | Gas Laws | Plea Bargains | Blood Pressure Regulation | Logical Fallacies | Blind Spot Checks | Electricity | Kinetic Energy | Environment Variables | Air Pressure Systems,,Blood Pressure Regulation,explicit_topic_reference,0.95,True,v3_3_boundary_slice:followup_opener_explicit_shift
topic_label_v3_3_discourse_01087,"Before we keep going, can we pivot to Preterite vs Imperfect?",Close Reading,Close Reading,I asked about Close Reading before. | I do not need more facts yet; I need the shape of it.,Preterite vs Imperfect,explicit_topic_reference,0.98,True,v3_3_boundary_slice:followup_opener_explicit_shift
topic_label_v3_3_discourse_01088,I think I am done with this example. Next I want Environment Variables.,Gesture Drawing,Executive Function | Supply and Demand | Carbon Cycle | Resonance | Gesture Drawing | Contract Law Basics | Tire Pressure | Tokenization | Passive Voice,,Environment Variables,explicit_topic_reference,0.90,True,v3_3_boundary_slice:followup_opener_explicit_shift
topic_label_v3_3_discourse_01089,Could we park Preterite vs Imperfect and do Reading Comprehension instead?,Preterite vs Imperfect,Preterite vs Imperfect,I think Preterite vs Imperfect is the topic I am on. | The example made sense while I was reading it.,Reading Comprehension,explicit_topic_reference,0.98,True,v3_3_boundary_slice:followup_opener_explicit_shift
topic_label_v3_3_discourse_01090,"Now that I sort of get Measuring Ingredients, I want to understand API Authentication.",Measuring Ingredients,Measuring Ingredients | API Authentication,Can you help me understand Measuring Ingredients? | The first explanation helped a little.,API Authentication,explicit_topic_reference,0.90,True,v3_3_boundary_slice:followup_opener_explicit_shift
topic_label_v3_3_discourse_01091,"This helped, but now I want to understand Circuit Breakers.",Correlation vs Causation,Quadratic Functions | Groundwater | Blind Spot Checks | Plate Tectonics | Typography | Correlation vs Causation | Executive Function | Regression Lines | Caching | Electric Fields | Transit Planning | Emotional Regulation | Torque | Free Body Diagrams | Reinforcement Learning | Fractions | Trigonometry | Budgeting | Cloud Formation | Photosynthesis | Preterite vs Imperfect | Kidney Filtration | Contract Law Basics | Dopamine | Measuring Ingredients,I think Correlation vs Causation is the topic I am on. | The example made sense while I was reading it.,Circuit Breakers,explicit_topic_reference,0.93,True,v3_3_boundary_slice:followup_opener_explicit_shift
topic_label_v3_3_discourse_01092,"That makes sense, but can we switch to Close Reading?",Integrals,Plate Tectonics | Groundwater | Kidney Filtration | Color Contrast | Reading Comprehension | Electricity | API Authentication | Integrals | Potential Energy | Food Webs | Ocean Currents | Cellular Respiration | Civil Liberties vs Civil Rights,Can you help me understand Integrals? | The first explanation helped a little.,Close Reading,explicit_topic_reference,0.93,True,v3_3_boundary_slice:followup_opener_explicit_shift
topic_label_v3_3_discourse_01093,I do not think this is about OAuth Flow anymore. I think it is about Food Webs.,OAuth Flow,Logical Fallacies | OAuth Flow | Sodium-Potassium Pump | Dopamine | Pragmatics | Lifetime Value | Executive Function | Vector Search | Systems of Equations | Civil Liberties vs Civil Rights | Photosynthesis | Environment Variables | Mitosis vs Meiosis,I asked about OAuth Flow before. | I do not need more facts yet; I need the shape of it.,Food Webs,explicit_topic_reference,0.92,True,v3_3_boundary_slice:followup_opener_explicit_shift
topic_label_v3_3_discourse_01094,That example helped. What about Tire Pressure?,Bayes Theorem,Plate Tectonics | Cellular Respiration | Wave-Particle Duality | Bayes Theorem,I think Bayes Theorem is the topic I am on. | The example made sense while I was reading it.,Tire Pressure,explicit_topic_reference,0.93,True,v3_3_boundary_slice:followup_opener_explicit_shift
topic_label_v3_3_discourse_01095,That cleared up enough. I want to start Supply and Demand now.,French Pronunciation,French Pronunciation | Transit Planning | Trigonometry,We were talking about French Pronunciation. | I got the basic idea but not the deeper part.,Supply and Demand,explicit_topic_reference,0.95,True,v3_3_boundary_slice:followup_opener_explicit_shift
topic_label_v3_3_discourse_01096,The current thing is less confusing now; the next topic I need is Reinforcement Learning.,Topic Sentences,Topic Sentences,,Reinforcement Learning,explicit_topic_reference,0.97,True,v3_3_boundary_slice:followup_opener_explicit_shift
topic_label_v3_3_discourse_01097,"ok wait, i want to stop here and learn Fractions from the beginning.",Insurance Deductible,Dopamine | Resonance | Mitosis vs Meiosis | Entropy | Reinforcement Learning | Tire Pressure | Plea Bargains | Emotional Regulation | Insurance Deductible | API Authentication | Kidney Filtration | Fractions | Typography | Color Contrast | Civil Liberties vs Civil Rights | Action Potentials | Correlation vs Causation | Budgeting,I asked about Insurance Deductible before. | I do not need more facts yet; I need the shape of it.,Fractions,explicit_topic_reference,0.93,True,v3_3_boundary_slice:followup_opener_explicit_shift
topic_label_v3_3_discourse_01098,"actually actually, actually, different direction: I need help with Insurance Deductible.",Inflation,Inflation,I asked about Inflation before. | I do not need more facts yet; I need the shape of it.,Insurance Deductible,explicit_topic_reference,0.95,True,v3_3_boundary_slice:followup_opener_explicit_shift
topic_label_v3_3_discourse_01099,"ok wait, that part is fine now; Electric Fields is the part I do not understand.",Vector Search,Potential Energy | Vector Search | Electric Fields | Executive Function,,Electric Fields,explicit_topic_reference,0.97,True,v3_3_boundary_slice:followup_opener_explicit_shift
topic_label_v3_3_discourse_01100,"not gonna lie, this helped, but now I want to understand Sodium-Potassium Pump.",Transit Planning,Potential Energy | Bayes Theorem | Derivatives | Tire Pressure | Kidney Filtration | Regression Lines | Emotional Regulation | Trigonometry | Insurance Deductible | Inflation | Measuring Ingredients | Pragmatics | Circuit Breakers | Torque | Entropy | Budgeting | Carbon Cycle | API Authentication | Correlation vs Causation | Groundwater | Environment Variables | Cold War Proxy Wars | Integrals | Transit Planning | Blood Pressure Regulation,I think Transit Planning is the topic I am on. | The example made sense while I was reading it.,Sodium-Potassium Pump,explicit_topic_reference,0.90,True,v3_3_boundary_slice:followup_opener_explicit_shift
topic_label_v3_3_discourse_01101,"Cool, but the thing I actually need next is Lifetime Value.",Executive Function,Photosynthesis | Civil Liberties vs Civil Rights | Correlation vs Causation | Executive Function,,Lifetime Value,explicit_topic_reference,0.91,True,v3_3_boundary_slice:followup_opener_explicit_shift
topic_label_v3_3_discourse_01102,"Okay, I get that part — now I want to learn about Cellular Respiration.",OAuth Flow,Normal Distribution | Dopamine | Ocean Currents | OAuth Flow,I think OAuth Flow is the topic I am on. | The example made sense while I was reading it.,Cellular Respiration,explicit_topic_reference,0.95,True,v3_3_boundary_slice:followup_opener_explicit_shift
topic_label_v3_3_discourse_01103,"actually actually, can we change topics to Executive Function? The current one can wait.",Emotional Regulation,Emotional Regulation | Executive Function,I think Emotional Regulation is the topic I am on. | The example made sense while I was reading it.,Executive Function,explicit_topic_reference,0.90,True,v3_3_boundary_slice:followup_opener_explicit_shift
topic_label_v3_3_discourse_01104,"That makes sense, but can we switch to Electric Fields?",Renewable Energy Grid,Renewable Energy Grid | Electric Fields | Tire Pressure | Food Webs | Preterite vs Imperfect | Vector Search | Emotional Regulation | Budgeting | Groundwater | Typography | Wave-Particle Duality | Reading Comprehension | Torque | Circuit Breakers,I think Renewable Energy Grid is the topic I am on. | The example made sense while I was reading it.,Electric Fields,explicit_topic_reference,0.93,True,v3_3_boundary_slice:followup_opener_explicit_shift
topic_label_v3_3_discourse_01105,I do not think this is about Wave-Particle Duality anymore. I think it is about Kidney Filtration.,Wave-Particle Duality,Kidney Filtration | Osmosis | Passive Voice | Entropy | Wave-Particle Duality | Confirmation Bias | Event Loop | Lifetime Value | Derivatives | Logarithms,I do not understand light being both a wave and a particle. | The wave example helped a little.,Kidney Filtration,explicit_topic_reference,0.95,True,v3_3_boundary_slice:followup_opener_explicit_shift
topic_label_v3_3_discourse_01106,I am good on Civil Liberties vs Civil Rights for now. Can we do Cold War Proxy Wars?,Civil Liberties vs Civil Rights,Cold War Proxy Wars | Civil Liberties vs Civil Rights,I asked about Civil Liberties vs Civil Rights before. | I do not need more facts yet; I need the shape of it.,Cold War Proxy Wars,explicit_topic_reference,0.95,True,v3_3_boundary_slice:followup_opener_explicit_shift
topic_label_v3_3_discourse_01107,"Now that I sort of get Reinforcement Learning, I want to understand Circuit Breakers.",Reinforcement Learning,Reinforcement Learning,We were talking about Reinforcement Learning. | I got the basic idea but not the deeper part.,Circuit Breakers,explicit_topic_reference,0.94,True,v3_3_boundary_slice:followup_opener_explicit_shift
topic_label_v3_3_discourse_01108,"Now that I sort of get Bayes Theorem, I want to understand Resonance.",Bayes Theorem,Pragmatics | Bayes Theorem,I think Bayes Theorem is the topic I am on. | The example made sense while I was reading it.,Resonance,explicit_topic_reference,0.92,True,v3_3_boundary_slice:followup_opener_explicit_shift
topic_label_v3_3_discourse_01109,The current thing is less confusing now; the next topic I need is Blood Pressure Regulation.,Budgeting,Budgeting | Potential Energy | Sodium-Potassium Pump | Plea Bargains,I asked about Budgeting before. | I do not need more facts yet; I need the shape of it.,Blood Pressure Regulation,explicit_topic_reference,0.90,True,v3_3_boundary_slice:followup_opener_explicit_shift
topic_label_v3_3_discourse_01110,"ok wait, could we park Logarithms and do Topic Sentences instead?",Logarithms,Logarithms,,Topic Sentences,explicit_topic_reference,0.91,True,v3_3_boundary_slice:followup_opener_explicit_shift
topic_label_v3_3_discourse_01111,I do not think this is about Environment Variables anymore. I think it is about Event Loop.,Environment Variables,Caching | Environment Variables | Carbon Cycle | Event Loop | Confirmation Bias,,Event Loop,explicit_topic_reference,0.96,True,v3_3_boundary_slice:followup_opener_explicit_shift
topic_label_v3_3_discourse_01112,"Before we keep going, can we pivot to Dopamine?",Preterite vs Imperfect,Preterite vs Imperfect,I think Preterite vs Imperfect is the topic I am on. | The example made sense while I was reading it.,Dopamine,explicit_topic_reference,0.89,True,v3_3_boundary_slice:followup_opener_explicit_shift
topic_label_v3_3_discourse_01113,"small pivot: ok, new question: how does Air Pressure Systems work?",Carbon Cycle,Carbon Cycle,,Air Pressure Systems,explicit_topic_reference,0.97,True,v3_3_boundary_slice:followup_opener_explicit_shift
topic_label_v3_3_discourse_01114,I do not think this is about Cloud Formation anymore. I think it is about Defamation.,Cloud Formation,Cold War Proxy Wars | Cloud Formation | Blind Spot Checks,,Defamation,explicit_topic_reference,0.92,True,v3_3_boundary_slice:followup_opener_explicit_shift
topic_label_v3_3_discourse_01115,"Not to derail things, but I think my real question is Civil Liberties vs Civil Rights.",Normal Distribution,Normal Distribution,I asked about Normal Distribution before. | I do not need more facts yet; I need the shape of it.,Civil Liberties vs Civil Rights,explicit_topic_reference,0.95,True,v3_3_boundary_slice:followup_opener_explicit_shift
topic_label_v3_3_discourse_01116,I am good on Vector Search for now. Can we do Photosynthesis?,Vector Search,Air Pressure Systems | Close Reading | Vector Search,,Photosynthesis,explicit_topic_reference,0.95,True,v3_3_boundary_slice:followup_opener_explicit_shift
topic_label_v3_3_discourse_01117,"Not to derail things, but I think my real question is Defamation.",Plate Tectonics,Plate Tectonics,I think Plate Tectonics is the topic I am on. | The example made sense while I was reading it.,Defamation,explicit_topic_reference,0.91,True,v3_3_boundary_slice:followup_opener_explicit_shift
topic_label_v3_3_discourse_01118,"Okay, I get that part — now I want to learn about Event Loop.",Trigonometry,Trigonometry,I want to learn about trigonometry. | The unit circle explanation was a bit much.,Event Loop,explicit_topic_reference,0.91,True,v3_3_boundary_slice:followup_opener_explicit_shift
topic_label_v3_3_discourse_01119,"Actually, different direction: I need help with Fractions.",Civil Liberties vs Civil Rights,Civil Liberties vs Civil Rights | Fractions,We were talking about Civil Liberties vs Civil Rights. | I got the basic idea but not the deeper part.,Fractions,explicit_topic_reference,0.91,True,v3_3_boundary_slice:followup_opener_explicit_shift
topic_label_v3_3_discourse_01120,Let’s leave Photosynthesis for a bit and talk about Mitosis vs Meiosis.,Photosynthesis,Sodium-Potassium Pump | Event Loop | Photosynthesis | Systems of Equations,Can you help me understand Photosynthesis? | The first explanation helped a little.,Mitosis vs Meiosis,explicit_topic_reference,0.94,True,v3_3_boundary_slice:followup_opener_explicit_shift
topic_label_v3_3_discourse_01121,"This helped a lot, but I just realized I need Torque, not Resonance.",Resonance,Ocean Currents | Regression Lines | Measuring Ingredients | Confirmation Bias | Vector Search | Fractions | Cold War Proxy Wars | Action Potentials | Executive Function | Budgeting | Gesture Drawing | Preterite vs Imperfect | Potential Energy | Quadratic Functions | Resonance | Civil Liberties vs Civil Rights | Circuit Breakers | Normal Distribution | Carbon Cycle | Groundwater | Pragmatics | Osmosis | Correlation vs Causation | Free Body Diagrams | Cellular Respiration,I asked about Resonance before. | I do not need more facts yet; I need the shape of it.,Torque,explicit_topic_reference,0.98,True,v3_3_boundary_slice:followup_opener_explicit_shift
topic_label_v3_3_discourse_01122,I think I am done with this example. Next I want Quadratic Functions.,Resonance,Resonance,,Quadratic Functions,explicit_topic_reference,0.90,True,v3_3_boundary_slice:followup_opener_explicit_shift
topic_label_v3_3_discourse_01123,That cleared up enough. I want to start Cold War Proxy Wars now.,Action Potentials,Plate Tectonics | Transit Planning | Caching | Gesture Drawing | Cold War Proxy Wars | Blind Spot Checks | Measuring Ingredients | Action Potentials | Dopamine | Systems of Equations,,Cold War Proxy Wars,explicit_topic_reference,0.98,True,v3_3_boundary_slice:followup_opener_explicit_shift
topic_label_v3_3_discourse_01124,"That makes sense, but can we switch to Lifetime Value?",Gas Laws,Gas Laws,Can you help me understand Gas Laws? | The first explanation helped a little.,Lifetime Value,explicit_topic_reference,0.93,True,v3_3_boundary_slice:followup_opener_explicit_shift
topic_label_v3_3_discourse_01125,I think I am done with this example. Next I want Normal Distribution.,Correlation vs Causation,Correlation vs Causation | Blood Pressure Regulation | Logical Fallacies,We were talking about Correlation vs Causation. | I got the basic idea but not the deeper part.,Normal Distribution,explicit_topic_reference,0.89,True,v3_3_boundary_slice:followup_opener_explicit_shift
topic_label_v3_3_discourse_01126,I want to stop here and learn Air Pressure Systems from the beginning.,Tire Pressure,API Authentication | Tire Pressure | Supply and Demand | Air Pressure Systems | Integrals | Bayes Theorem | Reinforcement Learning | Executive Function | Osmosis | Gesture Drawing | Topic Sentences | Fractions | Free Body Diagrams | Kinetic Energy | Food Webs | Emotional Regulation | Blood Pressure Regulation | Ocean Currents | Cold War Proxy Wars | Groundwater | Blind Spot Checks | Carbon Cycle | Kidney Filtration | Lifetime Value | OAuth Flow | Defamation,I think Tire Pressure is the topic I am on. | The example made sense while I was reading it.,Air Pressure Systems,explicit_topic_reference,0.91,True,v3_3_boundary_slice:followup_opener_explicit_shift
topic_label_v3_3_discourse_01127,I want to stop here and learn Ocean Currents from the beginning.,Logical Fallacies,Ocean Currents | Logical Fallacies | Tire Pressure | Color Contrast,Can you help me understand Logical Fallacies? | The first explanation helped a little.,Ocean Currents,explicit_topic_reference,0.94,True,v3_3_boundary_slice:followup_opener_explicit_shift
topic_label_v3_3_discourse_01128,"ok wait, that part is fine now; Tire Pressure is the part I do not understand.",Regression Lines,Regression Lines | Reinforcement Learning | Osmosis | API Authentication | Plea Bargains | Mitosis vs Meiosis | Systems of Equations | Passive Voice | Air Pressure Systems | Environment Variables | Electricity | Renewable Energy Grid | Resonance,I think Regression Lines is the topic I am on. | The example made sense while I was reading it.,Tire Pressure,explicit_topic_reference,0.92,True,v3_3_boundary_slice:followup_opener_explicit_shift
topic_label_v3_3_discourse_01129,"Now that I sort of get Gas Laws, I want to understand Osmosis.",Gas Laws,Gas Laws,We were talking about Gas Laws. | I got the basic idea but not the deeper part.,Osmosis,explicit_topic_reference,0.98,True,v3_3_boundary_slice:followup_opener_explicit_shift
topic_label_v3_3_discourse_01130,"small pivot: this helped, but now I want to understand Caching.",Typography,Typography | Budgeting,Can you help me understand Typography? | The first explanation helped a little.,Caching,explicit_topic_reference,0.90,True,v3_3_boundary_slice:followup_opener_explicit_shift
topic_label_v3_3_discourse_01131,"I was asking about Sodium-Potassium Pump, but now the blocker is Integrals.",Sodium-Potassium Pump,Sodium-Potassium Pump | Kinetic Energy | Typography,,Integrals,explicit_topic_reference,0.91,True,v3_3_boundary_slice:followup_opener_explicit_shift
topic_label_v3_3_discourse_01132,That example helped. What about Contract Law Basics?,Reinforcement Learning,Reinforcement Learning,Can you help me understand Reinforcement Learning? | The first explanation helped a little.,Contract Law Basics,explicit_topic_reference,0.96,True,v3_3_boundary_slice:followup_opener_explicit_shift
topic_label_v3_3_discourse_01133,"not gonna lie, this helped a lot, but I just realized I need Resonance, not Kidney Filtration.",Kidney Filtration,Pragmatics | Quadratic Functions | French Pronunciation | Lifetime Value | Civil Liberties vs Civil Rights | Trigonometry | Measuring Ingredients | Entropy | Typography | Budgeting | Environment Variables | Resonance | Executive Function | Close Reading | Transit Planning | Kinetic Energy | Kidney Filtration | Osmosis | Vector Search | Action Potentials | Emotional Regulation | Integrals | Food Webs | Systems of Equations | Potential Energy,We were talking about Kidney Filtration. | I got the basic idea but not the deeper part.,Resonance,explicit_topic_reference,0.94,True,v3_3_boundary_slice:followup_opener_explicit_shift
topic_label_v3_3_discourse_01134,small pivot: the current thing is less confusing now; the next topic I need is Typography.,Contract Law Basics,Quadratic Functions | Contract Law Basics | Fractions | Preterite vs Imperfect,I think Contract Law Basics is the topic I am on. | The example made sense while I was reading it.,Typography,explicit_topic_reference,0.95,True,v3_3_boundary_slice:followup_opener_explicit_shift
topic_label_v3_3_discourse_01135,"small pivot: ok, new question: how does Air Pressure Systems work?",Budgeting,Normal Distribution | Cloud Formation | Budgeting | Cold War Proxy Wars | Emotional Regulation | Wave-Particle Duality | API Authentication | Dopamine | Plea Bargains,I think Budgeting is the topic I am on. | The example made sense while I was reading it.,Air Pressure Systems,explicit_topic_reference,0.93,True,v3_3_boundary_slice:followup_opener_explicit_shift
topic_label_v3_3_discourse_01136,"I was asking about Emotional Regulation, but now the blocker is Defamation.",Emotional Regulation,Emotional Regulation,I asked about Emotional Regulation before. | I do not need more facts yet; I need the shape of it.,Defamation,explicit_topic_reference,0.94,True,v3_3_boundary_slice:followup_opener_explicit_shift
topic_label_v3_3_discourse_01137,"Now that I sort of get Cellular Respiration, I want to understand Supply and Demand.",Cellular Respiration,Cellular Respiration,Can you help me understand Cellular Respiration? | The first explanation helped a little.,Supply and Demand,explicit_topic_reference,0.97,True,v3_3_boundary_slice:followup_opener_explicit_shift
topic_label_v3_3_discourse_01138,"Not to derail things, but I think my real question is API Authentication.",Mitosis vs Meiosis,Mitosis vs Meiosis | Electricity,I think Mitosis vs Meiosis is the topic I am on. | The example made sense while I was reading it.,API Authentication,explicit_topic_reference,0.92,True,v3_3_boundary_slice:followup_opener_explicit_shift
topic_label_v3_3_discourse_01139,"I was asking about Ocean Currents, but now the blocker is Pragmatics.",Ocean Currents,Ocean Currents,,Pragmatics,explicit_topic_reference,0.98,True,v3_3_boundary_slice:followup_opener_explicit_shift
topic_label_v3_3_discourse_01140,"This may be a switch, but can you explain Blood Pressure Regulation?",Bayes Theorem,Bayes Theorem | Dopamine,I think Bayes Theorem is the topic I am on. | The example made sense while I was reading it.,Blood Pressure Regulation,explicit_topic_reference,0.92,True,v3_3_boundary_slice:followup_opener_explicit_shift
topic_label_v3_3_discourse_01141,"Now that I sort of get Photosynthesis, I want to understand Food Webs.",Photosynthesis,French Pronunciation | Photosynthesis | Civil Liberties vs Civil Rights | Food Webs,I asked about Photosynthesis before. | I do not need more facts yet; I need the shape of it.,Food Webs,explicit_topic_reference,0.92,True,v3_3_boundary_slice:followup_opener_explicit_shift
topic_label_v3_3_discourse_01142,"Actually, different direction: I need help with Close Reading.",Trigonometry,Trigonometry | Osmosis | Air Pressure Systems | Vector Search,I want to learn about trigonometry. | The unit circle explanation was a bit much.,Close Reading,explicit_topic_reference,0.96,True,v3_3_boundary_slice:followup_opener_explicit_shift
topic_label_v3_3_discourse_01143,Could we park Wave-Particle Duality and do Electricity instead?,Wave-Particle Duality,Wave-Particle Duality,I think Wave-Particle Duality is the topic I am on. | The example made sense while I was reading it.,Electricity,explicit_topic_reference,0.98,True,v3_3_boundary_slice:followup_opener_explicit_shift
topic_label_v3_3_discourse_01144,"ok wait, this helped a lot, but I just realized I need Treaty of Versailles, not Tokenization.",Tokenization,Tokenization | Quadratic Functions | Action Potentials | Kidney Filtration | Confirmation Bias | Reading Comprehension | Environment Variables | Plate Tectonics | Insurance Deductible,We were talking about Tokenization. | I got the basic idea but not the deeper part.,Treaty of Versailles,explicit_topic_reference,0.96,True,v3_3_boundary_slice:followup_opener_explicit_shift
topic_label_v3_3_discourse_01145,Let’s leave Measuring Ingredients for a bit and talk about Potential Energy.,Measuring Ingredients,Measuring Ingredients | Cellular Respiration,We were talking about Measuring Ingredients. | I got the basic idea but not the deeper part.,Potential Energy,explicit_topic_reference,0.96,True,v3_3_boundary_slice:followup_opener_explicit_shift
topic_label_v3_3_discourse_01146,I am good on Electricity for now. Can we do Kinetic Energy?,Electricity,Electricity,Can you explain electricity? | The charge-flow part is confusing.,Kinetic Energy,explicit_topic_reference,0.91,True,v3_3_boundary_slice:followup_opener_explicit_shift
topic_label_v3_3_discourse_01147,"I was asking about Correlation vs Causation, but now the blocker is Entropy.",Correlation vs Causation,Correlation vs Causation | Measuring Ingredients | Circuit Breakers | Vector Search,,Entropy,explicit_topic_reference,0.94,True,v3_3_boundary_slice:followup_opener_explicit_shift
topic_label_v3_3_discourse_01148,"maybe this is a new topic, but actually, different direction: I need help with Normal Distribution.",Reading Comprehension,Reading Comprehension | Ocean Currents,I think Reading Comprehension is the topic I am on. | The example made sense while I was reading it.,Normal Distribution,explicit_topic_reference,0.98,True,v3_3_boundary_slice:followup_opener_explicit_shift
topic_label_v3_3_discourse_01149,"Actually, different direction: I need help with OAuth Flow.",Gesture Drawing,OAuth Flow | Gesture Drawing,I think Gesture Drawing is the topic I am on. | The example made sense while I was reading it.,OAuth Flow,explicit_topic_reference,0.95,True,v3_3_boundary_slice:followup_opener_explicit_shift
topic_label_v3_3_discourse_01150,That cleared up enough. I want to start Vector Search now.,Action Potentials,Measuring Ingredients | Supply and Demand | Osmosis | Action Potentials | Vector Search,Can you help me understand Action Potentials? | The first explanation helped a little.,Vector Search,explicit_topic_reference,0.89,True,v3_3_boundary_slice:followup_opener_explicit_shift
topic_label_v3_3_discourse_01151,"Not to derail things, but I think my real question is Fractions.",Renewable Energy Grid,Budgeting | Renewable Energy Grid,We were talking about Renewable Energy Grid. | I got the basic idea but not the deeper part.,Fractions,explicit_topic_reference,0.97,True,v3_3_boundary_slice:followup_opener_explicit_shift
topic_label_v3_3_discourse_01152,"I know we were on Plate Tectonics, but Logarithms is what I actually need for homework.",Plate Tectonics,Plate Tectonics | Tokenization | Color Contrast | Air Pressure Systems | Gas Laws | Environment Variables | Regression Lines | Sodium-Potassium Pump | Cloud Formation | Gesture Drawing | Topic Sentences | Vector Search | Defamation | Logarithms | Inflation | Derivatives | Bayes Theorem | Mitosis vs Meiosis | Correlation vs Causation | Kidney Filtration | Wave-Particle Duality | Electricity | Kinetic Energy | Logical Fallacies | Contract Law Basics,,Logarithms,explicit_topic_reference,0.97,True,v3_3_boundary_slice:followup_opener_explicit_shift
topic_label_v3_3_discourse_01153,"Cool, but the thing I actually need next is Blood Pressure Regulation.",Transit Planning,Reading Comprehension | Event Loop | Transit Planning,I think Transit Planning is the topic I am on. | The example made sense while I was reading it.,Blood Pressure Regulation,explicit_topic_reference,0.97,True,v3_3_boundary_slice:followup_opener_explicit_shift
topic_label_v3_3_discourse_01154,"This may be a switch, but can you explain Food Webs?",Sodium-Potassium Pump,Sodium-Potassium Pump,I asked about Sodium-Potassium Pump before. | I do not need more facts yet; I need the shape of it.,Food Webs,explicit_topic_reference,0.91,True,v3_3_boundary_slice:followup_opener_explicit_shift
topic_label_v3_3_discourse_01155,"That makes sense, but can we switch to Wave-Particle Duality?",Gas Laws,Wave-Particle Duality | Gas Laws | Confirmation Bias,I asked about Gas Laws before. | I do not need more facts yet; I need the shape of it.,Wave-Particle Duality,explicit_topic_reference,0.97,True,v3_3_boundary_slice:followup_opener_explicit_shift
topic_label_v3_3_discourse_01156,"This helped a lot, but I just realized I need API Authentication, not Action Potentials.",Action Potentials,Reinforcement Learning | Potential Energy | Bayes Theorem | Blind Spot Checks | Groundwater | Cloud Formation | Food Webs | Blood Pressure Regulation | French Pronunciation | Confirmation Bias | Normal Distribution | Kidney Filtration | Tokenization | Tire Pressure | Photosynthesis | Gas Laws | Defamation | Correlation vs Causation | Circuit Breakers | Action Potentials | API Authentication | Event Loop | Vector Search | Electric Fields | Gesture Drawing,,API Authentication,explicit_topic_reference,0.98,True,v3_3_boundary_slice:followup_opener_explicit_shift
topic_label_v3_3_discourse_01157,"I know we were on OAuth Flow, but Defamation is what I actually need for homework.",OAuth Flow,Preterite vs Imperfect | Torque | Derivatives | Circuit Breakers | Blood Pressure Regulation | Wave-Particle Duality | Emotional Regulation | Contract Law Basics | Tire Pressure | Kinetic Energy | Topic Sentences | Budgeting | Event Loop | OAuth Flow | Mitosis vs Meiosis | Gesture Drawing | Groundwater | Air Pressure Systems | Passive Voice | Quadratic Functions | Dopamine | Resonance | Integrals | Reinforcement Learning | Pragmatics,I asked about OAuth Flow before. | I do not need more facts yet; I need the shape of it.,Defamation,explicit_topic_reference,0.96,True,v3_3_boundary_slice:followup_opener_explicit_shift
topic_label_v3_3_discourse_01158,"small pivot: this helped, but now I want to understand Plea Bargains.",Reinforcement Learning,Plea Bargains | Reinforcement Learning,We were talking about Reinforcement Learning. | I got the basic idea but not the deeper part.,Plea Bargains,explicit_topic_reference,0.89,True,v3_3_boundary_slice:followup_opener_explicit_shift
topic_label_v3_3_discourse_01159,The current thing is less confusing now; the next topic I need is Kinetic Energy.,Passive Voice,Systems of Equations | Transit Planning | Torque | Defamation | Supply and Demand | Circuit Breakers | Blood Pressure Regulation | Passive Voice | Regression Lines | Treaty of Versailles | Photosynthesis | Kinetic Energy | Cloud Formation,I asked about Passive Voice before. | I do not need more facts yet; I need the shape of it.,Kinetic Energy,explicit_topic_reference,0.93,True,v3_3_boundary_slice:followup_opener_explicit_shift
topic_label_v3_3_discourse_01160,That part is fine now; Kidney Filtration is the part I do not understand.,Dopamine,Circuit Breakers | Passive Voice | Trigonometry | Dopamine,I think Dopamine is the topic I am on. | The example made sense while I was reading it.,Kidney Filtration,explicit_topic_reference,0.96,True,v3_3_boundary_slice:followup_opener_explicit_shift
topic_label_v3_3_discourse_01161,"maybe this is a new topic, but can we change topics to Dopamine? The current one can wait.",Torque,Correlation vs Causation | Torque | Plate Tectonics,I think Torque is the topic I am on. | The example made sense while I was reading it.,Dopamine,explicit_topic_reference,0.93,True,v3_3_boundary_slice:followup_opener_explicit_shift
topic_label_v3_3_discourse_01162,"That makes sense, but can we switch to Electric Fields?",Food Webs,Food Webs | Insurance Deductible,We were talking about Food Webs. | I got the basic idea but not the deeper part.,Electric Fields,explicit_topic_reference,0.97,True,v3_3_boundary_slice:followup_opener_explicit_shift
topic_label_v3_3_discourse_01163,"hmm, that part is fine now; Wave-Particle Duality is the part I do not understand.",Fractions,Fractions,,Wave-Particle Duality,explicit_topic_reference,0.93,True,v3_3_boundary_slice:followup_opener_explicit_shift
topic_label_v3_3_discourse_01164,"Actually, different direction: I need help with Wave-Particle Duality.",Tokenization,Regression Lines | Tokenization | Executive Function,I asked about Tokenization before. | I do not need more facts yet; I need the shape of it.,Wave-Particle Duality,explicit_topic_reference,0.91,True,v3_3_boundary_slice:followup_opener_explicit_shift
topic_label_v3_3_discourse_01165,"Ok, new question: how does Cloud Formation work?",Action Potentials,Action Potentials | Wave-Particle Duality,,Cloud Formation,explicit_topic_reference,0.92,True,v3_3_boundary_slice:followup_opener_explicit_shift
topic_label_v3_3_discourse_01166,"not gonna lie, that makes sense, but can we switch to Inflation?",Ocean Currents,Inflation | Ocean Currents,,Inflation,explicit_topic_reference,0.91,True,v3_3_boundary_slice:followup_opener_explicit_shift
topic_label_v3_3_discourse_01167,"not gonna lie, that cleared up enough. I want to start Confirmation Bias now.",Pragmatics,Pragmatics,Can you help me understand Pragmatics? | The first explanation helped a little.,Confirmation Bias,explicit_topic_reference,0.90,True,v3_3_boundary_slice:followup_opener_explicit_shift
topic_label_v3_3_discourse_01168,That cleared up enough. I want to start Bayes Theorem now.,Fractions,Caching | Treaty of Versailles | French Pronunciation | Close Reading | Kinetic Energy | Environment Variables | Sodium-Potassium Pump | Fractions | Carbon Cycle,We were talking about Fractions. | I got the basic idea but not the deeper part.,Bayes Theorem,explicit_topic_reference,0.96,True,v3_3_boundary_slice:followup_opener_explicit_shift
topic_label_v3_3_discourse_01169,"Not to derail things, but I think my real question is Inflation.",Systems of Equations,Systems of Equations | Electricity | Inflation | Tokenization,We were talking about Systems of Equations. | I got the basic idea but not the deeper part.,Inflation,explicit_topic_reference,0.97,True,v3_3_boundary_slice:followup_opener_explicit_shift
topic_label_v3_3_discourse_01170,"This may be a switch, but can you explain Normal Distribution?",Derivatives,Derivatives | Normal Distribution,,Normal Distribution,explicit_topic_reference,0.92,True,v3_3_boundary_slice:followup_opener_explicit_shift
topic_label_v3_3_discourse_01171,"Okay, I get that part — now I want to learn about Ocean Currents.",Civil Liberties vs Civil Rights,Civil Liberties vs Civil Rights,,Ocean Currents,explicit_topic_reference,0.96,True,v3_3_boundary_slice:followup_opener_explicit_shift
topic_label_v3_3_discourse_01172,"I know we were on Color Contrast, but Pragmatics is what I actually need for homework.",Color Contrast,Color Contrast | Bayes Theorem | OAuth Flow | Pragmatics | Cold War Proxy Wars | Food Webs | Caching | Insurance Deductible | Logical Fallacies | Blind Spot Checks | Lifetime Value | Supply and Demand | Reinforcement Learning | Kidney Filtration,I asked about Color Contrast before. | I do not need more facts yet; I need the shape of it.,Pragmatics,explicit_topic_reference,0.94,True,v3_3_boundary_slice:followup_opener_explicit_shift
topic_label_v3_3_discourse_01173,"Cool, but the thing I actually need next is Fractions.",Event Loop,Food Webs | Event Loop,Can you help me understand Event Loop? | The first explanation helped a little.,Fractions,explicit_topic_reference,0.92,True,v3_3_boundary_slice:followup_opener_explicit_shift
topic_label_v3_3_discourse_01174,Could we park Food Webs and do Reading Comprehension instead?,Food Webs,Food Webs,I asked about Food Webs before. | I do not need more facts yet; I need the shape of it.,Reading Comprehension,explicit_topic_reference,0.95,True,v3_3_boundary_slice:followup_opener_explicit_shift
topic_label_v3_3_discourse_01175,"Ok, new question: how does Quadratic Functions work?",Normal Distribution,Blind Spot Checks | Plea Bargains | Normal Distribution,I think Normal Distribution is the topic I am on. | The example made sense while I was reading it.,Quadratic Functions,explicit_topic_reference,0.89,True,v3_3_boundary_slice:followup_opener_explicit_shift
topic_label_v3_3_discourse_01176,"ok wait, that part is fine now; Circuit Breakers is the part I do not understand.",Reinforcement Learning,Reinforcement Learning | Circuit Breakers | Confirmation Bias,Can you help me understand Reinforcement Learning? | The first explanation helped a little.,Circuit Breakers,explicit_topic_reference,0.95,True,v3_3_boundary_slice:followup_opener_explicit_shift
topic_label_v3_3_discourse_01177,"Before we keep going, can we pivot to Systems of Equations?",Torque,Pragmatics | Typography | Renewable Energy Grid | Sodium-Potassium Pump | Blood Pressure Regulation | Vector Search | Measuring Ingredients | API Authentication | Gas Laws | Integrals | Cloud Formation | Torque | Bayes Theorem,,Systems of Equations,explicit_topic_reference,0.97,True,v3_3_boundary_slice:followup_opener_explicit_shift
topic_label_v3_3_discourse_01178,That part is fine now; Kinetic Energy is the part I do not understand.,Gesture Drawing,Kinetic Energy | Groundwater | Gesture Drawing,I think Gesture Drawing is the topic I am on. | The example made sense while I was reading it.,Kinetic Energy,explicit_topic_reference,0.92,True,v3_3_boundary_slice:followup_opener_explicit_shift
topic_label_v3_3_discourse_01179,"Cool, but the thing I actually need next is Inflation.",Electricity,Electricity | Inflation,We were talking about Electricity. | I got the basic idea but not the deeper part.,Inflation,explicit_topic_reference,0.97,True,v3_3_boundary_slice:followup_opener_explicit_shift
topic_label_v3_3_discourse_01180,"Okay, I get that part — now I want to learn about Regression Lines.",Dopamine,Regression Lines | Dopamine | Insurance Deductible | Supply and Demand | Typography | French Pronunciation | Blood Pressure Regulation | Tokenization,I want to understand dopamine. | The reward example helped but not fully.,Regression Lines,explicit_topic_reference,0.97,True,v3_3_boundary_slice:followup_opener_explicit_shift
topic_label_v3_3_discourse_01181,"This may be a switch, but can you explain Food Webs?",Budgeting,Food Webs | Contract Law Basics | Budgeting | Entropy | Pragmatics,,Food Webs,explicit_topic_reference,0.93,True,v3_3_boundary_slice:followup_opener_explicit_shift
topic_label_v3_3_discourse_01182,I do not think this is about Blind Spot Checks anymore. I think it is about Free Body Diagrams.,Blind Spot Checks,Blind Spot Checks,Can you help me understand Blind Spot Checks? | The first explanation helped a little.,Free Body Diagrams,explicit_topic_reference,0.91,True,v3_3_boundary_slice:followup_opener_explicit_shift
topic_label_v3_3_discourse_01183,"Ok, new question: how does Plea Bargains work?",Cloud Formation,Cloud Formation | Gas Laws | Cold War Proxy Wars,I asked about Cloud Formation before. | I do not need more facts yet; I need the shape of it.,Plea Bargains,explicit_topic_reference,0.90,True,v3_3_boundary_slice:followup_opener_explicit_shift
topic_label_v3_3_discourse_01184,"Not to derail things, but I think my real question is Logarithms.",Renewable Energy Grid,Executive Function | Regression Lines | Insurance Deductible | Renewable Energy Grid,I think Renewable Energy Grid is the topic I am on. | The example made sense while I was reading it.,Logarithms,explicit_topic_reference,0.91,True,v3_3_boundary_slice:followup_opener_explicit_shift
topic_label_v3_3_discourse_01185,"ok wait, i think I understand this one. Could we move to Vector Search?",Typography,Vector Search | Typography | Event Loop,I asked about Typography before. | I do not need more facts yet; I need the shape of it.,Vector Search,explicit_topic_reference,0.90,True,v3_3_boundary_slice:followup_opener_explicit_shift
topic_label_v3_3_discourse_01186,"Cool, but the thing I actually need next is Food Webs.",Contract Law Basics,Gesture Drawing | Contract Law Basics | Kinetic Energy | Event Loop | Circuit Breakers | Plate Tectonics | Torque | Cold War Proxy Wars | Cellular Respiration | Action Potentials | Fractions | Environment Variables | Color Contrast,I asked about Contract Law Basics before. | I do not need more facts yet; I need the shape of it.,Food Webs,explicit_topic_reference,0.95,True,v3_3_boundary_slice:followup_opener_explicit_shift
topic_label_v3_3_discourse_01187,"Actually, different direction: I need help with Logarithms.",Action Potentials,Action Potentials,I think Action Potentials is the topic I am on. | The example made sense while I was reading it.,Logarithms,explicit_topic_reference,0.93,True,v3_3_boundary_slice:followup_opener_explicit_shift
topic_label_v3_3_discourse_01188,"actually actually, i think I am done with this example. Next I want Fractions.",Measuring Ingredients,Measuring Ingredients,I think Measuring Ingredients is the topic I am on. | The example made sense while I was reading it.,Fractions,explicit_topic_reference,0.94,True,v3_3_boundary_slice:followup_opener_explicit_shift
topic_label_v3_3_discourse_01189,"ok wait, before we keep going, can we pivot to Topic Sentences?",Executive Function,Executive Function,I asked about Executive Function before. | I do not need more facts yet; I need the shape of it.,Topic Sentences,explicit_topic_reference,0.91,True,v3_3_boundary_slice:followup_opener_explicit_shift
topic_label_v3_3_discourse_01190,"Actually, different direction: I need help with Tire Pressure.",Entropy,Insurance Deductible | Mitosis vs Meiosis | Entropy | Pragmatics,I think Entropy is the topic I am on. | The example made sense while I was reading it.,Tire Pressure,explicit_topic_reference,0.95,True,v3_3_boundary_slice:followup_opener_explicit_shift
topic_label_v3_3_discourse_01191,Can we change topics to Food Webs? The current one can wait.,OAuth Flow,Food Webs | Tire Pressure | OAuth Flow,I asked about OAuth Flow before. | I do not need more facts yet; I need the shape of it.,Food Webs,explicit_topic_reference,0.91,True,v3_3_boundary_slice:followup_opener_explicit_shift
topic_label_v3_3_discourse_01192,"Now that I sort of get Regression Lines, I want to understand Passive Voice.",Regression Lines,Entropy | Inflation | Renewable Energy Grid | Typography | Plea Bargains | Plate Tectonics | Torque | Food Webs | Environment Variables | Measuring Ingredients | Regression Lines | Budgeting | Kidney Filtration,I asked about Regression Lines before. | I do not need more facts yet; I need the shape of it.,Passive Voice,explicit_topic_reference,0.89,True,v3_3_boundary_slice:followup_opener_explicit_shift
topic_label_v3_3_discourse_01193,"not gonna lie, actually, different direction: I need help with Emotional Regulation.",Reading Comprehension,Reading Comprehension,,Emotional Regulation,explicit_topic_reference,0.95,True,v3_3_boundary_slice:followup_opener_explicit_shift
topic_label_v3_3_discourse_01194,"Okay, I get that part — now I want to learn about Reinforcement Learning.",Electricity,Electricity,,Reinforcement Learning,explicit_topic_reference,0.95,True,v3_3_boundary_slice:followup_opener_explicit_shift
topic_label_v3_3_discourse_01195,Can we change topics to Electric Fields? The current one can wait.,Kidney Filtration,Plate Tectonics | Environment Variables | Civil Liberties vs Civil Rights | Emotional Regulation | Kidney Filtration | Logarithms | Electricity | Osmosis | OAuth Flow | Supply and Demand | Cold War Proxy Wars | Topic Sentences | Vector Search | Derivatives | Gas Laws | Systems of Equations | Photosynthesis,,Electric Fields,explicit_topic_reference,0.92,True,v3_3_boundary_slice:followup_opener_explicit_shift
topic_label_v3_3_discourse_01196,I think I am done with this example. Next I want Normal Distribution.,OAuth Flow,OAuth Flow | Normal Distribution,Can you help me understand OAuth Flow? | The first explanation helped a little.,Normal Distribution,explicit_topic_reference,0.94,True,v3_3_boundary_slice:followup_opener_explicit_shift
topic_label_v3_3_discourse_01197,"Actually, different direction: I need help with Mitosis vs Meiosis.",Kinetic Energy,Mitosis vs Meiosis | Systems of Equations | Tokenization | Kinetic Energy,We were talking about Kinetic Energy. | I got the basic idea but not the deeper part.,Mitosis vs Meiosis,explicit_topic_reference,0.90,True,v3_3_boundary_slice:followup_opener_explicit_shift
topic_label_v3_3_discourse_01198,That part is fine now; Preterite vs Imperfect is the part I do not understand.,Pragmatics,Pragmatics | Plate Tectonics | Preterite vs Imperfect,We were talking about Pragmatics. | I got the basic idea but not the deeper part.,Preterite vs Imperfect,explicit_topic_reference,0.90,True,v3_3_boundary_slice:followup_opener_explicit_shift
topic_label_v3_3_discourse_01199,"Before we keep going, can we pivot to Electric Fields?",OAuth Flow,OAuth Flow,Can you help me understand OAuth Flow? | The first explanation helped a little.,Electric Fields,explicit_topic_reference,0.92,True,v3_3_boundary_slice:followup_opener_explicit_shift
topic_label_v3_3_discourse_01200,"not gonna lie, now that I sort of get Regression Lines, I want to understand Torque.",Regression Lines,Regression Lines | Blood Pressure Regulation | Gas Laws | Kidney Filtration | Contract Law Basics | Color Contrast | Dopamine | Electricity | Defamation | Budgeting | Photosynthesis | Potential Energy | Sodium-Potassium Pump | Torque | Environment Variables | Kinetic Energy | Reading Comprehension | Pragmatics,,Torque,explicit_topic_reference,0.94,True,v3_3_boundary_slice:followup_opener_explicit_shift
topic_label_v3_3_discourse_01201,"hmm, this helped a lot, but I just realized I need Logical Fallacies, not Lifetime Value.",Lifetime Value,Food Webs | API Authentication | Color Contrast | Logical Fallacies | Lifetime Value,,Logical Fallacies,explicit_topic_reference,0.97,True,v3_3_boundary_slice:followup_opener_explicit_shift
topic_label_v3_3_discourse_01202,"Before we keep going, can we pivot to French Pronunciation?",Quadratic Functions,Quadratic Functions,Can you help me understand Quadratic Functions? | The first explanation helped a little.,French Pronunciation,explicit_topic_reference,0.91,True,v3_3_boundary_slice:followup_opener_explicit_shift
topic_label_v3_3_discourse_01203,I do not think this is about Logical Fallacies anymore. I think it is about Plate Tectonics.,Logical Fallacies,Plate Tectonics | Logical Fallacies,Can you help me understand Logical Fallacies? | The first explanation helped a little.,Plate Tectonics,explicit_topic_reference,0.96,True,v3_3_boundary_slice:followup_opener_explicit_shift
topic_label_v3_3_discourse_01204,Could we park Executive Function and do French Pronunciation instead?,Executive Function,Budgeting | Supply and Demand | Executive Function,Can you help me understand Executive Function? | The first explanation helped a little.,French Pronunciation,explicit_topic_reference,0.91,True,v3_3_boundary_slice:followup_opener_explicit_shift
topic_label_v3_3_discourse_01205,"actually actually, can we change topics to Ocean Currents? The current one can wait.",Reading Comprehension,Reading Comprehension | Ocean Currents,We were talking about Reading Comprehension. | I got the basic idea but not the deeper part.,Ocean Currents,explicit_topic_reference,0.96,True,v3_3_boundary_slice:followup_opener_explicit_shift
topic_label_v3_3_discourse_01206,I do not think this is about Groundwater anymore. I think it is about Close Reading.,Groundwater,Groundwater | Cellular Respiration | Electric Fields | Carbon Cycle | Vector Search | Tokenization | Contract Law Basics | Photosynthesis | Cloud Formation,I think Groundwater is the topic I am on. | The example made sense while I was reading it.,Close Reading,explicit_topic_reference,0.93,True,v3_3_boundary_slice:followup_opener_explicit_shift
topic_label_v3_3_discourse_01207,"Before we keep going, can we pivot to Transit Planning?",Torque,Topic Sentences | Wave-Particle Duality | Mitosis vs Meiosis | Torque,I think Torque is the topic I am on. | The example made sense while I was reading it.,Transit Planning,explicit_topic_reference,0.91,True,v3_3_boundary_slice:followup_opener_explicit_shift
topic_label_v3_3_discourse_01208,"Now that I sort of get Contract Law Basics, I want to understand Action Potentials.",Contract Law Basics,Contract Law Basics,Can you help me understand Contract Law Basics? | The first explanation helped a little.,Action Potentials,explicit_topic_reference,0.96,True,v3_3_boundary_slice:followup_opener_explicit_shift
topic_label_v3_3_discourse_01209,"not gonna lie, that part is fine now; Normal Distribution is the part I do not understand.",Photosynthesis,Blind Spot Checks | Photosynthesis,,Normal Distribution,explicit_topic_reference,0.90,True,v3_3_boundary_slice:followup_opener_explicit_shift
topic_label_v3_3_discourse_01210,"not gonna lie, i do not think this is about Confirmation Bias anymore. I think it is about Lifetime Value.",Confirmation Bias,Lifetime Value | Confirmation Bias,I asked about Confirmation Bias before. | I do not need more facts yet; I need the shape of it.,Lifetime Value,explicit_topic_reference,0.95,True,v3_3_boundary_slice:followup_opener_explicit_shift
topic_label_v3_3_discourse_01211,I am good on Photosynthesis for now. Can we do Treaty of Versailles?,Photosynthesis,Photosynthesis | Treaty of Versailles,Can you help me understand Photosynthesis? | The first explanation helped a little.,Treaty of Versailles,explicit_topic_reference,0.95,True,v3_3_boundary_slice:followup_opener_explicit_shift
topic_label_v3_3_discourse_01212,I think I am done with this example. Next I want Bayes Theorem.,Normal Distribution,Contract Law Basics | Reinforcement Learning | Renewable Energy Grid | Event Loop | Entropy | Normal Distribution | Osmosis | Resonance | API Authentication | Inflation | Vector Search | Air Pressure Systems | Cloud Formation | Close Reading | Pragmatics | Defamation | Fractions | Cellular Respiration | Ocean Currents | Carbon Cycle | Confirmation Bias | Mitosis vs Meiosis | Cold War Proxy Wars | Torque | Circuit Breakers,Can you help me understand Normal Distribution? | The first explanation helped a little.,Bayes Theorem,explicit_topic_reference,0.98,True,v3_3_boundary_slice:followup_opener_explicit_shift
topic_label_v3_3_discourse_01213,"Now that I sort of get Kinetic Energy, I want to understand Sodium-Potassium Pump.",Kinetic Energy,Normal Distribution | Kinetic Energy | Event Loop,I think Kinetic Energy is the topic I am on. | The example made sense while I was reading it.,Sodium-Potassium Pump,explicit_topic_reference,0.97,True,v3_3_boundary_slice:followup_opener_explicit_shift
topic_label_v3_3_discourse_01214,I am good on Lifetime Value for now. Can we do Renewable Energy Grid?,Lifetime Value,Lifetime Value,We were talking about Lifetime Value. | I got the basic idea but not the deeper part.,Renewable Energy Grid,explicit_topic_reference,0.92,True,v3_3_boundary_slice:followup_opener_explicit_shift
topic_label_v3_3_discourse_01215,Could we park Kinetic Energy and do Trigonometry instead?,Kinetic Energy,Kinetic Energy,,Trigonometry,explicit_topic_reference,0.96,True,v3_3_boundary_slice:followup_opener_explicit_shift
topic_label_v3_3_discourse_01216,That cleared up enough. I want to start Blind Spot Checks now.,Budgeting,Budgeting,I think Budgeting is the topic I am on. | The example made sense while I was reading it.,Blind Spot Checks,explicit_topic_reference,0.92,True,v3_3_boundary_slice:followup_opener_explicit_shift
topic_label_v3_3_discourse_01217,Could we park Resonance and do Regression Lines instead?,Resonance,Resonance | Inflation | Normal Distribution,I asked about Resonance before. | I do not need more facts yet; I need the shape of it.,Regression Lines,explicit_topic_reference,0.95,True,v3_3_boundary_slice:followup_opener_explicit_shift
topic_label_v3_3_discourse_01218,"maybe this is a new topic, but cool, but the thing I actually need next is Bayes Theorem.",Carbon Cycle,Sodium-Potassium Pump | Kinetic Energy | Emotional Regulation | Insurance Deductible | Vector Search | Color Contrast | French Pronunciation | Carbon Cycle | Food Webs | Renewable Energy Grid | Bayes Theorem | Electricity | Topic Sentences,Can you help me understand Carbon Cycle? | The first explanation helped a little.,Bayes Theorem,explicit_topic_reference,0.92,True,v3_3_boundary_slice:followup_opener_explicit_shift
topic_label_v3_3_discourse_01219,I want to stop here and learn Executive Function from the beginning.,Action Potentials,Photosynthesis | Action Potentials | Emotional Regulation | Supply and Demand | Entropy | Close Reading | Normal Distribution | Caching | Civil Liberties vs Civil Rights | Defamation | Transit Planning | Passive Voice | Carbon Cycle,I asked about Action Potentials before. | I do not need more facts yet; I need the shape of it.,Executive Function,explicit_topic_reference,0.93,True,v3_3_boundary_slice:followup_opener_explicit_shift
topic_label_v3_3_discourse_01220,"I know we were on Electric Fields, but Preterite vs Imperfect is what I actually need for homework.",Electric Fields,Electric Fields,Can you help me understand Electric Fields? | The first explanation helped a little.,Preterite vs Imperfect,explicit_topic_reference,0.89,True,v3_3_boundary_slice:followup_opener_explicit_shift
topic_label_v3_3_discourse_01221,I think I understand this one. Could we move to Torque?,Regression Lines,Regression Lines | Torque,I asked about Regression Lines before. | I do not need more facts yet; I need the shape of it.,Torque,explicit_topic_reference,0.97,True,v3_3_boundary_slice:followup_opener_explicit_shift
topic_label_v3_3_discourse_01222,"maybe this is a new topic, but i know we were on Topic Sentences, but Executive Function is what I actually need for homework.",Topic Sentences,French Pronunciation | Event Loop | Cellular Respiration | Normal Distribution | API Authentication | Environment Variables | Regression Lines | Tokenization | Budgeting | Circuit Breakers | Typography | Resonance | Trigonometry | Integrals | Close Reading | OAuth Flow | Topic Sentences,,Executive Function,explicit_topic_reference,0.93,True,v3_3_boundary_slice:followup_opener_explicit_shift
topic_label_v3_3_discourse_01223,"This helped, but now I want to understand Close Reading.",Gesture Drawing,Executive Function | Supply and Demand | Derivatives | Entropy | Logarithms | Gesture Drawing | Plate Tectonics | Integrals | Correlation vs Causation | Groundwater | Torque | Cellular Respiration | Close Reading,We were talking about Gesture Drawing. | I got the basic idea but not the deeper part.,Close Reading,explicit_topic_reference,0.94,True,v3_3_boundary_slice:followup_opener_explicit_shift
topic_label_v3_3_discourse_01224,"That makes sense, but can we switch to Transit Planning?",Regression Lines,Cold War Proxy Wars | Electricity | Preterite vs Imperfect | Carbon Cycle | Mitosis vs Meiosis | Entropy | Caching | Reinforcement Learning | Logical Fallacies | Photosynthesis | Typography | Quadratic Functions | Correlation vs Causation | Passive Voice | Lifetime Value | Logarithms | Free Body Diagrams | Confirmation Bias | Topic Sentences | Inflation | Integrals | Treaty of Versailles | Kidney Filtration | Emotional Regulation | Regression Lines,I asked about Regression Lines before. | I do not need more facts yet; I need the shape of it.,Transit Planning,explicit_topic_reference,0.98,True,v3_3_boundary_slice:followup_opener_explicit_shift
topic_label_v3_3_discourse_01225,"Ok, new question: how does Reading Comprehension work?",Civil Liberties vs Civil Rights,Kidney Filtration | Correlation vs Causation | Circuit Breakers | Insurance Deductible | API Authentication | Pragmatics | Defamation | Civil Liberties vs Civil Rights | Inflation,I asked about Civil Liberties vs Civil Rights before. | I do not need more facts yet; I need the shape of it.,Reading Comprehension,explicit_topic_reference,0.89,True,v3_3_boundary_slice:followup_opener_explicit_shift
topic_label_v3_3_discourse_01226,"Actually, different direction: I need help with Resonance.",Derivatives,Derivatives,I asked about Derivatives before. | I do not need more facts yet; I need the shape of it.,Resonance,explicit_topic_reference,0.97,True,v3_3_boundary_slice:followup_opener_explicit_shift
topic_label_v3_3_discourse_01227,"I know we were on Event Loop, but Photosynthesis is what I actually need for homework.",Event Loop,Event Loop | Normal Distribution,,Photosynthesis,explicit_topic_reference,0.90,True,v3_3_boundary_slice:followup_opener_explicit_shift
topic_label_v3_3_discourse_01228,That part is fine now; Air Pressure Systems is the part I do not understand.,Fractions,Potential Energy | Emotional Regulation | Color Contrast | Dopamine | Resonance | Event Loop | Ocean Currents | Cloud Formation | Derivatives | Air Pressure Systems | Free Body Diagrams | Action Potentials | Regression Lines | Electricity | Inflation | Electric Fields | Cold War Proxy Wars | Fractions,We were talking about Fractions. | I got the basic idea but not the deeper part.,Air Pressure Systems,explicit_topic_reference,0.96,True,v3_3_boundary_slice:followup_opener_explicit_shift
topic_label_v3_3_discourse_01229,That part is fine now; Renewable Energy Grid is the part I do not understand.,Fractions,Fractions,I asked about Fractions before. | I do not need more facts yet; I need the shape of it.,Renewable Energy Grid,explicit_topic_reference,0.92,True,v3_3_boundary_slice:followup_opener_explicit_shift
topic_label_v3_3_discourse_01230,"This may be a switch, but can you explain Bayes Theorem?",Food Webs,Food Webs,,Bayes Theorem,explicit_topic_reference,0.91,True,v3_3_boundary_slice:followup_opener_explicit_shift
topic_label_v3_3_discourse_01231,Can we change topics to Treaty of Versailles? The current one can wait.,Wave-Particle Duality,Correlation vs Causation | Wave-Particle Duality,,Treaty of Versailles,explicit_topic_reference,0.96,True,v3_3_boundary_slice:followup_opener_explicit_shift
topic_label_v3_3_discourse_01232,"This helped, but now I want to understand Inflation.",Confirmation Bias,Kidney Filtration | Passive Voice | French Pronunciation | Osmosis | Plea Bargains | Color Contrast | Normal Distribution | Entropy | Close Reading | Contract Law Basics | Sodium-Potassium Pump | Confirmation Bias | Gesture Drawing | Defamation | Transit Planning | Emotional Regulation | Blind Spot Checks,I asked about Confirmation Bias before. | I do not need more facts yet; I need the shape of it.,Inflation,explicit_topic_reference,0.94,True,v3_3_boundary_slice:followup_opener_explicit_shift
topic_label_v3_3_discourse_01233,"Before we keep going, can we pivot to Mitosis vs Meiosis?",Carbon Cycle,Mitosis vs Meiosis | Carbon Cycle,Can you help me understand Carbon Cycle? | The first explanation helped a little.,Mitosis vs Meiosis,explicit_topic_reference,0.95,True,v3_3_boundary_slice:followup_opener_explicit_shift
topic_label_v3_3_discourse_01234,Could we park Tire Pressure and do Circuit Breakers instead?,Tire Pressure,Cold War Proxy Wars | Emotional Regulation | Tire Pressure,We were talking about Tire Pressure. | I got the basic idea but not the deeper part.,Circuit Breakers,explicit_topic_reference,0.90,True,v3_3_boundary_slice:followup_opener_explicit_shift
topic_label_v3_3_discourse_01235,"This helped, but now I want to understand Mitosis vs Meiosis.",Cloud Formation,Reading Comprehension | Color Contrast | Sodium-Potassium Pump | Mitosis vs Meiosis | Fractions | Measuring Ingredients | Quadratic Functions | Confirmation Bias | Topic Sentences | Ocean Currents | Defamation | Kinetic Energy | Cloud Formation | Reinforcement Learning | Logarithms | Plea Bargains | French Pronunciation | Executive Function | Resonance | OAuth Flow | Blind Spot Checks | Tire Pressure | Electricity | Blood Pressure Regulation | Potential Energy,I think Cloud Formation is the topic I am on. | The example made sense while I was reading it.,Mitosis vs Meiosis,explicit_topic_reference,0.89,True,v3_3_boundary_slice:followup_opener_explicit_shift
topic_label_v3_3_discourse_01236,I am good on Quadratic Functions for now. Can we do Dopamine?,Quadratic Functions,Tire Pressure | Topic Sentences | Cold War Proxy Wars | Correlation vs Causation | Torque | Vector Search | Color Contrast | Derivatives | Systems of Equations | Event Loop | Supply and Demand | Dopamine | Cellular Respiration | Caching | Quadratic Functions | Regression Lines | Gesture Drawing | Normal Distribution | Integrals | Carbon Cycle | API Authentication | Electric Fields | Executive Function | Plea Bargains | Budgeting,,Dopamine,explicit_topic_reference,0.97,True,v3_3_boundary_slice:followup_opener_explicit_shift
topic_label_v3_3_discourse_01237,I think I am done with this example. Next I want Cloud Formation.,Fractions,Reading Comprehension | Treaty of Versailles | Correlation vs Causation | Tire Pressure | Gesture Drawing | Resonance | French Pronunciation | Civil Liberties vs Civil Rights | Kidney Filtration | Normal Distribution | Air Pressure Systems | Dopamine | Derivatives | Inflation | Supply and Demand | API Authentication | Color Contrast | Logical Fallacies | Passive Voice | Wave-Particle Duality | Cloud Formation | Close Reading | Fractions | Renewable Energy Grid | Circuit Breakers,I asked about Fractions before. | I do not need more facts yet; I need the shape of it.,Cloud Formation,explicit_topic_reference,0.90,True,v3_3_boundary_slice:followup_opener_explicit_shift
topic_label_v3_3_discourse_01238,I think I am done with this example. Next I want Groundwater.,Tire Pressure,Tire Pressure | Groundwater,We were talking about Tire Pressure. | I got the basic idea but not the deeper part.,Groundwater,explicit_topic_reference,0.92,True,v3_3_boundary_slice:followup_opener_explicit_shift
topic_label_v3_3_discourse_01239,The current thing is less confusing now; the next topic I need is OAuth Flow.,Logarithms,Defamation | Transit Planning | Integrals | Logarithms | Quadratic Functions | Color Contrast | Environment Variables | Normal Distribution | Gesture Drawing | Circuit Breakers | Mitosis vs Meiosis | Inflation | Cellular Respiration,I asked about Logarithms before. | I do not need more facts yet; I need the shape of it.,OAuth Flow,explicit_topic_reference,0.89,True,v3_3_boundary_slice:followup_opener_explicit_shift
topic_label_v3_3_discourse_01240,I think I am done with this example. Next I want Carbon Cycle.,Reading Comprehension,Contract Law Basics | Transit Planning | Electric Fields | Groundwater | Environment Variables | Entropy | Passive Voice | Gas Laws | Carbon Cycle | Logical Fallacies | Food Webs | Reading Comprehension | Tokenization | Gesture Drawing | Air Pressure Systems | Mitosis vs Meiosis | Free Body Diagrams,I asked about Reading Comprehension before. | I do not need more facts yet; I need the shape of it.,Carbon Cycle,explicit_topic_reference,0.91,True,v3_3_boundary_slice:followup_opener_explicit_shift
topic_label_v3_3_discourse_01241,"Okay, I get that part — now I want to learn about Reinforcement Learning.",Electricity,Budgeting | Electricity | Systems of Equations | Color Contrast | Trigonometry | Kinetic Energy | Air Pressure Systems | Executive Function | Wave-Particle Duality | Event Loop | API Authentication | Logarithms | Normal Distribution | Bayes Theorem | Transit Planning | Blood Pressure Regulation | Correlation vs Causation,Can you explain electricity? | The charge-flow part is confusing.,Reinforcement Learning,explicit_topic_reference,0.92,True,v3_3_boundary_slice:followup_opener_explicit_shift
topic_label_v3_3_discourse_01242,Let’s leave Insurance Deductible for a bit and talk about Plate Tectonics.,Insurance Deductible,OAuth Flow | Insurance Deductible,,Plate Tectonics,explicit_topic_reference,0.92,True,v3_3_boundary_slice:followup_opener_explicit_shift
topic_label_v3_3_discourse_01243,"Cool, but the thing I actually need next is Dopamine.",Torque,Logical Fallacies | Torque,Can you help me understand Torque? | The first explanation helped a little.,Dopamine,explicit_topic_reference,0.94,True,v3_3_boundary_slice:followup_opener_explicit_shift
topic_label_v3_3_discourse_01244,"ok wait, i want to stop here and learn Budgeting from the beginning.",Confirmation Bias,Plea Bargains | French Pronunciation | Action Potentials | API Authentication | Photosynthesis | Carbon Cycle | Cloud Formation | Fractions | Civil Liberties vs Civil Rights | Confirmation Bias | Emotional Regulation | Resonance | Defamation | Reinforcement Learning | Circuit Breakers | Reading Comprehension | Gesture Drawing | Gas Laws | Regression Lines | Inflation | Plate Tectonics | Cellular Respiration | Budgeting | Treaty of Versailles | Close Reading,,Budgeting,explicit_topic_reference,0.94,True,v3_3_boundary_slice:followup_opener_explicit_shift
topic_label_v3_3_discourse_01245,"This helped a lot, but I just realized I need Plate Tectonics, not Gas Laws.",Gas Laws,Gas Laws,Can you help me understand Gas Laws? | The first explanation helped a little.,Plate Tectonics,explicit_topic_reference,0.93,True,v3_3_boundary_slice:followup_opener_explicit_shift
topic_label_v3_3_discourse_01246,Let’s leave Kinetic Energy for a bit and talk about Air Pressure Systems.,Kinetic Energy,Potential Energy | Electric Fields | Kinetic Energy | Blind Spot Checks | Sodium-Potassium Pump | Tokenization | Kidney Filtration | Photosynthesis | Action Potentials,I think Kinetic Energy is the topic I am on. | The example made sense while I was reading it.,Air Pressure Systems,explicit_topic_reference,0.93,True,v3_3_boundary_slice:followup_opener_explicit_shift
topic_label_v3_3_discourse_01247,"That makes sense, but can we switch to Correlation vs Causation?",Blood Pressure Regulation,Blood Pressure Regulation | Correlation vs Causation | Wave-Particle Duality,I asked about Blood Pressure Regulation before. | I do not need more facts yet; I need the shape of it.,Correlation vs Causation,explicit_topic_reference,0.95,True,v3_3_boundary_slice:followup_opener_explicit_shift
topic_label_v3_3_discourse_01248,Could we park Caching and do Normal Distribution instead?,Caching,Entropy | Carbon Cycle | Potential Energy | Sodium-Potassium Pump | Caching | Preterite vs Imperfect | Regression Lines | Insurance Deductible | Wave-Particle Duality,,Normal Distribution,explicit_topic_reference,0.91,True,v3_3_boundary_slice:followup_opener_explicit_shift
topic_label_v3_3_discourse_01249,"I know we were on Photosynthesis, but Action Potentials is what I actually need for homework.",Photosynthesis,Photosynthesis | Action Potentials,Can you help me understand Photosynthesis? | The first explanation helped a little.,Action Potentials,explicit_topic_reference,0.98,True,v3_3_boundary_slice:followup_opener_explicit_shift
topic_label_v3_3_discourse_01250,"This helped a lot, but I just realized I need Resonance, not Regression Lines.",Regression Lines,Regression Lines | Derivatives,,Resonance,explicit_topic_reference,0.96,True,v3_3_boundary_slice:followup_opener_explicit_shift
topic_label_v3_3_discourse_01251,"not gonna lie, i want to stop here and learn Tokenization from the beginning.",Renewable Energy Grid,Insurance Deductible | Tire Pressure | Renewable Energy Grid | Groundwater,Can you help me understand Renewable Energy Grid? | The first explanation helped a little.,Tokenization,explicit_topic_reference,0.96,True,v3_3_boundary_slice:followup_opener_explicit_shift
topic_label_v3_3_discourse_01252,"hmm, now that I sort of get Reading Comprehension, I want to understand Transit Planning.",Reading Comprehension,Emotional Regulation | Blind Spot Checks | Integrals | Reading Comprehension,I think Reading Comprehension is the topic I am on. | The example made sense while I was reading it.,Transit Planning,explicit_topic_reference,0.93,True,v3_3_boundary_slice:followup_opener_explicit_shift
topic_label_v3_3_discourse_01253,"Cool, but the thing I actually need next is Gas Laws.",Passive Voice,Passive Voice | Gas Laws,I think Passive Voice is the topic I am on. | The example made sense while I was reading it.,Gas Laws,explicit_topic_reference,0.93,True,v3_3_boundary_slice:followup_opener_explicit_shift
topic_label_v3_3_discourse_01254,"Cool, but the thing I actually need next is Regression Lines.",Integrals,Cold War Proxy Wars | Integrals,,Regression Lines,explicit_topic_reference,0.93,True,v3_3_boundary_slice:followup_opener_explicit_shift
topic_label_v3_3_discourse_01255,"hmm, not to derail things, but I think my real question is Resonance.",Measuring Ingredients,Treaty of Versailles | Cellular Respiration | Confirmation Bias | Measuring Ingredients,I think Measuring Ingredients is the topic I am on. | The example made sense while I was reading it.,Resonance,explicit_topic_reference,0.98,True,v3_3_boundary_slice:followup_opener_explicit_shift
topic_label_v3_3_discourse_01256,"Okay, I get that part — now I want to learn about Action Potentials.",Insurance Deductible,Cold War Proxy Wars | Systems of Equations | Emotional Regulation | French Pronunciation | Potential Energy | Action Potentials | Logical Fallacies | Sodium-Potassium Pump | Passive Voice | Reading Comprehension | Color Contrast | Insurance Deductible | Circuit Breakers | Free Body Diagrams,I asked about Insurance Deductible before. | I do not need more facts yet; I need the shape of it.,Action Potentials,explicit_topic_reference,0.91,True,v3_3_boundary_slice:followup_opener_explicit_shift
topic_label_v3_3_discourse_01257,I think I understand this one. Could we move to Fractions?,Sodium-Potassium Pump,French Pronunciation | Logarithms | Integrals | Preterite vs Imperfect | Quadratic Functions | Circuit Breakers | Derivatives | Carbon Cycle | Cellular Respiration | Systems of Equations | Environment Variables | Supply and Demand | Pragmatics | Groundwater | Kinetic Energy | Resonance | Torque | Caching | Typography | Cold War Proxy Wars | Air Pressure Systems | Sodium-Potassium Pump | Transit Planning | Action Potentials | Dopamine,I asked about Sodium-Potassium Pump before. | I do not need more facts yet; I need the shape of it.,Fractions,explicit_topic_reference,0.95,True,v3_3_boundary_slice:followup_opener_explicit_shift
topic_label_v3_3_discourse_01258,"small pivot: okay, I get that part — now I want to learn about API Authentication.",Inflation,Executive Function | Photosynthesis | Bayes Theorem | Tire Pressure | Confirmation Bias | Inflation | Environment Variables | Logarithms | Action Potentials | Measuring Ingredients | Cold War Proxy Wars | Entropy | Civil Liberties vs Civil Rights | Topic Sentences | Food Webs | Osmosis | Pragmatics | Circuit Breakers | Supply and Demand | Regression Lines | Resonance | Cloud Formation | Electric Fields | Lifetime Value | Vector Search,,API Authentication,explicit_topic_reference,0.93,True,v3_3_boundary_slice:followup_opener_explicit_shift
topic_label_v3_3_discourse_01259,"Not to derail things, but I think my real question is Torque.",Electricity,Supply and Demand | Cloud Formation | Bayes Theorem | Event Loop | Kinetic Energy | Carbon Cycle | Electricity,I asked about Electricity before. | I do not need more facts yet; I need the shape of it.,Torque,explicit_topic_reference,0.95,True,v3_3_boundary_slice:followup_opener_explicit_shift
topic_label_v3_3_discourse_01260,"maybe this is a new topic, but not to derail things, but I think my real question is Logical Fallacies.",Wave-Particle Duality,Passive Voice | Resonance | Treaty of Versailles | Gesture Drawing | Bayes Theorem | Systems of Equations | Wave-Particle Duality,I do not understand light being both a wave and a particle. | The wave example helped a little.,Logical Fallacies,explicit_topic_reference,0.91,True,v3_3_boundary_slice:followup_opener_explicit_shift
topic_label_v3_3_discourse_01261,Let’s leave Tokenization for a bit and talk about Insurance Deductible.,Tokenization,Free Body Diagrams | Resonance | Blind Spot Checks | Environment Variables | Mitosis vs Meiosis | Entropy | OAuth Flow | Tokenization | Kinetic Energy | Tire Pressure | Systems of Equations | Civil Liberties vs Civil Rights | Food Webs,Can you help me understand Tokenization? | The first explanation helped a little.,Insurance Deductible,explicit_topic_reference,0.91,True,v3_3_boundary_slice:followup_opener_explicit_shift
topic_label_v3_3_discourse_01262,small pivot: that cleared up enough. I want to start Sodium-Potassium Pump now.,Executive Function,Executive Function,I asked about Executive Function before. | I do not need more facts yet; I need the shape of it.,Sodium-Potassium Pump,explicit_topic_reference,0.94,True,v3_3_boundary_slice:followup_opener_explicit_shift
topic_label_v3_3_discourse_01263,I want to stop here and learn Bayes Theorem from the beginning.,Defamation,Treaty of Versailles | Emotional Regulation | Vector Search | Mitosis vs Meiosis | Dopamine | Supply and Demand | Passive Voice | Quadratic Functions | Circuit Breakers | Regression Lines | Defamation | Potential Energy | Blind Spot Checks | Food Webs | Budgeting | Plea Bargains | Reading Comprehension | Sodium-Potassium Pump | Color Contrast | Contract Law Basics | Blood Pressure Regulation | Logarithms | Carbon Cycle | Electricity | Inflation,Can you help me understand Defamation? | The first explanation helped a little.,Bayes Theorem,explicit_topic_reference,0.92,True,v3_3_boundary_slice:followup_opener_explicit_shift
topic_label_v3_3_discourse_01264,Could we park Cold War Proxy Wars and do Normal Distribution instead?,Cold War Proxy Wars,Cold War Proxy Wars,Can you help me understand Cold War Proxy Wars? | The first explanation helped a little.,Normal Distribution,explicit_topic_reference,0.93,True,v3_3_boundary_slice:followup_opener_explicit_shift
topic_label_v3_3_discourse_01265,"maybe this is a new topic, but i think I am done with this example. Next I want Resonance.",Entropy,Entropy | Resonance | French Pronunciation | Color Contrast | Confirmation Bias | Ocean Currents | Measuring Ingredients | API Authentication,We were talking about Entropy. | I got the basic idea but not the deeper part.,Resonance,explicit_topic_reference,0.91,True,v3_3_boundary_slice:followup_opener_explicit_shift
topic_label_v3_3_discourse_01266,"Okay, I get that part — now I want to learn about Confirmation Bias.",Inflation,Inflation | Bayes Theorem | Cold War Proxy Wars | Correlation vs Causation | Quadratic Functions | Executive Function | Supply and Demand | Normal Distribution | Vector Search | Groundwater | Entropy | Gas Laws | Blind Spot Checks | Trigonometry | Fractions | Lifetime Value | Resonance | Free Body Diagrams | Potential Energy | Measuring Ingredients | Environment Variables | Regression Lines | Caching | Kidney Filtration | Passive Voice,I asked about Inflation before. | I do not need more facts yet; I need the shape of it.,Confirmation Bias,explicit_topic_reference,0.98,True,v3_3_boundary_slice:followup_opener_explicit_shift
topic_label_v3_3_discourse_01267,I am good on Air Pressure Systems for now. Can we do Civil Liberties vs Civil Rights?,Air Pressure Systems,Color Contrast | Action Potentials | Reinforcement Learning | Systems of Equations | Close Reading | Sodium-Potassium Pump | Emotional Regulation | Executive Function | Air Pressure Systems | Food Webs | Plea Bargains | Caching | Pragmatics | French Pronunciation | Measuring Ingredients | Lifetime Value | Electricity | Reading Comprehension | Contract Law Basics | Civil Liberties vs Civil Rights | Vector Search | Environment Variables | Trigonometry | Cloud Formation | Blood Pressure Regulation,I asked about Air Pressure Systems before. | I do not need more facts yet; I need the shape of it.,Civil Liberties vs Civil Rights,explicit_topic_reference,0.92,True,v3_3_boundary_slice:followup_opener_explicit_shift
topic_label_v3_3_discourse_01268,"ok wait, ok, new question: how does Logarithms work?",Lifetime Value,Ocean Currents | Caching | Insurance Deductible | Air Pressure Systems | Transit Planning | Quadratic Functions | Plea Bargains | Inflation | Vector Search | Logarithms | Topic Sentences | Supply and Demand | Passive Voice | Lifetime Value | Circuit Breakers | Groundwater | Kidney Filtration,Can you help me understand Lifetime Value? | The first explanation helped a little.,Logarithms,explicit_topic_reference,0.94,True,v3_3_boundary_slice:followup_opener_explicit_shift
topic_label_v3_3_discourse_01269,"This helped a lot, but I just realized I need Mitosis vs Meiosis, not Reading Comprehension.",Reading Comprehension,Reading Comprehension | Dopamine,I asked about Reading Comprehension before. | I do not need more facts yet; I need the shape of it.,Mitosis vs Meiosis,explicit_topic_reference,0.93,True,v3_3_boundary_slice:followup_opener_explicit_shift
topic_label_v3_3_discourse_01270,I want to stop here and learn Vector Search from the beginning.,Electric Fields,Electric Fields | Measuring Ingredients | Treaty of Versailles | Circuit Breakers,I think Electric Fields is the topic I am on. | The example made sense while I was reading it.,Vector Search,explicit_topic_reference,0.92,True,v3_3_boundary_slice:followup_opener_explicit_shift
topic_label_v3_3_discourse_01271,"Not to derail things, but I think my real question is Supply and Demand.",Kidney Filtration,Reading Comprehension | Circuit Breakers | Blood Pressure Regulation | Derivatives | Preterite vs Imperfect | Integrals | Ocean Currents | Dopamine | Osmosis | Kidney Filtration | Tokenization | Topic Sentences | Logical Fallacies,I think Kidney Filtration is the topic I am on. | The example made sense while I was reading it.,Supply and Demand,explicit_topic_reference,0.91,True,v3_3_boundary_slice:followup_opener_explicit_shift
topic_label_v3_3_discourse_01272,"Not to derail things, but I think my real question is Kinetic Energy.",Renewable Energy Grid,Renewable Energy Grid,I think Renewable Energy Grid is the topic I am on. | The example made sense while I was reading it.,Kinetic Energy,explicit_topic_reference,0.96,True,v3_3_boundary_slice:followup_opener_explicit_shift
topic_label_v3_3_discourse_01273,"Okay, I get that part — now I want to learn about Passive Voice.",Quadratic Functions,Passive Voice | Quadratic Functions,,Passive Voice,explicit_topic_reference,0.93,True,v3_3_boundary_slice:followup_opener_explicit_shift
topic_label_v3_3_discourse_01274,small pivot: i do not think this is about Cellular Respiration anymore. I think it is about Circuit Breakers.,Cellular Respiration,Cloud Formation | Measuring Ingredients | Cellular Respiration | Osmosis,I think Cellular Respiration is the topic I am on. | The example made sense while I was reading it.,Circuit Breakers,explicit_topic_reference,0.95,True,v3_3_boundary_slice:followup_opener_explicit_shift
topic_label_v3_3_discourse_01275,"small pivot: before we keep going, can we pivot to Transit Planning?",Cold War Proxy Wars,Photosynthesis | French Pronunciation | Circuit Breakers | Osmosis | Emotional Regulation | Passive Voice | Cold War Proxy Wars | Entropy | OAuth Flow | Regression Lines | Dopamine | Electricity | Reading Comprehension | Executive Function | Integrals | Kinetic Energy | Normal Distribution,,Transit Planning,explicit_topic_reference,0.94,True,v3_3_boundary_slice:followup_opener_explicit_shift
topic_label_v3_3_discourse_01276,"maybe this is a new topic, but i think I understand this one. Could we move to Treaty of Versailles?",Cellular Respiration,Cellular Respiration,I think Cellular Respiration is the topic I am on. | The example made sense while I was reading it.,Treaty of Versailles,explicit_topic_reference,0.89,True,v3_3_boundary_slice:followup_opener_explicit_shift
topic_label_v3_3_discourse_01277,"This helped, but now I want to understand Defamation.",Trigonometry,Action Potentials | Trigonometry | French Pronunciation,I want to learn about trigonometry. | The unit circle explanation was a bit much.,Defamation,explicit_topic_reference,0.89,True,v3_3_boundary_slice:followup_opener_explicit_shift
topic_label_v3_3_discourse_01278,"not gonna lie, now that I sort of get Civil Liberties vs Civil Rights, I want to understand Entropy.",Civil Liberties vs Civil Rights,Civil Liberties vs Civil Rights | Quadratic Functions | Entropy | OAuth Flow,Can you help me understand Civil Liberties vs Civil Rights? | The first explanation helped a little.,Entropy,explicit_topic_reference,0.96,True,v3_3_boundary_slice:followup_opener_explicit_shift
topic_label_v3_3_discourse_01279,I am good on Renewable Energy Grid for now. Can we do Dopamine?,Renewable Energy Grid,Correlation vs Causation | Fractions | Renewable Energy Grid | French Pronunciation,I think Renewable Energy Grid is the topic I am on. | The example made sense while I was reading it.,Dopamine,explicit_topic_reference,0.89,True,v3_3_boundary_slice:followup_opener_explicit_shift
topic_label_v3_3_discourse_01280,"I was asking about Free Body Diagrams, but now the blocker is Treaty of Versailles.",Free Body Diagrams,Circuit Breakers | Color Contrast | Tokenization | Electric Fields | Kinetic Energy | Free Body Diagrams | Correlation vs Causation,Can you help me understand Free Body Diagrams? | The first explanation helped a little.,Treaty of Versailles,explicit_topic_reference,0.95,True,v3_3_boundary_slice:followup_opener_explicit_shift
topic_label_v3_3_discourse_01281,The current thing is less confusing now; the next topic I need is Electric Fields.,Plate Tectonics,Electric Fields | Plate Tectonics | Regression Lines | Resonance | Supply and Demand,We were talking about Plate Tectonics. | I got the basic idea but not the deeper part.,Electric Fields,explicit_topic_reference,0.95,True,v3_3_boundary_slice:followup_opener_explicit_shift
topic_label_v3_3_discourse_01282,That part is fine now; Circuit Breakers is the part I do not understand.,Defamation,Typography | Pragmatics | Groundwater | Renewable Energy Grid | Free Body Diagrams | Kinetic Energy | Reinforcement Learning | Blood Pressure Regulation | Potential Energy | Wave-Particle Duality | Defamation | Logical Fallacies | OAuth Flow | Plate Tectonics | Contract Law Basics | Dopamine | Osmosis | Tire Pressure | Trigonometry | Reading Comprehension | Gas Laws | Quadratic Functions | Emotional Regulation | Food Webs | Preterite vs Imperfect,I asked about Defamation before. | I do not need more facts yet; I need the shape of it.,Circuit Breakers,explicit_topic_reference,0.91,True,v3_3_boundary_slice:followup_opener_explicit_shift
topic_label_v3_3_discourse_01283,"Okay, I get that part — now I want to learn about Electricity.",Cloud Formation,Osmosis | Measuring Ingredients | Bayes Theorem | Reinforcement Learning | Cloud Formation | Emotional Regulation | Integrals | Typography | Cellular Respiration | Budgeting | Color Contrast | Quadratic Functions | API Authentication | Entropy | Blind Spot Checks | Passive Voice | OAuth Flow,Can you help me understand Cloud Formation? | The first explanation helped a little.,Electricity,explicit_topic_reference,0.98,True,v3_3_boundary_slice:followup_opener_explicit_shift
topic_label_v3_3_discourse_01284,I do not think this is about Budgeting anymore. I think it is about Entropy.,Budgeting,Inflation | Contract Law Basics | Budgeting | Cold War Proxy Wars | Blind Spot Checks | API Authentication | Entropy,We were talking about Budgeting. | I got the basic idea but not the deeper part.,Entropy,explicit_topic_reference,0.98,True,v3_3_boundary_slice:followup_opener_explicit_shift
topic_label_v3_3_discourse_01285,"Actually, different direction: I need help with Budgeting.",French Pronunciation,French Pronunciation,,Budgeting,explicit_topic_reference,0.96,True,v3_3_boundary_slice:followup_opener_explicit_shift
topic_label_v3_3_discourse_01286,"actually actually, i want to stop here and learn Environment Variables from the beginning.",Reinforcement Learning,Reinforcement Learning | Kidney Filtration | Renewable Energy Grid | Budgeting | Potential Energy | Lifetime Value | Ocean Currents,I think Reinforcement Learning is the topic I am on. | The example made sense while I was reading it.,Environment Variables,explicit_topic_reference,0.91,True,v3_3_boundary_slice:followup_opener_explicit_shift
topic_label_v3_3_discourse_01287,"That makes sense, but can we switch to Mitosis vs Meiosis?",Transit Planning,Transit Planning | Topic Sentences,I asked about Transit Planning before. | I do not need more facts yet; I need the shape of it.,Mitosis vs Meiosis,explicit_topic_reference,0.89,True,v3_3_boundary_slice:followup_opener_explicit_shift
topic_label_v3_3_discourse_01288,"Not to derail things, but I think my real question is Event Loop.",Cellular Respiration,Cellular Respiration | Osmosis | Civil Liberties vs Civil Rights,,Event Loop,explicit_topic_reference,0.91,True,v3_3_boundary_slice:followup_opener_explicit_shift
topic_label_v3_3_discourse_01289,I want to stop here and learn Fractions from the beginning.,Kidney Filtration,Kidney Filtration,I think Kidney Filtration is the topic I am on. | The example made sense while I was reading it.,Fractions,explicit_topic_reference,0.94,True,v3_3_boundary_slice:followup_opener_explicit_shift
topic_label_v3_3_discourse_01290,Let’s leave Executive Function for a bit and talk about Integrals.,Executive Function,Caching | Air Pressure Systems | Contract Law Basics | Inflation | Gesture Drawing | Potential Energy | Executive Function | Resonance | Typography,I think Executive Function is the topic I am on. | The example made sense while I was reading it.,Integrals,explicit_topic_reference,0.91,True,v3_3_boundary_slice:followup_opener_explicit_shift
topic_label_v3_3_discourse_01291,"Cool, but the thing I actually need next is Normal Distribution.",Plea Bargains,Gesture Drawing | Resonance | Blood Pressure Regulation | Regression Lines | Normal Distribution | Civil Liberties vs Civil Rights | Plea Bargains | Insurance Deductible,Can you help me understand Plea Bargains? | The first explanation helped a little.,Normal Distribution,explicit_topic_reference,0.91,True,v3_3_boundary_slice:followup_opener_explicit_shift
topic_label_v3_3_discourse_01292,That part is fine now; French Pronunciation is the part I do not understand.,Blood Pressure Regulation,Blood Pressure Regulation,We were talking about Blood Pressure Regulation. | I got the basic idea but not the deeper part.,French Pronunciation,explicit_topic_reference,0.95,True,v3_3_boundary_slice:followup_opener_explicit_shift
topic_label_v3_3_discourse_01293,Could we park Emotional Regulation and do Inflation instead?,Emotional Regulation,Emotional Regulation,Can you help me understand Emotional Regulation? | The first explanation helped a little.,Inflation,explicit_topic_reference,0.97,True,v3_3_boundary_slice:followup_opener_explicit_shift
topic_label_v3_3_discourse_01294,"I know we were on Civil Liberties vs Civil Rights, but French Pronunciation is what I actually need for homework.",Civil Liberties vs Civil Rights,Civil Liberties vs Civil Rights | Logarithms | Wave-Particle Duality,,French Pronunciation,explicit_topic_reference,0.97,True,v3_3_boundary_slice:followup_opener_explicit_shift
topic_label_v3_3_discourse_01295,"small pivot: okay, I get that part — now I want to learn about Supply and Demand.",Cloud Formation,Cloud Formation,I asked about Cloud Formation before. | I do not need more facts yet; I need the shape of it.,Supply and Demand,explicit_topic_reference,0.94,True,v3_3_boundary_slice:followup_opener_explicit_shift
topic_label_v3_3_discourse_01296,"ok wait, this may be a switch, but can you explain API Authentication?",Reinforcement Learning,Reinforcement Learning | Tire Pressure | Carbon Cycle | Caching | Vector Search | Inflation | Kidney Filtration,I asked about Reinforcement Learning before. | I do not need more facts yet; I need the shape of it.,API Authentication,explicit_topic_reference,0.92,True,v3_3_boundary_slice:followup_opener_explicit_shift
topic_label_v3_3_discourse_01297,"I was asking about Osmosis, but now the blocker is Gesture Drawing.",Osmosis,Gesture Drawing | Osmosis,I asked about Osmosis before. | I do not need more facts yet; I need the shape of it.,Gesture Drawing,explicit_topic_reference,0.93,True,v3_3_boundary_slice:followup_opener_explicit_shift
topic_label_v3_3_discourse_01298,"actually actually, i think I am done with this example. Next I want Confirmation Bias.",Transit Planning,Transit Planning | Confirmation Bias,Can you help me understand Transit Planning? | The first explanation helped a little.,Confirmation Bias,explicit_topic_reference,0.90,True,v3_3_boundary_slice:followup_opener_explicit_shift
topic_label_v3_3_discourse_01299,"This may be a switch, but can you explain Action Potentials?",Preterite vs Imperfect,Preterite vs Imperfect | Caching,I think Preterite vs Imperfect is the topic I am on. | The example made sense while I was reading it.,Action Potentials,explicit_topic_reference,0.95,True,v3_3_boundary_slice:followup_opener_explicit_shift
topic_label_v3_3_discourse_01300,"This helped, but now I want to understand Photosynthesis.",Mitosis vs Meiosis,Normal Distribution | Mitosis vs Meiosis | Renewable Energy Grid | Plate Tectonics | Event Loop | Derivatives | Food Webs | Supply and Demand | Gas Laws | Vector Search | Measuring Ingredients | Kinetic Energy | Osmosis | Topic Sentences | Circuit Breakers | Potential Energy | Dopamine,Can you help me understand Mitosis vs Meiosis? | The first explanation helped a little.,Photosynthesis,explicit_topic_reference,0.91,True,v3_3_boundary_slice:followup_opener_explicit_shift
topic_label_v3_3_discourse_01301,"actually actually, this may be a switch, but can you explain Confirmation Bias?",Measuring Ingredients,Mitosis vs Meiosis | Measuring Ingredients | Confirmation Bias | Inflation | Pragmatics,Can you help me understand Measuring Ingredients? | The first explanation helped a little.,Confirmation Bias,explicit_topic_reference,0.93,True,v3_3_boundary_slice:followup_opener_explicit_shift
topic_label_v3_3_discourse_01302,"That makes sense, but can we switch to Circuit Breakers?",Regression Lines,Gas Laws | Blood Pressure Regulation | Plate Tectonics | Trigonometry | Circuit Breakers | Civil Liberties vs Civil Rights | Fractions | Topic Sentences | Ocean Currents | Torque | Cold War Proxy Wars | Electricity | Blind Spot Checks | API Authentication | Quadratic Functions | Passive Voice | Regression Lines,We were talking about Regression Lines. | I got the basic idea but not the deeper part.,Circuit Breakers,explicit_topic_reference,0.98,True,v3_3_boundary_slice:followup_opener_explicit_shift
topic_label_v3_3_discourse_01303,That cleared up enough. I want to start Reinforcement Learning now.,Sodium-Potassium Pump,Sodium-Potassium Pump | Reinforcement Learning | Torque | Photosynthesis | Trigonometry | Kidney Filtration | Caching | Entropy,Can you help me understand Sodium-Potassium Pump? | The first explanation helped a little.,Reinforcement Learning,explicit_topic_reference,0.95,True,v3_3_boundary_slice:followup_opener_explicit_shift
topic_label_v3_3_discourse_01304,"small pivot: i know we were on Plea Bargains, but Normal Distribution is what I actually need for homework.",Plea Bargains,Blind Spot Checks | Circuit Breakers | Plea Bargains | Preterite vs Imperfect | Resonance | Regression Lines | Treaty of Versailles,Can you help me understand Plea Bargains? | The first explanation helped a little.,Normal Distribution,explicit_topic_reference,0.95,True,v3_3_boundary_slice:followup_opener_explicit_shift
topic_label_v3_3_discourse_01305,"Cool, but the thing I actually need next is Regression Lines.",Photosynthesis,Action Potentials | Emotional Regulation | Torque | Tire Pressure | Topic Sentences | Kinetic Energy | Systems of Equations | Logical Fallacies | Reinforcement Learning | Correlation vs Causation | Cellular Respiration | Food Webs | Inflation | Caching | Plea Bargains | Regression Lines | Renewable Energy Grid | Insurance Deductible | Resonance | French Pronunciation | Treaty of Versailles | Photosynthesis | Typography | Derivatives | Groundwater,I think Photosynthesis is the topic I am on. | The example made sense while I was reading it.,Regression Lines,explicit_topic_reference,0.95,True,v3_3_boundary_slice:followup_opener_explicit_shift
topic_label_v3_3_discourse_01306,"not gonna lie, not to derail things, but I think my real question is Inflation.",Derivatives,Plate Tectonics | Derivatives | Kidney Filtration,,Inflation,explicit_topic_reference,0.92,True,v3_3_boundary_slice:followup_opener_explicit_shift
topic_label_v3_3_discourse_01307,I think I am done with this example. Next I want Potential Energy.,Quadratic Functions,Quadratic Functions | Budgeting | Groundwater | Gesture Drawing,I think Quadratic Functions is the topic I am on. | The example made sense while I was reading it.,Potential Energy,explicit_topic_reference,0.97,True,v3_3_boundary_slice:followup_opener_explicit_shift
topic_label_v3_3_discourse_01308,The current thing is less confusing now; the next topic I need is Vector Search.,Civil Liberties vs Civil Rights,Civil Liberties vs Civil Rights,We were talking about Civil Liberties vs Civil Rights. | I got the basic idea but not the deeper part.,Vector Search,explicit_topic_reference,0.95,True,v3_3_boundary_slice:followup_opener_explicit_shift
topic_label_v3_3_discourse_01309,Let’s leave Groundwater for a bit and talk about Blood Pressure Regulation.,Groundwater,Confirmation Bias | Contract Law Basics | Passive Voice | Cellular Respiration | Plea Bargains | Blind Spot Checks | Normal Distribution | Gas Laws | Fractions | OAuth Flow | Groundwater | Circuit Breakers | Close Reading,We were talking about Groundwater. | I got the basic idea but not the deeper part.,Blood Pressure Regulation,explicit_topic_reference,0.93,True,v3_3_boundary_slice:followup_opener_explicit_shift
topic_label_v3_3_discourse_01310,I want to stop here and learn Confirmation Bias from the beginning.,Preterite vs Imperfect,Preterite vs Imperfect,Can you help me understand Preterite vs Imperfect? | The first explanation helped a little.,Confirmation Bias,explicit_topic_reference,0.89,True,v3_3_boundary_slice:followup_opener_explicit_shift
topic_label_v3_3_discourse_01311,Let’s leave Dopamine for a bit and talk about Fractions.,Dopamine,Pragmatics | Dopamine | Logarithms | Reading Comprehension | Blood Pressure Regulation | Budgeting | Preterite vs Imperfect | OAuth Flow | Resonance | Renewable Energy Grid | Logical Fallacies | Emotional Regulation | Contract Law Basics,I want to understand dopamine. | The reward example helped but not fully.,Fractions,explicit_topic_reference,0.98,True,v3_3_boundary_slice:followup_opener_explicit_shift
topic_label_v3_3_discourse_01312,"maybe this is a new topic, but i think I understand this one. Could we move to Inflation?",Torque,Torque,Can you help me understand Torque? | The first explanation helped a little.,Inflation,explicit_topic_reference,0.91,True,v3_3_boundary_slice:followup_opener_explicit_shift
topic_label_v3_3_discourse_01313,"Okay, I get that part — now I want to learn about Kinetic Energy.",Tire Pressure,Tire Pressure | Kinetic Energy,,Kinetic Energy,explicit_topic_reference,0.97,True,v3_3_boundary_slice:followup_opener_explicit_shift
topic_label_v3_3_discourse_01314,"hmm, that part is fine now; Circuit Breakers is the part I do not understand.",API Authentication,API Authentication | Trigonometry | Plea Bargains,We were talking about API Authentication. | I got the basic idea but not the deeper part.,Circuit Breakers,explicit_topic_reference,0.95,True,v3_3_boundary_slice:followup_opener_explicit_shift
topic_label_v3_3_discourse_01315,I want to stop here and learn Tokenization from the beginning.,Normal Distribution,Normal Distribution,I asked about Normal Distribution before. | I do not need more facts yet; I need the shape of it.,Tokenization,explicit_topic_reference,0.98,True,v3_3_boundary_slice:followup_opener_explicit_shift
topic_label_v3_3_discourse_01316,"Cool, but the thing I actually need next is Photosynthesis.",Reinforcement Learning,Reinforcement Learning,,Photosynthesis,explicit_topic_reference,0.93,True,v3_3_boundary_slice:followup_opener_explicit_shift
topic_label_v3_3_discourse_01317,"Not to derail things, but I think my real question is Vector Search.",Wave-Particle Duality,Preterite vs Imperfect | Resonance | Entropy | Torque | Contract Law Basics | Wave-Particle Duality | Executive Function,I do not understand light being both a wave and a particle. | The wave example helped a little.,Vector Search,explicit_topic_reference,0.97,True,v3_3_boundary_slice:followup_opener_explicit_shift
topic_label_v3_3_discourse_01318,"This helped a lot, but I just realized I need Cloud Formation, not Osmosis.",Osmosis,Contract Law Basics | Kidney Filtration | Trigonometry | Insurance Deductible | Fractions | Osmosis | Civil Liberties vs Civil Rights,We were talking about Osmosis. | I got the basic idea but not the deeper part.,Cloud Formation,explicit_topic_reference,0.94,True,v3_3_boundary_slice:followup_opener_explicit_shift
topic_label_v3_3_discourse_01319,I am good on Budgeting for now. Can we do Ocean Currents?,Budgeting,Typography | Budgeting | Ocean Currents | Close Reading,We were talking about Budgeting. | I got the basic idea but not the deeper part.,Ocean Currents,explicit_topic_reference,0.97,True,v3_3_boundary_slice:followup_opener_explicit_shift
topic_label_v3_3_discourse_01320,"actually actually, cool, but the thing I actually need next is Renewable Energy Grid.",Potential Energy,Tokenization | Blind Spot Checks | Topic Sentences | Preterite vs Imperfect | Inflation | Food Webs | Potential Energy | API Authentication | Bayes Theorem,I think Potential Energy is the topic I am on. | The example made sense while I was reading it.,Renewable Energy Grid,explicit_topic_reference,0.94,True,v3_3_boundary_slice:followup_opener_explicit_shift
topic_label_v3_3_discourse_01321,"This may be a switch, but can you explain API Authentication?",Electricity,Civil Liberties vs Civil Rights | Resonance | Pragmatics | Logical Fallacies | Fractions | Action Potentials | Integrals | Bayes Theorem | Lifetime Value | Normal Distribution | Cellular Respiration | Kidney Filtration | Ocean Currents | Event Loop | Renewable Energy Grid | Electricity | Osmosis,Can you explain electricity? | The charge-flow part is confusing.,API Authentication,explicit_topic_reference,0.92,True,v3_3_boundary_slice:followup_opener_explicit_shift
topic_label_v3_3_discourse_01322,"Not to derail things, but I think my real question is Osmosis.",Blood Pressure Regulation,Insurance Deductible | Osmosis | Carbon Cycle | Entropy | Bayes Theorem | Emotional Regulation | Plea Bargains | Resonance | Blood Pressure Regulation,,Osmosis,explicit_topic_reference,0.90,True,v3_3_boundary_slice:followup_opener_explicit_shift
topic_label_v3_3_discourse_01323,That example helped. What about Fractions?,Cloud Formation,Fractions | Cloud Formation,Can you help me understand Cloud Formation? | The first explanation helped a little.,Fractions,explicit_topic_reference,0.98,True,v3_3_boundary_slice:followup_opener_explicit_shift
topic_label_v3_3_discourse_01324,"Now that I sort of get Mitosis vs Meiosis, I want to understand Vector Search.",Mitosis vs Meiosis,Fractions | Ocean Currents | Budgeting | Cellular Respiration | Groundwater | Cloud Formation | Blood Pressure Regulation | Kinetic Energy | Vector Search | Quadratic Functions | Mitosis vs Meiosis | Tokenization | Transit Planning | Contract Law Basics,I think Mitosis vs Meiosis is the topic I am on. | The example made sense while I was reading it.,Vector Search,explicit_topic_reference,0.97,True,v3_3_boundary_slice:followup_opener_explicit_shift
topic_label_v3_3_discourse_01325,I do not think this is about Food Webs anymore. I think it is about Quadratic Functions.,Food Webs,Air Pressure Systems | Food Webs | Fractions | Quadratic Functions,Can you help me understand Food Webs? | The first explanation helped a little.,Quadratic Functions,explicit_topic_reference,0.89,True,v3_3_boundary_slice:followup_opener_explicit_shift
topic_label_v3_3_discourse_01326,"Not to derail things, but I think my real question is Tire Pressure.",Budgeting,Budgeting,I asked about Budgeting before. | I do not need more facts yet; I need the shape of it.,Tire Pressure,explicit_topic_reference,0.94,True,v3_3_boundary_slice:followup_opener_explicit_shift
topic_label_v3_3_discourse_01327,"This helped, but now I want to understand Plate Tectonics.",API Authentication,Kidney Filtration | API Authentication,Can you help me understand API Authentication? | The first explanation helped a little.,Plate Tectonics,explicit_topic_reference,0.90,True,v3_3_boundary_slice:followup_opener_explicit_shift
topic_label_v3_3_discourse_01328,I am good on Tire Pressure for now. Can we do Regression Lines?,Tire Pressure,Tire Pressure | Systems of Equations | Emotional Regulation | Event Loop | Logical Fallacies | Derivatives | Tokenization | Budgeting | Normal Distribution | Defamation | Renewable Energy Grid | Plea Bargains | Carbon Cycle,Can you help me understand Tire Pressure? | The first explanation helped a little.,Regression Lines,explicit_topic_reference,0.89,True,v3_3_boundary_slice:followup_opener_explicit_shift
topic_label_v3_3_discourse_01329,Let’s leave OAuth Flow for a bit and talk about API Authentication.,OAuth Flow,OAuth Flow | API Authentication,,API Authentication,explicit_topic_reference,0.95,True,v3_3_boundary_slice:followup_opener_explicit_shift
topic_label_v3_3_discourse_01330,"I know we were on Food Webs, but Reinforcement Learning is what I actually need for homework.",Food Webs,Inflation | Bayes Theorem | Cloud Formation | Plea Bargains | Reinforcement Learning | Transit Planning | Tokenization | Environment Variables | Food Webs | Blood Pressure Regulation | Potential Energy | Systems of Equations | Electricity | Measuring Ingredients,We were talking about Food Webs. | I got the basic idea but not the deeper part.,Reinforcement Learning,explicit_topic_reference,0.92,True,v3_3_boundary_slice:followup_opener_explicit_shift
topic_label_v3_3_discourse_01331,"This helped a lot, but I just realized I need API Authentication, not Gas Laws.",Gas Laws,Tire Pressure | Cloud Formation | Plea Bargains | Osmosis | Gas Laws | Gesture Drawing | Torque | Close Reading | Wave-Particle Duality | Mitosis vs Meiosis | OAuth Flow | Ocean Currents | Entropy | Sodium-Potassium Pump | Emotional Regulation | Blind Spot Checks | Supply and Demand,I asked about Gas Laws before. | I do not need more facts yet; I need the shape of it.,API Authentication,explicit_topic_reference,0.93,True,v3_3_boundary_slice:followup_opener_explicit_shift
topic_label_v3_3_discourse_01332,"Before we keep going, can we pivot to Entropy?",Inflation,Insurance Deductible | Inflation | Logical Fallacies,,Entropy,explicit_topic_reference,0.95,True,v3_3_boundary_slice:followup_opener_explicit_shift
topic_label_v3_3_discourse_01333,"actually actually, can we change topics to Caching? The current one can wait.",Plate Tectonics,Plate Tectonics | Entropy | Air Pressure Systems,I asked about Plate Tectonics before. | I do not need more facts yet; I need the shape of it.,Caching,explicit_topic_reference,0.91,True,v3_3_boundary_slice:followup_opener_explicit_shift
topic_label_v3_3_discourse_01334,"That makes sense, but can we switch to Systems of Equations?",Defamation,Defamation,I asked about Defamation before. | I do not need more facts yet; I need the shape of it.,Systems of Equations,explicit_topic_reference,0.91,True,v3_3_boundary_slice:followup_opener_explicit_shift
topic_label_v3_3_discourse_01335,"Not to derail things, but I think my real question is Correlation vs Causation.",Blood Pressure Regulation,Carbon Cycle | Mitosis vs Meiosis | Confirmation Bias | Gas Laws | Systems of Equations | Executive Function | Photosynthesis | Groundwater | Kinetic Energy | Correlation vs Causation | Blood Pressure Regulation | Emotional Regulation | Integrals | Reinforcement Learning,,Correlation vs Causation,explicit_topic_reference,0.92,True,v3_3_boundary_slice:followup_opener_explicit_shift
topic_label_v3_3_discourse_01336,"actually actually, i do not think this is about Lifetime Value anymore. I think it is about Air Pressure Systems.",Lifetime Value,Photosynthesis | French Pronunciation | Osmosis | Passive Voice | Plea Bargains | Lifetime Value | Preterite vs Imperfect,I think Lifetime Value is the topic I am on. | The example made sense while I was reading it.,Air Pressure Systems,explicit_topic_reference,0.96,True,v3_3_boundary_slice:followup_opener_explicit_shift
topic_label_v3_3_discourse_01337,"actually actually, actually, different direction: I need help with Logarithms.",Trigonometry,Ocean Currents | Trigonometry | Regression Lines,We were talking about Trigonometry. | I got the basic idea but not the deeper part.,Logarithms,explicit_topic_reference,0.96,True,v3_3_boundary_slice:followup_opener_explicit_shift
topic_label_v3_3_discourse_01338,That example helped. What about Measuring Ingredients?,Plate Tectonics,Groundwater | Plate Tectonics,Can you help me understand Plate Tectonics? | The first explanation helped a little.,Measuring Ingredients,explicit_topic_reference,0.95,True,v3_3_boundary_slice:followup_opener_explicit_shift
topic_label_v3_3_discourse_01339,"I know we were on Correlation vs Causation, but Transit Planning is what I actually need for homework.",Correlation vs Causation,Correlation vs Causation | Logarithms | Photosynthesis,Can you help me understand Correlation vs Causation? | The first explanation helped a little.,Transit Planning,explicit_topic_reference,0.90,True,v3_3_boundary_slice:followup_opener_explicit_shift
topic_label_v3_3_discourse_01340,"Actually, different direction: I need help with Logarithms.",Ocean Currents,Ocean Currents,Can you help me understand Ocean Currents? | The first explanation helped a little.,Logarithms,explicit_topic_reference,0.95,True,v3_3_boundary_slice:followup_opener_explicit_shift
topic_label_v3_3_discourse_01341,"small pivot: cool, but the thing I actually need next is Quadratic Functions.",Bayes Theorem,Bayes Theorem,Can you help me understand Bayes Theorem? | The first explanation helped a little.,Quadratic Functions,explicit_topic_reference,0.95,True,v3_3_boundary_slice:followup_opener_explicit_shift
topic_label_v3_3_discourse_01342,"maybe this is a new topic, but could we park Integrals and do Carbon Cycle instead?",Integrals,Typography | Normal Distribution | Reinforcement Learning | Integrals | Bayes Theorem | Air Pressure Systems | Environment Variables,,Carbon Cycle,explicit_topic_reference,0.97,True,v3_3_boundary_slice:followup_opener_explicit_shift
topic_label_v3_3_discourse_01343,That example helped. What about Typography?,Electric Fields,Kinetic Energy | Electric Fields | Environment Variables,Can you help me understand Electric Fields? | The first explanation helped a little.,Typography,explicit_topic_reference,0.89,True,v3_3_boundary_slice:followup_opener_explicit_shift
topic_label_v3_3_discourse_01344,"not gonna lie, ok, new question: how does Resonance work?",Osmosis,Electric Fields | Treaty of Versailles | Trigonometry | API Authentication | Correlation vs Causation | Preterite vs Imperfect | Plate Tectonics | Mitosis vs Meiosis | Osmosis | Transit Planning | Kidney Filtration | Insurance Deductible | Photosynthesis | Plea Bargains | Cellular Respiration | Passive Voice | Circuit Breakers,We were talking about Osmosis. | I got the basic idea but not the deeper part.,Resonance,explicit_topic_reference,0.89,True,v3_3_boundary_slice:followup_opener_explicit_shift
topic_label_v3_3_discourse_01345,"Cool, but the thing I actually need next is Topic Sentences.",Reading Comprehension,Budgeting | Reading Comprehension | Quadratic Functions,We were talking about Reading Comprehension. | I got the basic idea but not the deeper part.,Topic Sentences,explicit_topic_reference,0.93,True,v3_3_boundary_slice:followup_opener_explicit_shift
topic_label_v3_3_discourse_01346,"This helped, but now I want to understand Renewable Energy Grid.",Topic Sentences,Measuring Ingredients | Topic Sentences | Logarithms | Reading Comprehension,Can you help me understand Topic Sentences? | The first explanation helped a little.,Renewable Energy Grid,explicit_topic_reference,0.96,True,v3_3_boundary_slice:followup_opener_explicit_shift
topic_label_v3_3_discourse_01347,"Before we keep going, can we pivot to Quadratic Functions?",Insurance Deductible,Plea Bargains | Supply and Demand | Circuit Breakers | Insurance Deductible | Defamation | Air Pressure Systems | Reading Comprehension | Torque | Wave-Particle Duality | Dopamine | Emotional Regulation | Free Body Diagrams | Tire Pressure | OAuth Flow | Blind Spot Checks | Potential Energy | Treaty of Versailles,Can you help me understand Insurance Deductible? | The first explanation helped a little.,Quadratic Functions,explicit_topic_reference,0.95,True,v3_3_boundary_slice:followup_opener_explicit_shift
topic_label_v3_3_discourse_01348,"hmm, okay, I get that part — now I want to learn about Integrals.",Dopamine,Plea Bargains | Topic Sentences | Caching | Action Potentials | Integrals | Lifetime Value | Environment Variables | Dopamine,I want to understand dopamine. | The reward example helped but not fully.,Integrals,explicit_topic_reference,0.97,True,v3_3_boundary_slice:followup_opener_explicit_shift
topic_label_v3_3_discourse_01349,I think I am done with this example. Next I want Cold War Proxy Wars.,Tokenization,Tokenization | Dopamine | Logarithms,I asked about Tokenization before. | I do not need more facts yet; I need the shape of it.,Cold War Proxy Wars,explicit_topic_reference,0.89,True,v3_3_boundary_slice:followup_opener_explicit_shift
topic_label_v3_3_discourse_01350,"I was asking about Fractions, but now the blocker is Confirmation Bias.",Fractions,Systems of Equations | Pragmatics | Treaty of Versailles | Measuring Ingredients | Topic Sentences | Correlation vs Causation | Circuit Breakers | Food Webs | Fractions,We were talking about Fractions. | I got the basic idea but not the deeper part.,Confirmation Bias,explicit_topic_reference,0.91,True,v3_3_boundary_slice:followup_opener_explicit_shift
topic_label_v3_3_discourse_01351,"Not to derail things, but I think my real question is Confirmation Bias.",Wave-Particle Duality,Wave-Particle Duality | Confirmation Bias,I do not understand light being both a wave and a particle. | The wave example helped a little.,Confirmation Bias,explicit_topic_reference,0.90,True,v3_3_boundary_slice:followup_opener_explicit_shift
topic_label_v3_3_discourse_01352,"This may be a switch, but can you explain Action Potentials?",Regression Lines,Regression Lines,I think Regression Lines is the topic I am on. | The example made sense while I was reading it.,Action Potentials,explicit_topic_reference,0.93,True,v3_3_boundary_slice:followup_opener_explicit_shift
topic_label_v3_3_discourse_01353,"Okay, I get that part — now I want to learn about Regression Lines.",Color Contrast,Color Contrast | Blood Pressure Regulation | Regression Lines | Kidney Filtration | Potential Energy | Osmosis | Passive Voice | Circuit Breakers | Ocean Currents | Systems of Equations | Reinforcement Learning | Pragmatics | Bayes Theorem,I think Color Contrast is the topic I am on. | The example made sense while I was reading it.,Regression Lines,explicit_topic_reference,0.90,True,v3_3_boundary_slice:followup_opener_explicit_shift
topic_label_v3_3_discourse_01354,"I am mixing up Wave-Particle Duality and Trigonometry, and I do not know which topic to open.",,Wave-Particle Duality,,,unclear_topic,0.82,True,v3_3_boundary_slice:true_named_ambiguity
topic_label_v3_3_discourse_01355,"I am mixing up Entropy and Derivatives, and I do not know which topic to open.",Bayes Theorem,Bayes Theorem | Emotional Regulation | Measuring Ingredients | Entropy | Derivatives,,,unclear_topic,0.85,True,v3_3_boundary_slice:true_named_ambiguity
topic_label_v3_3_discourse_01356,It is the part between Caching and Blind Spot Checks that is confusing me.,Cloud Formation,Cloud Formation | Close Reading | Caching,We were talking about Cloud Formation. | I got the basic idea but not the deeper part.,,unclear_topic,0.75,True,v3_3_boundary_slice:true_named_ambiguity
topic_label_v3_3_discourse_01357,"This could be Normal Distribution, Electricity, or maybe something else nearby.",,Normal Distribution | Electricity,,,unclear_topic,0.84,True,v3_3_boundary_slice:true_named_ambiguity
topic_label_v3_3_discourse_01358,"Can we go back to the thing that was kind of like Resonance, but not exactly Pragmatics?",,Pragmatics,,,unclear_topic,0.75,True,v3_3_boundary_slice:true_named_ambiguity
topic_label_v3_3_discourse_01359,"I keep calling it Osmosis, but I think the real thing might be Treaty of Versailles.",,Treaty of Versailles,,,unclear_topic,0.75,True,v3_3_boundary_slice:true_named_ambiguity
topic_label_v3_3_discourse_01360,I do not know whether to ask about Action Potentials first or Close Reading first.,Treaty of Versailles,Treaty of Versailles | Gas Laws | Defamation | Transit Planning | Ocean Currents | Groundwater | Gesture Drawing,I think Treaty of Versailles is the topic I am on. | The example made sense while I was reading it.,,unclear_topic,0.86,True,v3_3_boundary_slice:true_named_ambiguity
topic_label_v3_3_discourse_01361,"I might mean Vector Search, or maybe Plea Bargains. I cannot tell what I am actually asking about.",Executive Function,Executive Function | Wave-Particle Duality | Kidney Filtration | Caching | Blood Pressure Regulation | Food Webs | Passive Voice | Vector Search | Plea Bargains,I asked about Executive Function before. | I do not need more facts yet; I need the shape of it.,,unclear_topic,0.79,True,v3_3_boundary_slice:true_named_ambiguity
topic_label_v3_3_discourse_01362,"I know it is around Dopamine and Air Pressure Systems, but I cannot name the precise topic.",,Dopamine | Air Pressure Systems,,,unclear_topic,0.75,True,v3_3_boundary_slice:true_named_ambiguity
topic_label_v3_3_discourse_01363,"Can we go back to the thing that was kind of like Close Reading, but not exactly Blood Pressure Regulation?",Integrals,Integrals | Sodium-Potassium Pump | Air Pressure Systems | Photosynthesis | Action Potentials | Blind Spot Checks | Tokenization | Trigonometry | Derivatives | Close Reading | Blood Pressure Regulation,I think Integrals is the topic I am on. | The example made sense while I was reading it.,,unclear_topic,0.84,True,v3_3_boundary_slice:true_named_ambiguity
topic_label_v3_3_discourse_01364,Maybe the issue is French Pronunciation; maybe it is Supply and Demand. I need help choosing the target.,,French Pronunciation | Supply and Demand,,,unclear_topic,0.77,True,v3_3_boundary_slice:true_named_ambiguity
topic_label_v3_3_discourse_01365,"I am mixing up Renewable Energy Grid and Civil Liberties vs Civil Rights, and I do not know which topic to open.",,Renewable Energy Grid | Civil Liberties vs Civil Rights,,,unclear_topic,0.77,True,v3_3_boundary_slice:true_named_ambiguity
topic_label_v3_3_discourse_01366,Maybe the issue is Systems of Equations; maybe it is Logical Fallacies. I need help choosing the target.,Electricity,Electricity | Gesture Drawing | Regression Lines | Free Body Diagrams,Can you explain electricity? | The charge-flow part is confusing.,,unclear_topic,0.84,True,v3_3_boundary_slice:true_named_ambiguity
topic_label_v3_3_discourse_01367,"I think this is either Confirmation Bias or Cloud Formation, but I am not sure which one is the actual blocker.",Reinforcement Learning,Reinforcement Learning | Civil Liberties vs Civil Rights | Executive Function | Sodium-Potassium Pump | Torque | Ocean Currents | French Pronunciation | Mitosis vs Meiosis | Kinetic Energy | Derivatives | OAuth Flow | Integrals | Quadratic Functions | Confirmation Bias,Can you help me understand Reinforcement Learning? | The first explanation helped a little.,,unclear_topic,0.81,True,v3_3_boundary_slice:true_named_ambiguity
topic_label_v3_3_discourse_01368,"I know it is around Osmosis and Contract Law Basics, but I cannot name the precise topic.",,Osmosis | Contract Law Basics,,,unclear_topic,0.82,True,v3_3_boundary_slice:true_named_ambiguity
topic_label_v3_3_discourse_01369,"Can we go back to the thing that was kind of like Confirmation Bias, but not exactly Cellular Respiration?",,Confirmation Bias | Cellular Respiration,,,unclear_topic,0.86,True,v3_3_boundary_slice:true_named_ambiguity
topic_label_v3_3_discourse_01370,"I am mixing up Budgeting and Cloud Formation, and I do not know which topic to open.",Systems of Equations,Systems of Equations | Close Reading | Executive Function | Cloud Formation,Can you help me understand Systems of Equations? | The first explanation helped a little.,,unclear_topic,0.86,True,v3_3_boundary_slice:true_named_ambiguity
topic_label_v3_3_discourse_01371,"I am mixing up Tokenization and Renewable Energy Grid, and I do not know which topic to open.",,Tokenization | Renewable Energy Grid,,,unclear_topic,0.86,True,v3_3_boundary_slice:true_named_ambiguity
topic_label_v3_3_discourse_01372,Maybe the issue is Gas Laws; maybe it is Budgeting. I need help choosing the target.,Bayes Theorem,Bayes Theorem | Pragmatics | Correlation vs Causation | Trigonometry | Circuit Breakers | Cloud Formation | Logarithms | Carbon Cycle | Free Body Diagrams | Confirmation Bias | Ocean Currents | Groundwater | Osmosis | Torque | Vector Search | Sodium-Potassium Pump | Normal Distribution | Budgeting,We were talking about Bayes Theorem. | I got the basic idea but not the deeper part.,,unclear_topic,0.74,True,v3_3_boundary_slice:true_named_ambiguity
topic_label_v3_3_discourse_01373,"I keep calling it Groundwater, but I think the real thing might be Correlation vs Causation.",,Groundwater,,,unclear_topic,0.80,True,v3_3_boundary_slice:true_named_ambiguity
topic_label_v3_3_discourse_01374,"I think this is either Tire Pressure or Electricity, but I am not sure which one is the actual blocker.",,Tire Pressure | Electricity,,,unclear_topic,0.83,True,v3_3_boundary_slice:true_named_ambiguity
topic_label_v3_3_discourse_01375,Maybe the issue is Food Webs; maybe it is Action Potentials. I need help choosing the target.,,Food Webs | Action Potentials,,,unclear_topic,0.80,True,v3_3_boundary_slice:true_named_ambiguity
topic_label_v3_3_discourse_01376,"I know it is around Blood Pressure Regulation and Supply and Demand, but I cannot name the precise topic.",,Blood Pressure Regulation | Supply and Demand,,,unclear_topic,0.86,True,v3_3_boundary_slice:true_named_ambiguity
topic_label_v3_3_discourse_01377,"I might mean Quadratic Functions, or maybe Cellular Respiration. I cannot tell what I am actually asking about.",,Quadratic Functions,,,unclear_topic,0.87,True,v3_3_boundary_slice:true_named_ambiguity
topic_label_v3_3_discourse_01378,"Can we go back to the thing that was kind of like Reinforcement Learning, but not exactly Food Webs?",,Reinforcement Learning,,,unclear_topic,0.82,True,v3_3_boundary_slice:true_named_ambiguity
topic_label_v3_3_discourse_01379,It is the part between Regression Lines and Cellular Respiration that is confusing me.,,Regression Lines | Cellular Respiration,,,unclear_topic,0.77,True,v3_3_boundary_slice:true_named_ambiguity
topic_label_v3_3_discourse_01380,"I am mixing up Resonance and Groundwater, and I do not know which topic to open.",Gas Laws,Gas Laws | Vector Search | Groundwater,I think Gas Laws is the topic I am on. | The example made sense while I was reading it.,,unclear_topic,0.86,True,v3_3_boundary_slice:true_named_ambiguity
topic_label_v3_3_discourse_01381,I do not know whether to ask about Preterite vs Imperfect first or Correlation vs Causation first.,,Preterite vs Imperfect,,,unclear_topic,0.81,True,v3_3_boundary_slice:true_named_ambiguity
topic_label_v3_3_discourse_01382,"I think this is either Circuit Breakers or Photosynthesis, but I am not sure which one is the actual blocker.",Event Loop,Event Loop | Action Potentials | Torque | Tokenization | Regression Lines | Pragmatics | Budgeting | Potential Energy | Topic Sentences | Circuit Breakers,I think Event Loop is the topic I am on. | The example made sense while I was reading it.,,unclear_topic,0.79,True,v3_3_boundary_slice:true_named_ambiguity
topic_label_v3_3_discourse_01383,"I keep calling it Contract Law Basics, but I think the real thing might be Entropy.",,,,,unclear_topic,0.86,True,v3_3_boundary_slice:true_named_ambiguity
topic_label_v3_3_discourse_01384,"I keep calling it Osmosis, but I think the real thing might be Potential Energy.",Pragmatics,Pragmatics | Gas Laws | Osmosis,I think Pragmatics is the topic I am on. | The example made sense while I was reading it.,,unclear_topic,0.85,True,v3_3_boundary_slice:true_named_ambiguity
topic_label_v3_3_discourse_01385,"I think this is either Kidney Filtration or Event Loop, but I am not sure which one is the actual blocker.",Air Pressure Systems,Air Pressure Systems | Transit Planning | Resonance | Kidney Filtration | Event Loop,We were talking about Air Pressure Systems. | I got the basic idea but not the deeper part.,,unclear_topic,0.84,True,v3_3_boundary_slice:true_named_ambiguity
topic_label_v3_3_discourse_01386,"Can we go back to the thing that was kind of like Tokenization, but not exactly Treaty of Versailles?",Torque,Torque | Air Pressure Systems | Logical Fallacies | Tokenization,I think Torque is the topic I am on. | The example made sense while I was reading it.,,unclear_topic,0.79,True,v3_3_boundary_slice:true_named_ambiguity
topic_label_v3_3_discourse_01387,It is the part between Wave-Particle Duality and Measuring Ingredients that is confusing me.,French Pronunciation,French Pronunciation | Close Reading | Environment Variables | Potential Energy | Gesture Drawing | Food Webs | Caching | Emotional Regulation | Entropy,I think French Pronunciation is the topic I am on. | The example made sense while I was reading it.,,unclear_topic,0.75,True,v3_3_boundary_slice:true_named_ambiguity
topic_label_v3_3_discourse_01388,"I know it is around Electric Fields and Caching, but I cannot name the precise topic.",Fractions,Fractions | Sodium-Potassium Pump | Regression Lines | Close Reading | Electric Fields | Caching,I think Fractions is the topic I am on. | The example made sense while I was reading it.,,unclear_topic,0.76,True,v3_3_boundary_slice:true_named_ambiguity
topic_label_v3_3_discourse_01389,"I think this is either Topic Sentences or Osmosis, but I am not sure which one is the actual blocker.",,Topic Sentences,,,unclear_topic,0.86,True,v3_3_boundary_slice:true_named_ambiguity
topic_label_v3_3_discourse_01390,"I know it is around Pragmatics and Wave-Particle Duality, but I cannot name the precise topic.",Cloud Formation,Cloud Formation | Close Reading | Systems of Equations | Regression Lines | Pragmatics,I think Cloud Formation is the topic I am on. | The example made sense while I was reading it.,,unclear_topic,0.85,True,v3_3_boundary_slice:true_named_ambiguity
topic_label_v3_3_discourse_01391,It is the part between Entropy and Vector Search that is confusing me.,Sodium-Potassium Pump,Sodium-Potassium Pump | Insurance Deductible | Electric Fields | Preterite vs Imperfect | Bayes Theorem | Potential Energy | Blind Spot Checks | Correlation vs Causation | Color Contrast | Kinetic Energy | Cloud Formation | Pragmatics | Photosynthesis | Budgeting | Air Pressure Systems | Measuring Ingredients | Confirmation Bias | Reinforcement Learning | Supply and Demand | Food Webs | Derivatives | Treaty of Versailles | Gesture Drawing | Circuit Breakers | Lifetime Value | Entropy,I asked about Sodium-Potassium Pump before. | I do not need more facts yet; I need the shape of it.,,unclear_topic,0.85,True,v3_3_boundary_slice:true_named_ambiguity
topic_label_v3_3_discourse_01392,"I am mixing up Osmosis and Regression Lines, and I do not know which topic to open.",,Regression Lines,,,unclear_topic,0.83,True,v3_3_boundary_slice:true_named_ambiguity
topic_label_v3_3_discourse_01393,Maybe the issue is Gesture Drawing; maybe it is Food Webs. I need help choosing the target.,,Food Webs,,,unclear_topic,0.74,True,v3_3_boundary_slice:true_named_ambiguity
topic_label_v3_3_discourse_01394,"I keep calling it Action Potentials, but I think the real thing might be Executive Function.",,Action Potentials | Executive Function,,,unclear_topic,0.77,True,v3_3_boundary_slice:true_named_ambiguity
topic_label_v3_3_discourse_01395,"I keep calling it Defamation, but I think the real thing might be Executive Function.",,Defamation | Executive Function,,,unclear_topic,0.86,True,v3_3_boundary_slice:true_named_ambiguity
topic_label_v3_3_discourse_01396,I do not know whether to ask about Action Potentials first or Gesture Drawing first.,,Action Potentials | Gesture Drawing,,,unclear_topic,0.86,True,v3_3_boundary_slice:true_named_ambiguity
topic_label_v3_3_discourse_01397,"This could be Tire Pressure, Event Loop, or maybe something else nearby.",Carbon Cycle,Carbon Cycle | Wave-Particle Duality | Tire Pressure | Event Loop,We were talking about Carbon Cycle. | I got the basic idea but not the deeper part.,,unclear_topic,0.83,True,v3_3_boundary_slice:true_named_ambiguity
topic_label_v3_3_discourse_01398,"I know it is around Cloud Formation and Preterite vs Imperfect, but I cannot name the precise topic.",Air Pressure Systems,Air Pressure Systems | Transit Planning | Tire Pressure | Photosynthesis | Entropy | Action Potentials | Supply and Demand | Inflation | Food Webs | Cloud Formation,I think Air Pressure Systems is the topic I am on. | The example made sense while I was reading it.,,unclear_topic,0.75,True,v3_3_boundary_slice:true_named_ambiguity
topic_label_v3_3_discourse_01399,"I am mixing up Electricity and Kinetic Energy, and I do not know which topic to open.",,Electricity | Kinetic Energy,,,unclear_topic,0.78,True,v3_3_boundary_slice:true_named_ambiguity
topic_label_v3_3_discourse_01400,I do not know whether to ask about Logical Fallacies first or Potential Energy first.,Plea Bargains,Plea Bargains | Photosynthesis | Caching | Emotional Regulation | Logical Fallacies | Potential Energy,We were talking about Plea Bargains. | I got the basic idea but not the deeper part.,,unclear_topic,0.80,True,v3_3_boundary_slice:true_named_ambiguity
topic_label_v3_3_discourse_01401,"I am mixing up Sodium-Potassium Pump and Renewable Energy Grid, and I do not know which topic to open.",,Sodium-Potassium Pump,,,unclear_topic,0.78,True,v3_3_boundary_slice:true_named_ambiguity
topic_label_v3_3_discourse_01402,I do not know whether to ask about Vector Search first or Kinetic Energy first.,,Vector Search,,,unclear_topic,0.79,True,v3_3_boundary_slice:true_named_ambiguity
topic_label_v3_3_discourse_01403,It is the part between Pragmatics and Fractions that is confusing me.,,Pragmatics,,,unclear_topic,0.82,True,v3_3_boundary_slice:true_named_ambiguity
topic_label_v3_3_discourse_01404,I do not know whether to ask about Circuit Breakers first or Emotional Regulation first.,Executive Function,Executive Function | Kidney Filtration | Circuit Breakers,We were talking about Executive Function. | I got the basic idea but not the deeper part.,,unclear_topic,0.86,True,v3_3_boundary_slice:true_named_ambiguity
topic_label_v3_3_discourse_01405,"I keep calling it Resonance, but I think the real thing might be Fractions.",,Fractions,,,unclear_topic,0.77,True,v3_3_boundary_slice:true_named_ambiguity
topic_label_v3_3_discourse_01406,"I know it is around Photosynthesis and Integrals, but I cannot name the precise topic.",,,,,unclear_topic,0.81,True,v3_3_boundary_slice:true_named_ambiguity
topic_label_v3_3_discourse_01407,Maybe the issue is Gas Laws; maybe it is Logarithms. I need help choosing the target.,Transit Planning,Transit Planning | Groundwater | Plate Tectonics | Air Pressure Systems | Free Body Diagrams | Measuring Ingredients | Renewable Energy Grid | Torque | Gesture Drawing | Topic Sentences | Trigonometry | Executive Function | Carbon Cycle | Cloud Formation | OAuth Flow | Logical Fallacies | Osmosis,We were talking about Transit Planning. | I got the basic idea but not the deeper part.,,unclear_topic,0.78,True,v3_3_boundary_slice:true_named_ambiguity
topic_label_v3_3_discourse_01408,I do not know whether to ask about Renewable Energy Grid first or Lifetime Value first.,Circuit Breakers,Circuit Breakers | Entropy | Renewable Energy Grid | Lifetime Value,I asked about Circuit Breakers before. | I do not need more facts yet; I need the shape of it.,,unclear_topic,0.86,True,v3_3_boundary_slice:true_named_ambiguity
topic_label_v3_3_discourse_01409,It is the part between Measuring Ingredients and Osmosis that is confusing me.,,Measuring Ingredients,,,unclear_topic,0.80,True,v3_3_boundary_slice:true_named_ambiguity
topic_label_v3_3_discourse_01410,"I might mean Pragmatics, or maybe Air Pressure Systems. I cannot tell what I am actually asking about.",,,,,unclear_topic,0.78,True,v3_3_boundary_slice:true_named_ambiguity
topic_label_v3_3_discourse_01411,"I keep calling it OAuth Flow, but I think the real thing might be Plate Tectonics.",Torque,Torque | Potential Energy | Plate Tectonics,,,unclear_topic,0.75,True,v3_3_boundary_slice:true_named_ambiguity
topic_label_v3_3_discourse_01412,"Can we go back to the thing that was kind of like Passive Voice, but not exactly Circuit Breakers?",Blind Spot Checks,Blind Spot Checks | Entropy | Civil Liberties vs Civil Rights | Reinforcement Learning | Electricity | Tokenization | Fractions | Dopamine | Potential Energy | Insurance Deductible | Systems of Equations | Pragmatics | Photosynthesis | Preterite vs Imperfect | Supply and Demand | Carbon Cycle | Kidney Filtration | Electric Fields | Close Reading | Regression Lines | Lifetime Value | Action Potentials | Food Webs | Cellular Respiration | Environment Variables | Passive Voice | Circuit Breakers,Can you help me understand Blind Spot Checks? | The first explanation helped a little.,,unclear_topic,0.74,True,v3_3_boundary_slice:true_named_ambiguity
topic_label_v3_3_discourse_01413,"I know it is around API Authentication and Insurance Deductible, but I cannot name the precise topic.",Kinetic Energy,Kinetic Energy | Defamation | Transit Planning | Cold War Proxy Wars | Free Body Diagrams | Budgeting | Normal Distribution | Tire Pressure | Potential Energy | API Authentication | Insurance Deductible,I think Kinetic Energy is the topic I am on. | The example made sense while I was reading it.,,unclear_topic,0.76,True,v3_3_boundary_slice:true_named_ambiguity
topic_label_v3_3_discourse_01414,"This could be Circuit Breakers, Food Webs, or maybe something else nearby.",,Circuit Breakers | Food Webs,,,unclear_topic,0.75,True,v3_3_boundary_slice:true_named_ambiguity
topic_label_v3_3_discourse_01415,It is the part between Derivatives and Carbon Cycle that is confusing me.,,Derivatives,,,unclear_topic,0.84,True,v3_3_boundary_slice:true_named_ambiguity
topic_label_v3_3_discourse_01416,I do not know whether to ask about Electric Fields first or Circuit Breakers first.,Sodium-Potassium Pump,Sodium-Potassium Pump | Emotional Regulation | Caching | Reading Comprehension | Electric Fields,We were talking about Sodium-Potassium Pump. | I got the basic idea but not the deeper part.,,unclear_topic,0.81,True,v3_3_boundary_slice:true_named_ambiguity
topic_label_v3_3_discourse_01417,"I am mixing up Event Loop and Treaty of Versailles, and I do not know which topic to open.",Defamation,Defamation | Torque | Electric Fields | Event Loop | Treaty of Versailles,We were talking about Defamation. | I got the basic idea but not the deeper part.,,unclear_topic,0.77,True,v3_3_boundary_slice:true_named_ambiguity
topic_label_v3_3_discourse_01418,"This could be Resonance, Executive Function, or maybe something else nearby.",,Executive Function,,,unclear_topic,0.77,True,v3_3_boundary_slice:true_named_ambiguity
topic_label_v3_3_discourse_01419,"I keep calling it Budgeting, but I think the real thing might be Gesture Drawing.",,Budgeting | Gesture Drawing,,,unclear_topic,0.85,True,v3_3_boundary_slice:true_named_ambiguity
topic_label_v3_3_discourse_01420,Maybe the issue is Lifetime Value; maybe it is Transit Planning. I need help choosing the target.,Free Body Diagrams,Free Body Diagrams | Ocean Currents | Transit Planning,Can you help me understand Free Body Diagrams? | The first explanation helped a little.,,unclear_topic,0.86,True,v3_3_boundary_slice:true_named_ambiguity
topic_label_v3_3_discourse_01421,"I think this is either Food Webs or Wave-Particle Duality, but I am not sure which one is the actual blocker.",Ocean Currents,Ocean Currents | Action Potentials | Caching | OAuth Flow | Electricity | Groundwater | Typography,,,unclear_topic,0.74,True,v3_3_boundary_slice:true_named_ambiguity
topic_label_v3_3_discourse_01422,It is the part between Tire Pressure and Color Contrast that is confusing me.,Treaty of Versailles,Treaty of Versailles | Action Potentials | Budgeting | Normal Distribution | Tire Pressure | Color Contrast,Can you help me understand Treaty of Versailles? | The first explanation helped a little.,,unclear_topic,0.81,True,v3_3_boundary_slice:true_named_ambiguity
topic_label_v3_3_discourse_01423,"This could be Kinetic Energy, Photosynthesis, or maybe something else nearby.",,,,,unclear_topic,0.77,True,v3_3_boundary_slice:true_named_ambiguity
topic_label_v3_3_discourse_01424,It is the part between Logical Fallacies and Dopamine that is confusing me.,Free Body Diagrams,Free Body Diagrams | Budgeting | Food Webs | Ocean Currents | Logarithms | Circuit Breakers | Contract Law Basics | Quadratic Functions | Emotional Regulation | Logical Fallacies,We were talking about Free Body Diagrams. | I got the basic idea but not the deeper part.,,unclear_topic,0.84,True,v3_3_boundary_slice:true_named_ambiguity
topic_label_v3_3_discourse_01425,It is the part between Air Pressure Systems and Mitosis vs Meiosis that is confusing me.,Kinetic Energy,Kinetic Energy | Tokenization | Integrals | Tire Pressure | Insurance Deductible | Derivatives | Trigonometry | Mitosis vs Meiosis,I asked about Kinetic Energy before. | I do not need more facts yet; I need the shape of it.,,unclear_topic,0.86,True,v3_3_boundary_slice:true_named_ambiguity
topic_label_v3_3_discourse_01426,"I keep calling it Integrals, but I think the real thing might be Plea Bargains.",,Integrals | Plea Bargains,,,unclear_topic,0.83,True,v3_3_boundary_slice:true_named_ambiguity
topic_label_v3_3_discourse_01427,It is the part between French Pronunciation and Bayes Theorem that is confusing me.,,Bayes Theorem,,,unclear_topic,0.87,True,v3_3_boundary_slice:true_named_ambiguity
topic_label_v3_3_discourse_01428,"I am mixing up Passive Voice and Normal Distribution, and I do not know which topic to open.",,Normal Distribution,,,unclear_topic,0.79,True,v3_3_boundary_slice:true_named_ambiguity
topic_label_v3_3_discourse_01429,"Can we go back to the thing that was kind of like Resonance, but not exactly Cold War Proxy Wars?",,Cold War Proxy Wars,,,unclear_topic,0.86,True,v3_3_boundary_slice:true_named_ambiguity
topic_label_v3_3_discourse_01430,"This could be Blind Spot Checks, Reinforcement Learning, or maybe something else nearby.",Close Reading,Close Reading | Inflation | Blind Spot Checks,I think Close Reading is the topic I am on. | The example made sense while I was reading it.,,unclear_topic,0.79,True,v3_3_boundary_slice:true_named_ambiguity
topic_label_v3_3_discourse_01431,"I keep calling it Topic Sentences, but I think the real thing might be Kinetic Energy.",Logical Fallacies,Logical Fallacies | Plate Tectonics | Logarithms | API Authentication | Measuring Ingredients | Dopamine | Close Reading | Bayes Theorem | Osmosis | Topic Sentences,I think Logical Fallacies is the topic I am on. | The example made sense while I was reading it.,,unclear_topic,0.82,True,v3_3_boundary_slice:true_named_ambiguity
topic_label_v3_3_discourse_01432,"I am mixing up Reading Comprehension and Supply and Demand, and I do not know which topic to open.",,Reading Comprehension | Supply and Demand,,,unclear_topic,0.87,True,v3_3_boundary_slice:true_named_ambiguity
topic_label_v3_3_discourse_01433,Maybe the issue is Tire Pressure; maybe it is Logical Fallacies. I need help choosing the target.,Potential Energy,Potential Energy | Emotional Regulation | Regression Lines | Carbon Cycle | Vector Search | Blood Pressure Regulation | Bayes Theorem | Mitosis vs Meiosis | Contract Law Basics | French Pronunciation | Lifetime Value | Renewable Energy Grid | Logical Fallacies,I asked about Potential Energy before. | I do not need more facts yet; I need the shape of it.,,unclear_topic,0.84,True,v3_3_boundary_slice:true_named_ambiguity
topic_label_v3_3_discourse_01434,"I keep calling it Cellular Respiration, but I think the real thing might be Executive Function.",,Executive Function,,,unclear_topic,0.84,True,v3_3_boundary_slice:true_named_ambiguity
topic_label_v3_3_discourse_01435,"I think this is either Transit Planning or Groundwater, but I am not sure which one is the actual blocker.",,Transit Planning | Groundwater,,,unclear_topic,0.80,True,v3_3_boundary_slice:true_named_ambiguity
topic_label_v3_3_discourse_01436,"I keep calling it Treaty of Versailles, but I think the real thing might be Blood Pressure Regulation.",,Blood Pressure Regulation,,,unclear_topic,0.86,True,v3_3_boundary_slice:true_named_ambiguity
topic_label_v3_3_discourse_01437,"I am mixing up Photosynthesis and Civil Liberties vs Civil Rights, and I do not know which topic to open.",,Photosynthesis | Civil Liberties vs Civil Rights,,,unclear_topic,0.81,True,v3_3_boundary_slice:true_named_ambiguity
topic_label_v3_3_discourse_01438,It is the part between Civil Liberties vs Civil Rights and Reading Comprehension that is confusing me.,,,,,unclear_topic,0.77,True,v3_3_boundary_slice:true_named_ambiguity
topic_label_v3_3_discourse_01439,"I think this is either Blind Spot Checks or Bayes Theorem, but I am not sure which one is the actual blocker.",,Blind Spot Checks | Bayes Theorem,,,unclear_topic,0.83,True,v3_3_boundary_slice:true_named_ambiguity
topic_label_v3_3_discourse_01440,"I am mixing up Logarithms and Gas Laws, and I do not know which topic to open.",,Logarithms,,,unclear_topic,0.75,True,v3_3_boundary_slice:true_named_ambiguity
topic_label_v3_3_discourse_01441,"I am mixing up Defamation and Caching, and I do not know which topic to open.",Food Webs,Food Webs | Emotional Regulation | Electric Fields | Caching,I think Food Webs is the topic I am on. | The example made sense while I was reading it.,,unclear_topic,0.88,True,v3_3_boundary_slice:true_named_ambiguity
topic_label_v3_3_discourse_01442,I do not know whether to ask about Transit Planning first or Photosynthesis first.,,Transit Planning | Photosynthesis,,,unclear_topic,0.84,True,v3_3_boundary_slice:true_named_ambiguity
topic_label_v3_3_discourse_01443,"This could be Executive Function, Photosynthesis, or maybe something else nearby.",,Executive Function,,,unclear_topic,0.82,True,v3_3_boundary_slice:true_named_ambiguity
topic_label_v3_3_discourse_01444,I do not know whether to ask about Logical Fallacies first or Gas Laws first.,Typography,Typography | Wave-Particle Duality | Dopamine | Air Pressure Systems | Logarithms | Vector Search | French Pronunciation | Electric Fields | Fractions | Food Webs | Topic Sentences | Ocean Currents | Renewable Energy Grid,I think Typography is the topic I am on. | The example made sense while I was reading it.,,unclear_topic,0.79,True,v3_3_boundary_slice:true_named_ambiguity
topic_label_v3_3_discourse_01445,"I know it is around Circuit Breakers and Topic Sentences, but I cannot name the precise topic.",Passive Voice,Passive Voice | Close Reading | Cold War Proxy Wars | Confirmation Bias | Reading Comprehension | Fractions | Measuring Ingredients | Dopamine | Kinetic Energy | Circuit Breakers | Topic Sentences,I asked about Passive Voice before. | I do not need more facts yet; I need the shape of it.,,unclear_topic,0.82,True,v3_3_boundary_slice:true_named_ambiguity
topic_label_v3_3_discourse_01446,"I know it is around Regression Lines and Logical Fallacies, but I cannot name the precise topic.",Cellular Respiration,Cellular Respiration | OAuth Flow | Regression Lines | Logical Fallacies,Can you help me understand Cellular Respiration? | The first explanation helped a little.,,unclear_topic,0.87,True,v3_3_boundary_slice:true_named_ambiguity
topic_label_v3_3_discourse_01447,It is the part between Mitosis vs Meiosis and Insurance Deductible that is confusing me.,Reading Comprehension,Reading Comprehension | Resonance | OAuth Flow | Sodium-Potassium Pump,We were talking about Reading Comprehension. | I got the basic idea but not the deeper part.,,unclear_topic,0.77,True,v3_3_boundary_slice:true_named_ambiguity
topic_label_v3_3_discourse_01448,I do not know whether to ask about Budgeting first or Treaty of Versailles first.,Executive Function,Executive Function | French Pronunciation | Inflation | Normal Distribution | Resonance | Gas Laws | Renewable Energy Grid | Budgeting,Can you help me understand Executive Function? | The first explanation helped a little.,,unclear_topic,0.82,True,v3_3_boundary_slice:true_named_ambiguity
topic_label_v3_3_discourse_01449,"I might mean Civil Liberties vs Civil Rights, or maybe Plate Tectonics. I cannot tell what I am actually asking about.",Torque,Torque | Preterite vs Imperfect | Electricity | Budgeting | Civil Liberties vs Civil Rights,I asked about Torque before. | I do not need more facts yet; I need the shape of it.,,unclear_topic,0.79,True,v3_3_boundary_slice:true_named_ambiguity
topic_label_v3_3_discourse_01450,It is the part between Torque and Confirmation Bias that is confusing me.,Potential Energy,Potential Energy | Color Contrast | Carbon Cycle | Typography | Free Body Diagrams | Trigonometry | Action Potentials | Vector Search | Passive Voice | Budgeting | Food Webs | OAuth Flow | Contract Law Basics | API Authentication | Cloud Formation | Kinetic Energy | Reinforcement Learning | Confirmation Bias,I think Potential Energy is the topic I am on. | The example made sense while I was reading it.,,unclear_topic,0.86,True,v3_3_boundary_slice:true_named_ambiguity
topic_label_v3_3_discourse_01451,It is the part between Fractions and Gas Laws that is confusing me.,,Gas Laws,,,unclear_topic,0.80,True,v3_3_boundary_slice:true_named_ambiguity
topic_label_v3_3_discourse_01452,It is the part between Measuring Ingredients and Inflation that is confusing me.,,Measuring Ingredients | Inflation,,,unclear_topic,0.76,True,v3_3_boundary_slice:true_named_ambiguity
topic_label_v3_3_discourse_01453,"I think this is either Emotional Regulation or Bayes Theorem, but I am not sure which one is the actual blocker.",,,,,unclear_topic,0.83,True,v3_3_boundary_slice:true_named_ambiguity
topic_label_v3_3_discourse_01454,"Before anything else, i need a starting point, but I do not know the area.",,,,,no_topic,0.84,True,v3_3_boundary_slice:cold_start_no_concrete_topic
topic_label_v3_3_discourse_01455,"I am sorry, can you help me figure out what I should ask?",,,,,no_topic,0.83,True,v3_3_boundary_slice:cold_start_no_concrete_topic
topic_label_v3_3_discourse_01456,"This is messy, but i opened this because I need help, but I do not know with what.",,,,,no_topic,0.83,True,v3_3_boundary_slice:cold_start_no_concrete_topic
topic_label_v3_3_discourse_01457,There is no specific topic yet; I am just trying to orient myself.,,,,,no_topic,0.90,True,v3_3_boundary_slice:cold_start_no_concrete_topic
topic_label_v3_3_discourse_01458,"I opened this because I need help, but I do not know with what.",,,,,no_topic,0.87,True,v3_3_boundary_slice:cold_start_no_concrete_topic
topic_label_v3_3_discourse_01459,I am not ready to pick a topic yet.,,,,,no_topic,0.91,True,v3_3_boundary_slice:cold_start_no_concrete_topic
topic_label_v3_3_discourse_01460,"Right now, everything feels fuzzy right now.",,,,,no_topic,0.80,True,v3_3_boundary_slice:cold_start_no_concrete_topic
topic_label_v3_3_discourse_01461,"This is messy, but there is no specific topic yet; I am just trying to orient myself.",,,,,no_topic,0.80,True,v3_3_boundary_slice:cold_start_no_concrete_topic
topic_label_v3_3_discourse_01462,There is no specific topic yet; I am just trying to orient myself.,,,,,no_topic,0.85,True,v3_3_boundary_slice:cold_start_no_concrete_topic
topic_label_v3_3_discourse_01463,"Honestly, can we just figure out what I mean first?",,,,,no_topic,0.85,True,v3_3_boundary_slice:cold_start_no_concrete_topic
topic_label_v3_3_discourse_01464,"I think I need help learning, but I cannot name the thing.",,,,,no_topic,0.90,True,v3_3_boundary_slice:cold_start_no_concrete_topic
topic_label_v3_3_discourse_01465,"I need a starting point, but I do not know the area.",,,,,no_topic,0.88,True,v3_3_boundary_slice:cold_start_no_concrete_topic
topic_label_v3_3_discourse_01466,"I need a starting point, but I do not know the area.",,,,,no_topic,0.85,True,v3_3_boundary_slice:cold_start_no_concrete_topic
topic_label_v3_3_discourse_01467,"I think I need help learning, but I cannot name the thing.",,,,,no_topic,0.83,True,v3_3_boundary_slice:cold_start_no_concrete_topic
topic_label_v3_3_discourse_01468,"Before anything else, i am not ready to pick a topic yet.",,,,,no_topic,0.83,True,v3_3_boundary_slice:cold_start_no_concrete_topic
topic_label_v3_3_discourse_01469,"I am sorry, i do not even know what I want to learn yet.",,,,,no_topic,0.84,True,v3_3_boundary_slice:cold_start_no_concrete_topic
topic_label_v3_3_discourse_01470,I am just stuck and cannot name the topic.,,,,,no_topic,0.84,True,v3_3_boundary_slice:cold_start_no_concrete_topic
topic_label_v3_3_discourse_01471,My brain is blank right now.,,,,,no_topic,0.86,True,v3_3_boundary_slice:cold_start_no_concrete_topic
topic_label_v3_3_discourse_01472,There is no specific topic yet; I am just trying to orient myself.,,,,,no_topic,0.86,True,v3_3_boundary_slice:cold_start_no_concrete_topic
topic_label_v3_3_discourse_01473,"Right now, everything feels fuzzy right now.",,,,,no_topic,0.87,True,v3_3_boundary_slice:cold_start_no_concrete_topic
topic_label_v3_3_discourse_01474,"Right now, i do not know where the confusion is coming from.",,,,,no_topic,0.80,True,v3_3_boundary_slice:cold_start_no_concrete_topic
topic_label_v3_3_discourse_01475,"I am sorry, i do not know where the confusion is coming from.",,,,,no_topic,0.91,True,v3_3_boundary_slice:cold_start_no_concrete_topic
topic_label_v3_3_discourse_01476,"This is messy, but i have a vague problem but no clear subject.",,,,,no_topic,0.90,True,v3_3_boundary_slice:cold_start_no_concrete_topic
topic_label_v3_3_discourse_01477,Can you help me figure out what I should ask?,,,,,no_topic,0.82,True,v3_3_boundary_slice:cold_start_no_concrete_topic
topic_label_v3_3_discourse_01478,"Something is not clicking, but I do not have words for it.",,,,,no_topic,0.88,True,v3_3_boundary_slice:cold_start_no_concrete_topic
topic_label_v3_3_discourse_01479,Can you help me figure out what I should ask?,,,,,no_topic,0.93,True,v3_3_boundary_slice:cold_start_no_concrete_topic
topic_label_v3_3_discourse_01480,"I think I need help learning, but I cannot name the thing.",,,,,no_topic,0.93,True,v3_3_boundary_slice:cold_start_no_concrete_topic
topic_label_v3_3_discourse_01481,Can we just figure out what I mean first?,,,,,no_topic,0.92,True,v3_3_boundary_slice:cold_start_no_concrete_topic
topic_label_v3_3_discourse_01482,I am overwhelmed and cannot separate the pieces.,,,,,no_topic,0.87,True,v3_3_boundary_slice:cold_start_no_concrete_topic
topic_label_v3_3_discourse_01483,I do not even know what I want to learn yet.,,,,,no_topic,0.87,True,v3_3_boundary_slice:cold_start_no_concrete_topic
topic_label_v3_3_discourse_01484,Everything feels fuzzy right now.,,,,,no_topic,0.83,True,v3_3_boundary_slice:cold_start_no_concrete_topic
topic_label_v3_3_discourse_01485,"Before anything else, can you help me figure out what I should ask?",,,,,no_topic,0.81,True,v3_3_boundary_slice:cold_start_no_concrete_topic
topic_label_v3_3_discourse_01486,"Before anything else, can you help me figure out what I should ask?",,,,,no_topic,0.87,True,v3_3_boundary_slice:cold_start_no_concrete_topic
topic_label_v3_3_discourse_01487,I do not even know what I want to learn yet.,,,,,no_topic,0.86,True,v3_3_boundary_slice:cold_start_no_concrete_topic
topic_label_v3_3_discourse_01488,I am just stuck and cannot name the topic.,,,,,no_topic,0.89,True,v3_3_boundary_slice:cold_start_no_concrete_topic
topic_label_v3_3_discourse_01489,"Right now, i am just stuck and cannot name the topic.",,,,,no_topic,0.81,True,v3_3_boundary_slice:cold_start_no_concrete_topic
topic_label_v3_3_discourse_01490,My brain is blank right now.,,,,,no_topic,0.88,True,v3_3_boundary_slice:cold_start_no_concrete_topic
topic_label_v3_3_discourse_01491,Everything feels fuzzy right now.,,,,,no_topic,0.82,True,v3_3_boundary_slice:cold_start_no_concrete_topic
topic_label_v3_3_discourse_01492,I am not ready to pick a topic yet.,,,,,no_topic,0.86,True,v3_3_boundary_slice:cold_start_no_concrete_topic
topic_label_v3_3_discourse_01493,"This is messy, but i am overwhelmed and cannot separate the pieces.",,,,,no_topic,0.84,True,v3_3_boundary_slice:cold_start_no_concrete_topic
topic_label_v3_3_discourse_01494,"Honestly, my brain is blank right now.",,,,,no_topic,0.87,True,v3_3_boundary_slice:cold_start_no_concrete_topic
topic_label_v3_3_discourse_01495,I do not know where the confusion is coming from.,,,,,no_topic,0.89,True,v3_3_boundary_slice:cold_start_no_concrete_topic
topic_label_v3_3_discourse_01496,"I am sorry, i think I need help learning, but I cannot name the thing.",,,,,no_topic,0.90,True,v3_3_boundary_slice:cold_start_no_concrete_topic
topic_label_v3_3_discourse_01497,My brain is blank right now.,,,,,no_topic,0.85,True,v3_3_boundary_slice:cold_start_no_concrete_topic
topic_label_v3_3_discourse_01498,Can you help me figure out what I should ask?,,,,,no_topic,0.88,True,v3_3_boundary_slice:cold_start_no_concrete_topic
topic_label_v3_3_discourse_01499,I have a vague problem but no clear subject.,,,,,no_topic,0.92,True,v3_3_boundary_slice:cold_start_no_concrete_topic
topic_label_v3_3_discourse_01500,"This is messy, but i am not ready to pick a topic yet.",,,,,no_topic,0.81,True,v3_3_boundary_slice:cold_start_no_concrete_topic
topic_label_v3_3_discourse_01501,I do not know where the confusion is coming from.,,,,,no_topic,0.80,True,v3_3_boundary_slice:cold_start_no_concrete_topic
topic_label_v3_3_discourse_01502,"I think I need help learning, but I cannot name the thing.",,,,,no_topic,0.86,True,v3_3_boundary_slice:cold_start_no_concrete_topic
topic_label_v3_3_discourse_01503,"This is messy, but i have a vague problem but no clear subject.",,,,,no_topic,0.81,True,v3_3_boundary_slice:cold_start_no_concrete_topic
